label,text
negative,"Lebih-lebih lagi dengan  kemudahan internet dan laman sosial, taktik ini semakin mudah dikembangkan."
positive,boleh memberi teguran kepada parti tetapi perlu ikut cara yang betul
negative,Adalah membingungkan mengapa masyarakat Cina bersorak gembira apabila Mahathir menyertai gabungan pakatan pembangkang
positive,Kami menurunkan defisit daripada 6.7 peratus pada tahun 2009 kepada tiga peratus pada tahun lalu
negative,"Ini masalahnya. Bukan rakyat, tetapi sistem"
positive,Masyarakat Cina dapat melihat bagaimana perancangan kerajaan di bawah pimpinan perdana menteri merangka pembangunan dan berjaya melaksanakannya dan mereka juga dapat melihat bagaimana pembangkang tidak dapat melaksanakan janji-janji yang pernah dibuat sebelum ini.
positive,"Tetapi penyelenggaraan ini ada skop tertentu yang perlu mendapat kelulusan Kementerian Kewangan dan ia merangkumi pembaikan kecil seperti bumbung, tandas, paip dan kerja-kerja elektrikal sahaja"
positive,"Jika memilih untuk tidak dikritik, duduk saja di rumah dan jangan terlibat"
negative,Ini membawa erti haram juga untuk sokong BN kerana MCA serta Gerakan yang anti hudud juga adalah rakan sekutu BN
positive,"Jika anda tidak percaya, tanya ibu bapa di Pulau Pinang dan Selangor bagaimana kerajaan negeri beroperasi apabila ia melibatkan sekolah-sekolah."
positive,Apa yang dilakukan kerajaan pada masa ini adalah untuk terus meningkatkan kemajuan bidang pendidikan dan proses pembelajaran dan pengajaran. 
negative,Rakyat Sabah marah
negative,secara realitinya tanggapan itu ada benarnya bagi seseorang pengguna tetapi secara relatifnya keadaan tidak berlaku begitu dalam sistem ekonomi
positive,Tapi sekurang-kurangnya kita harus diberikan ruang untuk membacanya dan ini (laporan) panjang
positive,"Amini mempunyai hak berpendapat sedemikian tetapi beliau harus tampil dengan hujah konkrit, dan tunjukkan bahagian yang mana yang tak bagi peruntukan kepada Bumiputera"
negative,"ika calon-calon bermasalah dipilih, parti terpaksa berhadapan dengan pelbagai serangan"
positive,"Institusi ini diharapkan mampu untuk mengimbangkan suasana sukar, sekiranya timbul dalam sistem demokrasi."
positive,"Di Pertubuhan Amal Firdausi, kami menyediakan satu platform untuk golongan ini kembali ke pangkal jalan"
positive,"Di samping pelan transformasi, bagi memastikan mereka (pihak berkuasa tempatan) menyampaikan perkhidmatan seperti yang ditetapkan, kementerian saya juga melaksanakan Sistem Penarafan Bintang  bagi Pihak Berkuasa Tempatan"
positive,inovasi pusat khidmat rakyat yang disifatkan sebagai terbaik dunia
negative,ditolak oleh pegawai pengurus pilihan raya kawasan semasa proses penamaan calon semalam berikutan satu keputusan mahkamah membabitkan aktivis PKR berkenaan.
positive,"Jadi apabila kita dapat penjelasan, kita berpuas hati dengan penjelasan, bukan dengan penyelewengan"
positive,"Maknanya, iklim pelaburan Malaysia amat baik termasuklah dalam sektor tenaga"
positive,"Dengan jumlah kutipan ini, takkan kita nak kata keadaan ekonomi sekarang makin teruk."
negative,"Sekiranya mereka ini terlibat dalam kemalangan semasa sedang bekerja, apakah bentuk perlindungan atau pampasan yang boleh didapati setelah tidak diberikan perlindungan menerusi caruman KWSP dan Perkeso"
negative,BN perlu mempunyai strategi dan kepimpinan padu untuk menjamin kemenangan calonnya.
negative,"Namun sikap masyarakat khususnya umat Islam itu sendiri, dengan caci-makinya adakah mampu menyelesaikan masalah ini"
positive,Jadi risiko untuk berlaku kebakaran itu adalah sedikit
negative,"Tanpa sokongan kerajaan pusat, kita akan masuk ketika zaman kelam…kita jangan balik ke zaman tersebut tetapi mesti melihat ke hadapan"
negative,lebih parah kata beliau isu yang dibangkitkan itu tidak dijawab oleh mereka yang berkenaan namun sebaliknya dijawab ahli politik dan anggota kabinet yang kurang bersandarkan maklumat tepat
positive,seperti yang didedahkan oleh ahli ekonomi dan penyelidik dr muhammed abdul khalid paras gaji naik hanya pada kadar purata tahunan peratus di antara tahun dan tahun lalu gaji dan upahan meningkat peratus
positive,mengenepikan perasaan cemburu dan iri hati serta berbincang dalam merencanakan sesuatu agar berlaku adil
positive,"dulu berani mencabar sensitiviti pemimpin agama, ulama-ulama yang tidak relevan dan juga tokoh-tokoh politik Islam yang karut"
negative,"isu LGBT semakin hangat diperkatakan, menjadi kegusaran yang meniti dibibir 'makcik-pakcik bawang' dan di muka buku para 'keyboard warrior' yang ada sebahagiannya benar gusar, perihal ini semakin meruncing sedang sebilangan yang lain menjadikan ianya salah satu 'alat politik' menghangatkan rencam keterbukaan Malaysia baru."
positive,Mobile Apps ini sudah hampir siap dan kita jangka ia dilancarkan pada Mac depan bagi memudahkan rakyat mendapatkan maklumat berkenaan pasar tani di seluruh negara
negative,pada masa sama tinjauan itu mendapati terdapat peningkatan mendadak sokongan kepada media tradisional sebanyak mata kepada peratus tahap paling tinggi sejak seorang pakar psikologi media sosial dan pensyarah di universiti oxford amy orben berkata syarikat-syarikat media sosial juga kini berdepan apa yang dihadapi sesetengah seteru mereka yang lebih tradisional ketika baru bermula dahulu
negative,"Hari ini orang itu menawar diri nak kembali menjadi perdana menteri…hanya ketika saya menjadi perdana menteri, baru jalan ini diluluskan"
positive,Saya harap mereka baca dengan baik
positive,Kita akan mengambil tindakan tegas jika terbukti mereka ini melakukan perbuatan yang boleh dikira sebagai tidak bermoral seperti ini
positive,Saya tidak akan khianati rakyat yang mengharapkan berlaku peralihan kuasa politik BN kepada Harapan pada PRU14
positive,Ini yang saya pelik. Adakah ada campur tangan pihak tertentu? Saya minta pihak berkaitan menyiasat perkara ini
negative,Pas tidak lagi releven sebagai parti politik dan tidak ada arah.
negative,Ini satu penghinaan kepada exco-exco kita
negative,"memandangkan pengisytiharan tersebut turut melibatkan ahli keluarga para wakil rakyat, privasi mereka akan dikompromi."
positive,"Sudah sampai masanya kita lupakan persengketaan, perbalahan dan permasalahan antara kita serta perlu berjiwa besar"
positive,saya mahu sistem pendidikan dan kesihatan yang lebih baik untuk anak-anak saya
positive,Tiada kaum atau mana-mana bangsa akan merestui tindakan keji ini
positive,Ia sekaligus mewujudkan hubungan baik antara pemimpin dan masyarakat
positive,"Jumlah ini mewakili semua penyedia perkhidmatan ‘e-hailing’ bukan sahaja Uber dan Grab tetapi semua syarikat tempatan,"
negative,Jadi ia tidak seragam
negative,"Akhirnya, GPS telah menyebabkan kami terlupa kepada individu murid yang unik dan berkebolehan"
negative,jiran sekampung yang mengenali turut menzahirkan rasa simpati dengan kejadian yang menimpa pasangan itu.
positive,"teknologi juga menjimatkan kos, masa dan tenaga."
positive,"Pelabuhan Klang ketika ini adalah pelabuhan ke-12 terbesar di dunia, jadi kita nak buat secara holistik"
positive,kita ingin memastikan supaya sekolah tahfiz tidak menggadaikan kualiti pendidikan untuk anak-anak kerana mereka inilah masa depan negara
negative,kejatuhan nilai ringgit secara automatik menyebabkan kos mengimport makanan dan ubat-ubatan naik
positive,Ada gelombang sokongan. 
negative,"Kerajaan juga memberi alasan bahawa pada 2014 sehingga 2016 tiada kejadian banjir monsun melanda Pulau Pinang, kecuali kejadian banjir kilat sahaja"
negative,ia pandangan peribadi pemilik akaun dan tidak semestinya menggambarkan pendirian sidang redaksi kami
positive,Kita tidak mahu apa-apa kaedah di pentadbiran itu dijadikan bahan politik yang boleh mewujudkan percanggahan kepentingan antara tugas dalam hal politik
positive,Taubat boleh mengenai tekad anda mahu menebus kesilapan yang dilakukan terhadap orang lain
positive,"Bagaimanapun, persiapan kita kali ini luar biasa berbanding sebelum ini."
positive,Sesi pertemuan berlangsung harmonis dalam dua jam
positive,Setakat ini tak ada seorang pun yang terkorban dalam kejadian keganasan di Malaysia.
positive,"Dalam erti kata lain, kemudahan ini akan menggalakkan penyertaan awam yang lebih berkesan bagi memastikan pelaksanaan dan penambahbaikan NHRAP dari semasa ke semasa"
negative,"Kalau Proton tidak dibantu atau diselamatkan, bermakna bukan 10,000 pekerja yang bekerja secara langsung hilang pekerjaan, tetapi 50,000 pekerja yang terlibat secara tidak langsung akan hilang pekerjaan."
positive,"Sebelum sekatan dikenakan, LHDN perlu memastikan notis tunggakan cukai disampaikan kepada individu atau syarikat mengikut undang-undang seperti yang diamalkan Jabatan Perkhidmatan Awam (JPA)"
negative,"Saya fikir berucaplah sekuat mana sekali pun, tulislah sebanyak mana kertas cadangan tapi sekiranya rejim yang sama terus mentadbir negara, perubahan tuntas yang kita mahukan mustahil akan terlaksana kerana 'political will' itu tidak wujud"
positive,Walaupun Mary berusia 69 tahun tetapi prestasi cara kerjanya sangat baik seperti orang muda.
positive,Tidak betul untuk mengklasifikasikan taubat dengan pergi ke madrasah untuk belajar Islam atau sembahyang
negative,sanggah isu remeh yang tidak mempunyai fakta
positive,"Jadi itulah sebab saya ingin jadikan tahun ini tahun teristimewa dan saya akan bekerja lebih kuat, malah timbalan saya pun akan kerja lebih gigih lagi"
positive,"Di bawah pelan Transformasi Negara 2050 (TN50) pula penubuhannya antara lain, turut mengambil kira kemudahan masyarakat kawasan bandar dengan kepadatan penduduk tinggi memperoleh manfaat kesihatan"
positive,parti gabungan itu tetap  mempunyai peluang yang baik untuk merampas kembali kerusi yang terlepas daripada genggamannya  berdasarkan barisan calon yang kuat serta berkemampuan yang diumumkan itu.
positive,"Tempoh kepada lembaga siasatan ialah selama 3 bulan, tetapi saya percaya ia dapat dilakukan dalam masa yang lebih pendek"
negative,"Hari ini jelas, rakyat terhimpit dengan kos sara hidup yang tinggi, GST, selain isu-isu yang melanda kepimpinan kerajaan BN"
positive,"Orang kata ekonomi susah, rakyat hidup sukar, cuba pergi ke lapangan terbang KLIA, berapa ramai rakyat Malaysia yang melancong ke luar negara, pergi pasar raya penuh orang tidak berkurangan."
negative,"Berbanding membina jambatan, ia lebih kepada perpisahan dan kelebihan satu komuniti berbanding yang lain"
negative,Saya pernah menguruskan permohonan PRA beberapa tahun lalu dan perlu naik turun beberapa kali ke pejabat Kementerian Dalam Negeri (KDN) dan Jabatan Imigresen dengan terlalu banyak borang dan dokumen harus disediakan
positive,sebulat suara memutuskan demikian selepas membenarkan rayuan syarikat perlombongan emas itu.
positive,Kita beralih pula kepada konsep participatory democracy dengan rakyat terbanyak diberikan peluang untuk menyuarakan pendapat dalam pelaksanaan kuasa oleh pihak kerajaan selepas mereka mendapat mandat pemerintahan melalui proses pilihan raya.
negative,Macam mana mereka boleh terlupa dan terlepas pandang?
positive,Permatang Pauh kubu tradisi Umno sebelum ini
positive,Saya mengalu-alukan pembangunan di sini dan harap kemudahan yang kerajaan beri dapat digunakan sebaik mungkin
negative,"Orang ini terpaksa, bukan kerana kesilapan mereka tapi kerana dasar kerajaan yang kononnya ekonomi menguntungkan negara dengan KDNK, pendapatan perkapita tinggi tapi graduan ini masih menganggur."
positive,"Saya tahu, zaman kerajaan betul semua, benar semua telah berlalu."
positive,"Kalau dibuka pasar raya di sini, dapat beri peluang anak-anak muda bekerja sebab pada masa ini, ramai yang bekerja di Bentong atau Raub"
positive,semua negara menangani isu ini dan tiada negara yang terkecuali kata beliau
positive,Saya sedia beri kerjasama kepada pihak polis kerana yakin tidak melakukan apa-apa kesalahan.
positive,"Meskipun tidak dicalonkan semula untuk mempertahankan kerusi, dia akan tetap membantu sesiapa sahaja yang mengantikan tempatnya."
negative," Sekarang ini, kita nak tutup hutang itu dengan mengadakan projek lain, jadi ia memakan masa."
positive,kerjasama erat di antara sektor swasta dan pihak universiti adalah tunjang bagi membantu malaysia berada dalam kelas ekonomi berpendapatan tinggi
negative,rakyat Malaysia lupa bahawa pengundian untuk parti harus menjadi pertimbangan kedua.
positive,Pasukan kami melakukan yang terbaik untuk menyelesaikan masalah ini secepat mungkin
positive," Saya ingatkan jentera BN tadi (semasa berucap) apa yang ada di dalam dewan ini tidak cukup, sebaliknya jentera mesti mendekati pengundi di luar dewan"
positive,Ini sahaja cara yang dapat menyelamatkan sebahagian besar hasil negara
negative,"Walaupun ada BR1M untuk B40, ia hanya seperti beri Panadol kepada pesakit kritikal"
negative,"Kalau kamu tidak berani menyoal saya di pejabat kamu sendiri, kenapa hendak tulis artikel bantai saya"
positive,"Perjalanan masjid harus diatur dengan baik dan bagi masjid baharu, pilih ahli pentadbir yang tepat"
positive,Kita mesti perkukuhkan parti kerana pilihanraya kali ini bukan pilihanraya biasa-biasa dan kita harap Terengganu dapat memantapkan kedudukan demi kelangsungan parti pada masa depan
positive,"Pembayaran fasa pertama BR1M 2018 telah mula diagihkan Isnin lepas dan kepada penerima yang belum mendapatnya, perlulah menunggu sekurang-kurangnya dalam masa seminggu."
positive,walaupun dalam peperangan ada pihak yang menang dan ada yang kalah namun kekalahan secara bermaruah dengan memberikan fakta yang lengkap dan jelas pasti akan memberikan persepsi positif
positive,akan digunakan sebagai program untuk meningkatkan produktiviti perkhidmatan awam
positive,Program hari ini membuka mata kami tentang komuniti orang asli
negative,Di Selangor terdapat ‘kelawar-kelawar politik’ berkeliaran hanya bila tiba musim buah.
positive,"Walaupun akta ini digubal, ia tidak bermakna kerajaan mengawal freedom of speech rakyat"
positive,"Ketua Penerangan Bersatu, Kamaruddin Mohd Noor suruh saya ‘mengemas’ barang-barang kerana Bersatu akan ambil alih Kedah tetapi di sini mereka yang perlu ‘mengemas’ barang mereka."
negative,Produktiviti kita merosot. Kerajaan kata produktiviti kita meningkat. Tak mungkin
negative,Sana sini tidak jadi.
negative,Ini melampau.
positive,"Sebagai pesara polis dan kini anggota RELA, saya tidak pernah gentar berhadapan musuh (pengganas Kiram) yang cuba mengganggu keamanan dan kestabilan bumi merdeka ini"
positive,"Jadi, saya anjurkan semua pihak termasuk pemaju perumahan supaya melaksanakan pendekatan ini."
positive,Kita terharu apabila beliau (Khairy) mendekati MBM dalam usaha mengumpulkan idea daripada semua pihak bagi membentuk manifesto terbaik terutama dalam memberi penekanan kepada penyelesaian isu golongan muda.
negative,Saya juga kesal apabila perkataan ‘haram jadah’ disebut oleh beliau kerana tidak sesuai diucapkan selaku orang ilmuwan agama
positive,Calon muda lebih mudah memahami apa yang dikehendaki golongan muda daripada kerajaan. Ini adalah barisan calon terbaik  dan sejajar dengan semangat
positive,"Jadi, saya kata, biar kita lakukan ini sebagai sebahagian daripada tanggungjawab sosial korporat"
negative,"Hospital kerajaan, dulu ubat tak perlu bayar, kita bayar seringgit saja ubat percuma."
positive,"Sudah, cukuplah... jangan pandai-pandai membuat komen mengenai Taman Ilmu yang dibangunkan untuk pendidikan masa depan rakyat Terengganu."
negative,"Ayatnya berbunyi, ‘strategi politik calon Perdana Menteri sementara Pakatan Harapan yang diketuai oleh DAP, Tun Dr Mahathir Mohamad dibimbangi mencontohi perbuatan Abdullah Bin Ubay’."
negative,beliau berkata sekiranya negara akan bankrap kerajaan tidak akan mampu membentangkan bajet dengan peruntukan rm bilion
negative,"Kami akan keluar mengundi tetapi kerana kami tidak setuju dengan kedua-dua pihak, kami akan rosakkan undi,"
positive,mengeluarkan kenyataan terbaru di media sosial untuk membuka permohonan kepada sesiapa yang berminat bekerja di pejabatnya
positive,Inilah masanya negara perlukan perubahan secara menyeluruh
negative,"Kita sanggup keluarkan arahan yang melukakan hati rakyat, meragut nyawa rakyat"
positive,Latihan dan pendedahan (diterima) oleh Wan Saiful dan Maria Chin Abdullah dalam pergerakan sosial akan membolehkan mereka menjadi lebih proaktif dalam menangani isu
negative,berkata kuman penyakit itu mudah berjangkit daripada seorang kanak-kanak kepada kanak-kanak yang lain menerusi alat dan barang permainan yang diguna bersama.
positive,Anggota yang bertugas juga dibekalkan dengan alat komunikasi Government Integrated Radio Network (GIRN) oleh Majlis Keselamatan Negara
positive,"Parti yang inginkan kerusi tersebut kena tunjuk (mereka) boleh menang, kemampuan dari segi jentera, calon dan pengundi (di situ) kenal parti tersebut"
negative,"Kadang-kadang pemangsa menyembunyikan identitinya, menyebabkan mangsa sukar melawan atau mempertahankan diri"
positive,Saya harap kerajaan akan bantu kami dan tolong henti hadkan kreativiti serta idea kami
negative,krisis ini akan melimpah di seluruh asean
negative,Bukan berdasarkan jumlah dan emosi ke­terujaan membuta tuli
negative,Pilihan raya yang sukar diramal
negative,Rakyat Malaysia berulang kali dalam pilihan raya telah membuktikan kemampuan memilih dengan bijak.
positive,"Kita minta kerajaan jangan hanya mengambil tindakan undang-undang, gunakan pendekatan lain untuk mereka yang salah guna tanaman ini."
positive,Lagipun ini negara demokratik dan sesiapa pun boleh bertanding jika mereka mahu
positive,Plaintif (LTAT) telah menjelaskan semua permohonan pesara tentera yang telah lengkap dan diterima daripada Urusan Gaji Angkatan Tentera telah diproses dan pembayaran telah dibuat
negative,"Perkara ini sensitif, andaian bukan-bukan boleh jejaskan ketenteraman awam dan keselamatan negara"
positive,Usaha kita dalam aspek ini adalah “the new battleground” yang perlu kita beri tumpuan lebih
positive,"Maknanya, Kementerian Kewangan dan menteri perlu memberi laporan kepada parlimen supaya anggota parlimen dapat mengikuti setiap perkembangan dan tidak timbul masalah baru"
positive,Ini menjadikan potensi untuk India menjadi ekonomi besar adalah tinggi sama seperti apa yang dilakukan China beberapa tahun lalu sehingga menjadi ekonomi kedua terbesar dunia
positive,teknologi komunikasi media sosial telah berjaya menyampaikan maklumat serta menarik minat sukarelawan menyertai kempen ini
positive,"Hospital Medan Malaysia di Cox’s Bazar, Bangladesh bagi misi bantuan kemanusiaan Rohingya yang memulakan operasi pada 1 Disember lalu akan diteruskan sehingga akhir tahun ini"
positive,"Kawasan terbabit dijaga oleh tentera, polis dan Jabatan Sukarelawan Malaysia (RELA), namun kami diberi kepercayaan oleh kerajaan bagi membantu mereka di sana"
positive,Tidak ada satu pun taifah yang mengancam keselamatan negara
negative,disebabkan rasa kecewa kerana tidak memperoleh sesuatu atau kehendak mereka ditolak.
positive,"Sebagai langkah proaktif, ada pihak yang mengambil langkah menganjurkan gerakan besar-besaran mewujudkan pemantau sukarela"
positive,prinsip yang dibawa oleh demokrasi seperti yang dibawa di negara yang mengamalkan demokrasi serata dunia.
negative,pembangkang tidak sepatutnya membuat tuduhan sebegitu sehingga mengelirukan rakyat
negative,Rizal yang berkata pihaknya akan membuat laporan pada SKMM mengenai perkara itu dan mencabar pemilik suara tersebut untuk tampil membuat tuduhan secara terbuka.
negative,"Suatu ketika rakyat Malaysia dikejutkan dengan kontrak pelantikan Apco Worldwide sebanyak hampir RM77 juta setahun yang hanya terdedah apabila diasak oleh Datuk Seri Anwar Ibrahim, bekas Ketua Pembangkang di Parlimen"
positive,"Gabungan harga minyak yang kukuh, dolar US yang secara menyeluruh lemah selain sentimen risiko yang positif susulan laporan Tabung Kewangan Antarabangsa (IMF) menunjukkan pertumbuhan global yang menyeluruh sejak 2010."
negative,Kita tidak boleh menolak kemungkinan kempen semasa PRU-14 boleh mendatangkan bahaya kepada orang ramai dan pekerja pilihan raya kerana pilihan raya umum kali ini dianggap ibu kepada segala pilihan raya yang bakal menjanjikan pertarungan sengit.
positive,mempertikaikan tindakan Nazifuddin yang didakwa meminum wain dan berhibur dengan pelakon Taiwan itu ketika bapa dan keluarganya cuba mengumpul wang bagi membayar ikat jamin bekas perdana menteri
positive,"Kalau dahulu, jarang sekali seorang ayah bawa anak-anak mengerjakan umrah, sebaliknya anak itu bawa ayah dan ibu selepas dia bekerja dan mampu."
negative,dakwaan itu juga boleh menyebabkan dunia kurang keyakinan terhadap keupayaan negara mengawal tempat-tempat keselamatan.
positive,"Ia adalah usaha yang menguntungkan, dan kemudian sudah tentu kerajaan memutuskan untuk ‘bermain-main’ dengannya"
negative,"Kita boleh lihat sekarang di media sosial, parti pembangkang dan pemimpinnya bebas untuk memberi pandangan dan pendapat, tidak ada sekatan pun"
positive,"Tapi ada raya sebelum raya puasa dan raya itu dah nak dekat,"
positive,Ini membuktikan karnival ini mendapat sambutan yang mengalakkan daripada rakyat
negative,lantaran itu myanmar ataupun asean tidak boleh berselindung di sebalik prinsip tidak campur tangan dan kedaulatan
negative,Bagi saya ia tak berjaya tapi yang berjaya adalah mereka yang menjual beg plastik
negative,tidak menyerahkan nasib mereka kepada pembangkang yang sehingga kini masih gagal menunaikan janji.
negative,sebagai tidak beretika kerana gagal mendapatkan penjelasan daripada pihaknya de­ngan adil.
positive,Gerak kerja kita sekarang ke arah pilihan raya umum dan ke arah pertandingan tiga penjuru
positive,"Perpindahan ke kampung baharu tersebut akan dilakukan sebaik pembinaan rumah siap termasuk disediakan kemudahan jalan, elektrik dan air bersih supaya dapat tinggal dalam keadaan selesa"
positive,Wakil-wakil rakyat Pakatan Harapan telah pun bertemu dengan kempen SKL untuk menyatakan sokongan mereka.
positive,"Keutamaan saya hingga kini tidak berganjak iaitu mahu  pastikan berlaku peralihan kuasa, bukannya jadi calon."
positive,Sedangkan majoriti Melayu kuat di Dun Tanjung Lumpur dan Inderapura... amat baik jika Umno diberi peluang sekali lagi
positive,perancangan teliti amat diperlukan dan semestinya memerlukan maklumat sahih de­­mi andaian dan jangkaan apa yang akan berlaku menjadi ke­nyataan
positive,"Memang sangat bagus jika doktor, pakar atau jururawat kerajaan pergi bertugas di luar negara untuk tingkatkan kemahiran mereka, kemudian pulang berkhidmat dalam negara"
positive,Sambutan forum itu amat menggalakkan bila mana pihak penganjur telah menerima banyak soalan secara atas talian seminggu sebelum forum diadakan dan ia datang daripada bekas pelajar daripada pelbagai peringkat umur.
positive,Seolah-olah Shahrir sedang berusaha untuk menyelamatkan Felda
positive,"Bagi saya senang sahaja, bagi orang yang tidak membuat cerita bohong atau berita palsu, mereka tidak perlu takut dengan undang-undang ini"
negative,tidak merasakan tindakan mereka itu menjejaskan parti kerana kita sendiri tidak memerlukan pemimpin seperti itu
negative,Tindak tanduk plaintif sendiri yang mencetuskan notis usul itu dibuat kerana beliau telah mencemarkan profesion undang-undang.
positive,Semoga semua tabah dan mengikuti panduan pihak berkuasa
positive,"berkata sepanjang pengalamannya bertugas, semua anggota polis dan tentera memang diberikan kebebasan sepenuhnya untuk memilih mana-mana calon ketika mengundi, biarpun kebanyakan menunaikan tanggungjawab berkenaan secara undi pos"
positive,menyifatkan kehadiran beliau cukup memberikan sokongan kepada pakatan.
positive,Bukan semua yang dilakukan oleh kerajaan membawa keburukan kepada rakyat
negative,masalah utama be­liau ketika berdepan media-media propembangkang adalah kerana mereka hanya mahu mende­ngar jawapan bersesuaian dengan corak penulisan masing-masing.
positive,Manifesto itu sudah siap cuma kita rasa perlu perkemaskan lagi dan saya percaya ia adalah untuk manfaat semua rakyat di Pahang
positive,"Islam bukan hanya mengenai hubungan seseorang dengan Tuhan, tetapi juga tingkah lakunya sesama manusia dan bukan hanya umat Islam"
positive,Kalau nak berpihak kepada 'government of the day' itu tak apa. 
positive,Kepimpinan sekarang mewarisi perjuangan terdahulu khususnya Tuan Guru Nik Aziz yang tidak pernah keluar PAS dan meninggal (ketika berada) dalam parti
positive,"Jika tiada pengesahan, guru itu perlu dibawa menjalani rawatan untuk mengesahkan sama ada guru itu mengalami masalah mental atau tidak"
positive,Sedangkan Datuk Mufti kita kenali merupakan seorang yang lembut dan baik
negative,yang jika sabit kesalahan boleh dipenjara
positive,"Memang kalau kita dapat bukti sahaja, kita memang ambil tindakan tegas kepada penghuni yang membuang sampah merata"
negative,"amat kritikal bagi mereka yang mengatur GSPS, mu­ngkin nampak hebat tetapi hakikatnya isi hati sasaran iaitu mereka yang akan mengundi amat sukar untuk ditentukan secara sahih."
positive,Sebenarnya beliau sendiri sudah menyatakan tidak senang dengan sikap DAP dan Pakatan Rakyat yang makin terbuka menunjukkan perkara-perkara yang negatif terhadap hubungan agama dan kaum
positive,Kita masih berharap ‘untung sabut timbul’ dan kita mampu raih kemenangan
positive,Sandakan mempunyai persekitaran yang aman dan tenang. Udaranya masih segar dan tidak banyak kesesakan trafik buat masa ini
positive,Saya ambil maklum keadaan banjir di Sarawak
positive,Namun perlu seiring dengan sikap penduduk
positive,Jika keadaan sekolah-sekolah ini terbiar tanpa penyeliaan maka pastinya akan menyuburkan kebangkitan dissenters (penentang) dan pelampau di negara ini kerana tekanan perasaan sebagai rakyat kelas kedua dan tidak dapat menyesuaikan diri dengan aliran perdana.
negative,jelas membuktikan mereka tikam belakang
negative,"Tindakan Puad yang menyifatkan berita palsu sebagai 'jenayah berat' memang mengejutkan, memandangkan JASA adalah unit propaganda kerajaan dan menyebarkan maklumat yang salah"
negative,Tetapi tiada siapa dengar tentang harga yang dibayar untuk tanah itu
positive,rais saniman dari organisasi kerjasama dan pembangunan ekonomi oecd dan jack parkinson dari university of nottingham beliau telah menulis secara terperinci isu ini
negative,suka tidak suka kita memerlukan dasar ekonomi dan belanjawan yang lebih praktikal
positive,hakikatnya ekonomi malaysia akan terus berkembang pada kadar yang jauh melebihi purata antarabangsa seperti mana yang dilaporkan bank dunia kata kementerian kewangan
positive,"Justeru, kemudahan seperti ramp (tanjakan) dan tandas bergerak perlu disediakan untuk kemudahan mereka."
negative,"Mereka lebih memberi tumpuan pada keperluan harian, berbanding membantu jentera parti"
positive,Peningkatan ini disokong sebahagiannya daripada pemulihan harga minyak mentah dunia
positive,"Kita tidak boleh kata kos sara hidup itu naik semata-mata tentang satu harga barang sahaja, sebab kalau ikutkan barang juga terbahagi kepada beberapa faktor"
negative,langkah yang dilaksanakan ini sebenarnya satu pembaziran kerana terpaksa membelanjakan kos penghantaran menggunakan perkhidmatan pos.
positive,"Kalau nak kira, memang boleh (dapat 40,000) undi...kita bekerja untuk rakyat  sejak lepas pilihan raya dulu lagi"
positive,"Saya  meminta supaya orang awam melaporkan kes sedemikian kepada pihak berkuasa seperti mana yang diperuntukkan di bawah seksyen 29A Akta Kanak-Kanak 2001,"
positive,"Untuk pilihan raya umum yang akan datang ini, pengundi di Kuala Lumpur haruslah mengundi calon yang akan menyokong pewartaan pelan tersebut."
negative,"Nama MAIPs, polis dan saya dikaitkan dengan kehilangan aktivis Syiah berkenaan"
positive,Kita akan salurkan bantuan seberapa segera terhadap mangsa banjir setelah mendapatkan maklumat lengkap
positive,Lembaga yang diletakkan di bawah seliaan Kementerian Pengangkutan ini akan berfungsi sebagai badan kawal selia dalam aspek keselamatan dan sekuriti bagi industri penerbangan awam negara.
positive,"Pada saya, isu-isu yang dipolitikkan ini tidak lagi berbangkit dan tidak perlu dipanjangkan kerana perdana menteri sudah memberi penjelasan yang tepat mengenainya"
positive,terselamat dalam cubaan bunuh ke atasnya dalam satu kejadian yang mungkin akan meningkatkan ketegangan politik\
positive,"Apa sahaja bentuk kerjasama yang memberi impak positif kepada IPT di negara ini, pihak kementerian akan sentiasa memberi sokongan dan galakan kerana ia merupakan peluang keemasan yang perlu digarap oleh semua pelajar dan tenaga pengajar"
positive,"Tidak kira Parlimen atau DUN, paling mustahak bukan kerusi kami rebutkan, tetapi solidariti daripada kami dan seluruh pengundi juga jentera parti"
positive,"Yang penting, kita perlu pilih calon yang pengundi suka, bukan calon yang kita suka,"
negative,"Isu ini berlegar setiap kali tiba musim pilihan raya sejak dahulu lagi. Walaupun kebenaran berita ini boleh diragui, namun ia mampu mencetus kebimbangan seterusnya menjejaskan kredibiliti sistem pilihan raya secara keseluruhannya."
positive,itulah yang menjadi harapan masyarakat Islam di negara ini.
positive,mempunyai rekod prestasi cemerlang untuk menjalankan tugas secara adil.
positive,"Maknanya jelas, tak payahlah saya cakap panjang sebab orang Langkawi pun faham, orang India Langkawi pun faham bahawa hanya BN sahaja yang kita boleh letakkan harapan kita."
positive,Kami menolak sebarang percubaan untuk merosak atau memusnahkan Tanah Suci dan akan menjaga tempat itu sebaik-baiknya serta memberi tumpuan kepada kepentingan Islam
positive,"Penyerahan bantuan ini secara simbolik dijangka dibuat perdana menteri untuk pesawah di seluruh negara termasuk (kira-kira 57,000) pesawah di kawasan Lembaga Kemajuan Pertanian Muda (MADA) pada pertengahan Mac ini"
positive,Di waktu itu kita perlu pertahankan industri kita
positive,Itu tidak menepati dengan aspirasi saya yang percaya kepada kebebasan ibu bapa untuk memilih pendidikan yang terbaik buat anak-anak mereka
positive,Saya memberi jaminan kepada petugas PBB bahawa kementerian saya akan terus memberi kerjasama sepenuhnya terhadap tugas PBB di Malaysia
positive,"Sekiranya mempunyai pengesahan perubatan mengalami masalah mental, guru itu perlu diberi cuti"
positive,Orang awam yang sedang menggunakan produk ini dinasihatkan untuk segera menghentikan penggunaannya dan mendapatkan nasihat dari ahli profesional kesihatan jika mengalami sebarang ketidakselesaan
negative,Papan iklan kena sembur cat
positive,dalam erti kata lain bajet perlu menumpukan bantuan terhadap perusahaan kecil dan sederhana pks dan juga usahawan muda
negative,bercanggah dengan konsep demokrasi yang sebenar dalam negara-negara maju
negative,"Apa kena mengena, patutnya duit ini buat aktiviti kempen supaya kurangkan plastik."
negative,kini sedang mengesan lelaki warga Vietnam membabitkan kes rasuah dikendalikan suruhanjaya
positive,"Bagi mencapai objektif ini, saya memberi jaminan kita boleh jangkakan pengenalan langkah susulan dalam tempoh terdekat"
negative, Mereka nak sijil halal tapi menekan hak asasi pekerja
positive,Sekurang-kurangnya ada kesedaran dan keyakinan mereka terhadap kerajaan walaupun timbul pelbagai persepsi
positive,Mereka akan mendekati masyarakat setempat untuk bertanya khabar dan juga memberi kesedaran terutama kepada ibu bapa supaya menjaga sebaik-baiknya serta mengawasi setiap langkah anak mereka agar tidak didekati penjenayah yang ingin mengambil kesempatan
positive,Duit itu kita beri semula kepada rakyat.
positive,"Biarpun orang kata belajar di sekolah ini tidak sampai ke mana, sekurang-kurangnya anak kami ada pengetahuan asas dan lebih berakhlak"
negative,"Setiap kali tiba musim pilihan raya semakin ramai syaitan-syaitan yang keluar membuat fitnah, kata penyokong kuat Barisan Nasional"
negative,Iltizam dan janji Harapan melalui manifesto terbabit hanya menzahirkan pihak pembangkang sebenarnya bukan hanya tidak mengikuti perkembangan Felda malah tidak memahami organisasi lembaga itu
positive,Saya mengesa Suruhanjaya Pilihan Raya (SPR) untuk memberi jaminan aku janji kepada rakyat mengenai integriti sistem dan tujuan pilihan raya kita agar bebas dan tidak dirosakkan oleh anasir-anasir seumpamanya.
positive,Kami sasarkan untuk bertanding 21 kerusi dengan jangkaan akan menang 19 kerusi negeri
positive,"saya ingin menzahirkan penghargaan kepada Perdana Menteri, Datuk Seri Najib Razak kerana menekankan mengenai pelaksanaan program STEM demi masa depan negara"
positive,tak mahu tumpang populariti suami 
negative,"Apa yang kita risau, dalam Proton sendiri pun semuanya dikuasai oleh Geely"
negative,berita palsu perkataan yang tidak henti-henti digunakan presiden amerika syarikat donald trump dan dipilih sebagai perkataan utama kamus collins memang tidak dapat dielakkan tahun lalu dan peratus daripada responden yang ditinjau menyatakan mereka bimbang terdedah kepada laporan palsu dalam media sosial
positive,"Selain itu, kita turut bercadang menaik taraf jalan raya berisiko tinggi dan berbahaya"
negative,memandang serius terhadap insiden video tular seorang jururawat terlatih sedang memberi bantuan pernafasan kepada seorang pesakit sambil melihat telefon bimbit.
positive,Selepas ini kita akan duduk bersama rakan-rakan dan tersukan rundingan
negative,"Peruntukan yang sepatutnya RM2 bilion jadi RM4 bilion, yang RM6 bilion jadi RM12 bilion, ini yang sebabkan ketirisan."
negative,Memang betul harga naik…
negative,"Diangkut orang lain untuk bercakap tentang kejayaan kerajaan Selangor,"
positive,"Kita perlu yakin kepada kewibawaan SPRM untuk menyelesaikan tanggungjawab mereka dan saya percaya kalau ada kes, kes tersebut akan diserahkan kepada pihak Peguam Negara."
positive,"Saya harap, anugerah ini akan menaikkan semangat mereka untuk terus bersungguh-sungguh ketika bekerja dan memberi motivasi kepada rakan sekerja melakukan perkara sama"
positive,"Halal Valley ini dilengkapi makmal teknologi halal, kilang ubat, rumah penyembelihan kambing dan lembu serta kilang memproses tulang kepada gelatin antara terbesar di Asia."
positive,Dia mesti setia kepada parti dia
positive,bukannya mengambilnya dengan sambil lewa dan tidak fokus yang kelak menyusahkan rakyat dan masyarakat yang benar-benar memerlukan bantuan.
positive,penulis kehairanan bagaimana negara anggota asean kecuali malaysia mengeluarkan kenyataan menyokong tindakan myanmar sebagai tindakan memerangi keganasan sedangkan apa yang sebenarnya berlaku adalah sebaliknya
positive,Setiap ahli parti perlu bekerja secara berpasukan dan mempunyai semangat setiakawan dalam usaha memenangi pilihan raya umum akan datang.
positive,Kami akan menjalankan pemeriksaan (untuk mengetahui punca kegagalan sistem)
positive,"Rakyat mahukan pembangunan dan kita bertuah ada perdana menteri yang banyak menyumbang kepada kita, membelanjakan hampir RM300 juta untuk Kiulu bagi membiayai projek ini."
positive,Pengundi juga perlu memilih parti yang mempunyai rekod pencapaian cemerlang
positive,"Justeru, kami menasihatkan orang ramai supaya mengabaikan kajian dalam talian ini"
positive,telah sedia terbentang laporan-laporan dan keterangan menunjukkan dengan jelas pelanggaran undang-undang antarabangsa sepertimana yang disebut oleh yanghee lee pelapor khas pbb ke atas myanmar dan juga pesuruhjaya tinggi hak asasi pbb dan setiausaha agung pbb
negative,"Sebelum ini, ramai penjawat awam yang sakit keberatan untuk bersara awal."
positive,"Justeru, apabila mendapat tahu kerajaan memperkenalkan SMO, saya segera mencari calon PRA melalui ejen di Indonesia dan membawanya masuk untuk didaftarkan"
positive,"Maka apabila kajian dilakukan, dan pengundi diajukan soalan pertembungan tiga penjuru menguntungkan siapa, sudah tentu majoriti responden yang ditanam dengan persepsi awal ini akan menjawab BN ada kelebihan berbanding parti lain"
negative,Pejabat-pejabat agama negeri tidak berani bertindak kerana sensitiviti agama dan menghormati golongan yang berjubah dan berkopiah putih.
positive,Program ini dilaksanakan di setiap parlimen di negeri ini bagi mengurangkan kos sara hidup rakyat dengan mengadakan jualan dengan harga yang lebih murah di pasaran
negative,"Kenapa hanya 22,000 mangsa banjir yang akan menerima bantuan dan bukan jumlah yang sama seperti dibayar oleh kerajaan negeri."
positive,Sebab itu kita memberi peluang kepada pemandu teksi untuk berhijrah.
positive,"Kita harapkan senario lebih baik dan memihak kepada BN pada PRU14 nanti  memandangkan pada PRU13 kita menghadapi penolakan daripada kaum Cina hingga terpaksa akur dengan kekalahan calon Umno, Datuk Muhamad Sufian Awang."
negative,"Saya sudah lama berdepan cemuhan dan tohmahan daripada pimpinan Pas, dahla saya keluar Pas seorang diri tidak seperti rakan-rakan lain keluar berjemaah sertai Amanah dulu."
positive,Saya sudah mengarahkan Jabatan Siasatan Jenayah (JSJ) serta semua elemen dalam polis untuk mengesan lelaki terbabit seperti mana arahan mahkamah pada 2014
positive,Pegawai dan sukarelawan bertugas perlu cekap mengendalikan OKU yang pelbagai kekurangan upaya kerana mobiliti mereka terbatas dan ia boleh menjejaskan hasrat mereka menjalankan tanggungjawab sebagai warga negara untuk mengundi
positive,Guru adalah aset paling penting dalam sistem pendidikan dan saya sedar ramai guru kita mengoptimumkan sumber teknologi yang mereka ada untuk memperkayakan kualiti pengajaran dan pembelajaran
negative,"Di negara lain, berita palsu digunakan kerajaan autoritarian untuk melenyapka (tuduhan) pelanggaran hak asasi manusia."
positive,kerajaan sudah bawa perubahan besar dalam lima tahun
positive,"Saya berharap SPRM dapat memastikan integriti terjaga, dan mereka tidak terlibat dalam sebarang penyalahgunaan kuasa hanya untuk mencapai matlamat politik menjelang Pilihan Raya Umum ke-14 ini"
positive,"Mereka lebih suka kita draf kenyataan akhbar, atau sertai kokus dan persidangan kecil"
negative,Bagaimana kerajaan negeri boleh membenarkan dua syarikat bermasalah ini melakukan transaksi jualan kepada pihak ketiga dengan nilai RM1.18 bilion sedangkan kes masih berjalan di Mahkamah Persekutuan.
positive,Bandar Belia akan diwujudkan di tiga buah negeri
negative,kalangan penyokong bawahannya keliru dan sukar menerima hakikat
positive,Saya berjuang semasa saya jadi penyelaras lagi.
positive,Malah tidak keterlaluan jika kita katakan bahawa penggunaan teknologi adalah pelengkap kepada keperluan kehidupan seharian kita
positive,"Pelancaran Jentera BN Parlimen Jasin baru-baru ini, kita melihat kehadiran jentera ini begitu ramai dalam kalangan wanita, pemuda dan puteri."
negative,enggan mengulas lanjut mengenai perkara itu namun tidak menolak calon wanita bagi kerusi berkenaan.
positive,Kuasa kerajaan ada bersama kita
positive,"Orang mungkin melihat pemerkasaan wanita hanya dalam aspek tuntutan penglibatan 30 peratus golongan itu dalam membuat dasar tetapi bagi kementerian ini, skop itu perlu dilihat dalam konteks lebih luas"
positive,Jangan ambil mudah apa yang kita ada
negative,"Bagi kami (Perdana Menteri, Datuk Seri) Najib Razak itu penjenayah."
positive,"Selain dari bangunan tertentu yang menjadi mercu tanda, pasar tani juga boleh dijadikan mercu tanda sesuatu lokasi,"
positive,"Nampaknya Umno pula yang nak berkawan dengan kita, kalau demi kepentingan Islam tak ada masalah."
positive,Apa yang saya kata ialah pemaju menyerahkan dokumen penting kepada kami supaya kami dapat memindahkan pemilikan tanah itu kembali kepada Felda
positive,Saya bersetuju dengan pegangan Yang Amat Berhormat Perdana Menteri mengenai perkara ini.
positive,pendeta zaba dan profesor diraja ungku aziz banyak mengolah hal-hal ini sejak dulu lagi
negative,Kita tengok kebangkitan Arab yang kini memusnahkan
negative,Masih ada dalam kalangan rakyat Malaysia yang menganggap kanser adalah suatu hukuman mati serta takut menjalani pemeriksaan atau saringan dan menyatakan ‘lebih baik tidak tahu’
positive,berkata tiada sebarang insiden kekerasan dan tidak diingini berlaku yang memerlukan campur tangan Polis Diraja Malaysia (PDRM) yang bertindak mengawal keselamatan di sekitar kawasan penamaan calon.
positive,Saya mengucapkan terima kasih kepadanya
negative,Negara tidak boleh dibina atas politik dangkal
positive,lebih 160 negara di dunia melaksanakan cukai yang sama untuk memastikan asas cukai meluas yang mampu mengekang ketidaktentuan ekonomi global
positive,"Saya bersama Jakim, sama-sama turun ke lapangan untuk mendekati mereka"
negative,walaupun kerajaan begitu bangga mengisytiharkan pelaksanaan gst sebagai penyelamat kewangan negara kesannya kepada rakyat jelata adalah memiskinkan mereka
positive,"AirAsia adalah sebuah syarikat penerbangan dan kami menjual tiket dan kami akan terus membeli pesawat pada masa depan dan kami akan memiliki lebih banyak pesawat dan kemudiannya memajakkannya,"
positive,Kita tidak akan berkompromi dengan kes-kes sebegini kerana kita sebagai penguat kuasa dan kita sememangnya tahu kesan penyalahgunaan dadah dalam masyarakat apatah lagi melibatkan anggota dan pegawai polis
positive,"Tidak wujud pecah undi Melayu untungkan siapa, tak ada konsep itu."
positive,saya tidak menganggap kecil dan remeh kenyataan ini tetapi akan membawa suatu perubahan besar dalam membangunkan imej Islam moden selari dengan nilai keilmuannya di negara ini jika kedua-dua menteri ini berani
positive,Cita-cita besar yang dirancang untuk Malaysia tidak mungkin menjadi kenyataan jika tidak ada dokongan dan sokongan sepenuhnya
positive,Kerajaan akan pantau dan pastikan bantuan sampai kepada mangsa
positive,"Apabila bandar raya berkembang, begitu juga kemakmuran, perdagangan dan pertumbuhan ekonomi."
negative,Tetapi perlu berhati-hati de­ngan GSPS ekstrem sedemikian rupa kerana masyarakat Cina sudah begitu serasi dengan peranan Gerakan dan MCA sama ada dalam kerajaan BN peringkat Pusat atau negeri adalah begitu signifikan sekali
negative,harus bertanggungjawab dengan dakwaannya supaya berita palsu yang beliau cipta itu tidak memudaratkan. 
positive,Kita percaya dengan adanya penglibatan pelbagai pihak dapat membantu ke arah penggubalan undang-undang yang terbaik
positive,"Saya bersedia pada bila-bila masa adakan perdebatan itu, terserah kepada beliau untuk tentukan tempat, tarikh dan masa"
positive,"Saya menggunakan kereta sendiri, (dengan menjadi pemandu Uber) saya mampu membayar pinjaman kereta, bil dan perbelanjaan makan"
negative,tidak mampu bersatu dan cenderung berselisih pandangan dengan mereka yang menyertai pakatan itu.
positive,kepuasan rakyat terhadap kemudahan yang diilhamkan
positive,"Jika ada peluang di masa depan, harapan saya ialah Malaysia akan berada di barisan hadapan"
positive,"Justeru, semangat kebersamaan dalam perkara ini perlu difahami secara bijaksana dan berhikmah oleh semua pihak"
positive,"Mereka-mereka mahukan pemimpin dibawah usia 40 tahun bagi bertindak relevan dengan keadaan politik semasa, termasuklah muka baru yang boleh tampil dengan idea yang lebih bernas dan cergas"
positive,"Terima kasih juga atas keperihatinan kerajaan terhadap pelbagai bantuan dan subsidi termasuk, subsidi minyak diesel dan petrol yang diberikan bagi mengurangkan kos operasi, insesntif hasil tangkapan ikan, pembangunan tukun tiruan,  Insuran Nelayan,  pemberian Sistem Identifikasi Autimatik (AIS) dan lain-lain"
positive,tapi di kawasan bandar kadar kenaikan hanya satu peratus
negative,Segelintir orang yang membuat promosi boikot pilihan raya
positive,"Proses perolehan itu dilakukan secara telus, kalau kata ia tidak ikut proses, maka itu salah"
positive,Harapan saya untuk menang adalah berdasarkan apa yang telah saya lakukan di kawasan ini dan penerimaan masyarakat terhadap saya adalah  positif.
positive,"Kita perlu memastikan persekitaran kawasan tersebut bebas daripada sebarang bahaya, selain mempunyai laluan kecemasan secukupnya"
positive,"Jika anda tidak mahu dikecam, duduk diam dan tak perlu buat kerja seperti saya."
negative,"Sesiapa boleh datang. Sesiapa yang mahu hentam saya, tolong hadir dan saya akan cuba menjawab semua soalan"
positive,"Kita telah jadikan Malaysia selamat untuk rakyat Malaysia dan rakyat asing, dan saya katakan (begitu) sebab kita ada kuasa perundangan tertentu"
negative,"Saya merujuk kepada situasi di mana saya mengatakan terlalu banyak gelaran Tan Sri dikurniakan, yang akan mengurangkan rasa hormat terhadap darjat itu"
negative,Mensa­botaj parti atau calon bertanding adalah sikap buruk zaman dahulu kala yang satu sen pun tidak menguntungkan.
positive,"api alhamdulillah, sekarang semua kejadian itu dah tak berlaku, kita ada kawalan keselamatan daripada Pasukan Gerakan Am (PGA) selama 24 jam"
positive, Ini sebabnya kita berterima kasih ada seorang perdana menteri yang prihatin tentang Sabah
negative,Ini dilakukan dalam keadaan terdesak kerana takut ‘dealership’ kita ditamatkan apabila tidak mencapai sasaran jualan ditetapkan Proton
negative,Berita palsu boleh menjadi fitnah yang runtuhkan institusi kekeluargaan dan juga boleh memusnahkan ekosistem negara
positive,Pembahagian kerusi tiada masalah bagi BN dan kita hanya berbincang pertukaran kerusi . MCA pun sudah dapat balik kerusi Gelang Patah
positive,"jaminan bahawa proses pilihan raya yang kendalikan oleh badan berkenaan adalah bersih, telus dan bebas daripada sebarang penipuan dan penyelewengan."
negative,disyaki merasuah pegawai kerajaan asing serta beberapa kesalahan lain sebagai sebahagian daripada siasatan ke atas dakwaan pengubahan wang haram membabitkan dana
positive,"Oleh itu, Angkasa sentiasa bersedia memberikan bimbingan melalui taklimat kepada mana-mana koperasi baharu ditubuhkan supaya anggotanya memahami apa produk yang ingin dijalankan oleh koperasi berkenaan"
positive,"Pengembangan dalam ekosistem keselamatan siber memerlukan organisasi bagi membangunkan daya ketahanan siber iaitu keupayaan untuk melawan, bertindak balas dan pulih daripada ancaman keselamatan siber bagi membentuk persekitaran untuk operasi maya yang mapan dan selamat"
negative,berkata pengamal media perlu melaporkan berita yang adil dan seimbang semasa PRU14 kerana orang ramai berhak untuk mengakses semua maklumat.
positive,Kita (PAS) konsisten tidak libatkan pelajar dalam kempen pilihan raya.
positive,Apabila fitrah disatukan kita biarkan perang datang dan pergi jika pemimpin terbaik dipilih untuk diberi sokongan
negative,adalah tidak wajar dan munasabah untuk menangani ancaman terrorisme dengan menggunakan kekerasan berlebihan bertentangan dengan undang-undang antarabangsa
negative,Imej murid-murid sekolah tahfiz sebagai peminta sedekah akan terus kelihatan. Kita tidak seharusnya menghadapi masalah Al Arqam sekali lagi.
positive,"Sebab itu kita ada kurikulum fleksibel… saya percaya dengan kerjasama begitu erat ini, kita akan mendapati isu-isu kebolehpasaran dapat dipertingkatkan sepenuhnya"
negative,laporan itu secara khusus menyebut mengenai masalah hutang isu rumah malaysia yang terlalu tinggi iaitu melebihi peratus keluaran dalam negara kasar
positive,Kita mahu menjalankan eksperimen
positive,Kita harus mempunyai pemeriksaan yang lebih ketat terhadap majikan dan memastikan hanya pembantu rumah yang layak dan berkelayakan bekerja di sini
positive,"Kali ini kajian ini sama ada menyebelahi BN atau pembangkang, peratusannya tidak jauh, tidak macam dulu"
negative,Sindiket cuba menyembunyikan kayu balak itu daripada dikesan pihak berkuasa dengan cara menimbuskan tanah di atasnya
positive,"Tetapi PAS ada prinsip dan kekal sehingga hari ini kerana Islam yang menjadi dasarnya, di samping sikap dan pendekatan yang terbuka"
negative,"Beliau menyifatkan apa yang berlaku itu sebagai ""tidak masuk akal dan mengarut"" dan berkata amalan sedemikian hanya mengulangi apa yang dilakukan oleh pentadbiran terdahulu."
negative,"Kalau bercerita tentang di awal pembukaan rancangan ini, memang dulu banyak masalah masa mula-mula masuk sini."
positive,"Program (SHIP) ini menyasarkan golongan berpendapatan pertengahan dengan pengalaman bekerja dalam bidang berkaitan, serta berumur bawah 40 tahun"
positive,kita juga amat memahami bahawa demokrasi mempunyai ideal dan prinsip mengenai kebebasan.
negative,"Bagaimanapun, penerangan daripada KWSP melalui kenyataan yang menyanggah dakwaan SR itu tidak cukup bagus."
positive,beliau tetap bersemangat untuk menunaikan tanggungjawab memilih wakil rakyat di kawasan itu seperti orang lain.
positive,"Ini termasuklah sama ada Dr Mahathir melakukan perkara baik atau tidak, mereka tidak perlukan nasihat orang macam Zamihan"
negative,indonesia dan thailand turut menghadapi risiko yang serupa tetapi tidak seteruk malaysia
positive,membuka peluang kepada semua pihak untuk mengenali kita secara terbuka
positive,Terima kasih PKR kerana alu-alukan. 
negative,pada ketika itu malaysia turut mengalami kesan teruk apabila nilai mata wang ringgit jatuh ke paras paling rendah berbanding dolar amerika syarikat as
negative,Saluran apakah yang saya ada untuk mencari keadilan jika mahkamah tidak mahu mendengar tuntutan itu?
positive,Generasi  muda sekarang mempunyai pandangan dan pemikiran yang jauh…  jadi mereka akan terus sokong Umno dan BN untuk menerajui kepimpinan negara dan negeri
negative,"Kenyataan luar biasa Azrin memaklumkan dia dan syarikatnya mungkin bekerja untuk pihak tertentu, mungkin dalam PRU14."
positive,terus komited bekerja dan yang bakal menentukan kemenangan kelak adalah bagaimana jentera meyakinkan rakyat dalam memilih perjuangan sebenar demi rakyat.
negative,"GST, harga barang mahal, isu integriti, pelaburan China, janji PRU13 yang tidak ditepati ditambah dengan pemecatan Muhyiddin Yassin dan Mukhriz Mahathir, antara alasan tambahan yang membuatkan pengundi sekarang marah"
negative,Tidak ada maknanya kita bertindak selepas sesuatu kejadian berlaku. 
negative,Saya bersama Umno lebih 50 tahun ada saat manis dan pahit tapi zaman (Datuk Seri) Najib adalah yang terburuk
negative,"SPR harus melakukan pencarian jiwa yang mendalam mengapa ia telah jatuh secara mendadak dari sebuah suruhanjaya yang boleh dipercayai di dunia ke kedudukan yang rendah hari ini,"
positive,"Oleh yang demikian, permintaan ekstradisi negara China telah kita berikan pertimbangan dan pihak Polis Diraja Malaysia (PDRM) sedang melakukan siasatan yang terperinci untukmemperolehi beberapa maklumat."
positive,Semua manusia dilahirkan bebas dan sama rata dari segi maruah serta hak
negative,"Kegiatan dan perlombongan telah memberi kesan kepada kehidupan penduduk, malah mereka hidup di dalam debu."
positive,"Oleh itu, Kastam juga perlu berubah dan mahir menggunakan teknologi yang sama bagi menyaingi mereka"
positive,"Kita harap Pas dan kerajaan dapat bersatu supaya institusi agama dapat diperkukuhkan, begitu juga dengan institusi raja dan paling penting penyatuan umat Islam secara keseluruhannya"
negative,"Pakatan Harapan memberitahu rakyat, Malaysia sedang menghadapi krisis politik dan ekonomi, dan satu-satunya cara untuk mengatasi masalah itu adalah dengan menukar kerajaan atau menggantikan perdana menteri"
positive,"Kalau hendak cakap (FELDA bersandiwara), gunalah fakta, jangan suka guna cara lakonan, sindiran atau perlekeh kerana yang hendak dilekehkan itu adalah ketelusan FELDA"
negative,Kami tak dilayan langsung
positive,Polis Subang Jaya khasnya tidak pernah terbabit secara langsung atau berkrompomi dengan aktiviti penarikan kenderaan dijalankan institusi kewangan.
positive,"Justeru, kita mengadakan mesyuarat bahagian dan keseluruhannya, ahli jawatankuasa (AJK) menyuarakan pendapat dan meminta saya berganding bersama Budiman menjadi calon PRU-14."
positive,"Pada PRU14 ini juga, SPR akan mengundang pemerhati-pemerhati pilihan raya untuk meninjau ketelusan proses pilihan raya"
positive,"Beliau juga akan mengetengahkan konsep kesederhanaan Malaysia atau wasatiah, iaitu asas penting bagi menangani keganasan yang jelik dan kejam dalam segala bentuk dan perbuatan"
positive,"Felda (Lembaga Kemajuan Tanah Persekutuan), dalam memenuhi peranannya untuk memastikan keterangkuman dan ekuiti dalam pembangunan ekonomi Malaysia, telah menjadi ikon antarabangsa dalam membasmi kemiskinan dan membina negara"
negative,"Foto itu, mula-mula muncul pada tahun 2014 dan kemudian lesap tetapi kini timbul semula, mungkin kerana pilihan raya umum akan datang"
positive,membuat pertimbangan rasional berdasarkan faktor berkenaan dan bukannya isu nasional dibawa pakatan pembangkang.
positive,Teras kelima ialah kewajiban antarabangsa yang menyenaraikan komitmen Malaysia dalam instrumen-instrumen antarabangsa berkaitan hak asasi manusia
positive,saya beritahu mereka buruk atau baik ekonomi bergantung kepada ahli ekonomi yang membuat analisis
negative,saya telah membuat keputusan untuk mengambil tindakan undang-undang terhadap SKMM dan Nuemera atas kegagalan mereka menjamin keselamatan maklumat peribadi kita
negative,Ia tidak memahami Malaysia
negative,"Jika kebolehan PTD boleh diukur berdasarkan pencapaian akademik mereka, bolehkah kami mengguna cara pengukuran yang sama untuk menilai kebolehan menteri besar Kedah?"
positive,Kita akan mengambil tindakan tegas dan tidak berkompromi dengan mereka yang membuat laporan palsu seperti ini
positive,Dakwaan pembangkang kerajaan tidak membantu masyarakat luar bandar khususnya belia adalah tohmahan yang tidak berasas sama sekali.
negative,perdana menteri berkata kerajaan masih menimbangkan sebanyak mana maklumat akan didedahkan kepada umum berkaitan dengan aset anggota Parlimen dan keluarga mereka supaya ia tidak menjejaskan privasi mereka.
positive,"Selain kedua-dua negara mempunyai perjanjian kerjasama dalam bidang keselamatan, lawatan itu mampu mengukuhkan lagi hubungan dua hala Malaysia dan Arab Saudi"
positive,Komen saya terhadap Rela adalah saya bimbang dengan keselamatan dan kebajikan mereka
positive,Kami sebagai pemimpin UMNO di peringkat negeri dan pusat akan terus bekerjasama dan turun membantu rakyat
negative,"Tatkala pihak polis sibuk menjaga aspek keselamatan, saya berharap semua majikan dan pihak berkuasa terlibat juga akan mengambil langkah sewajarnya untuk memastikan keselamatan kakitangan mereka yang bertugas sepanjang PRU-14 terjamin."
positive,Kita telah meminta ROS bukan sekadar memulakan siasatan tetapi dapat mempertingkatkan siasatan dan penuhi aduan-aduan berkenaan
positive,Saya berharap kerjasama seperti ini dapat diteruskan dan seterusnya dapat menjadikan kementerian ini sebagai kementerian yang benar-benar dapat membantu rakyat.
negative,"untuk menegur Nazri, mengatakan para menteri berisiko dipenjarakan jika maklumat tersebut didedahkan."
positive,"Anggota PAS diajar bahawa pemimpin datang dan pergi, tetapi bahtera Islam yang diperjuangkan terus berlayar"
negative,"Sebab kalau ikutkan secara saintifik ramai pakar perubatan, Pertubuhan Bangsa-bangsa Bersatu dan hak asasi manusia menyatakan ‘corrective approach’ bukannya membantu, tapi akan mengakibatkan kemurungan dan lebih masalah kepada golongan LGBT"
positive,Ia bertujuan untuk meningkatkan lagi kesedaran pengguna supaya lebih berhati-hati berkongsi maklumat peribadi mereka
positive,"Pada dasarnya, kerajaan persekutuan bersetuju untuk berkongsi kos ini dengan kerajaan negeri Johor dan kita harap jika persetujuan bersama ini dapat dilaksanakan, saya akan memberikan satu garis masa kepada Menteri Kerja Raya dan Menteri Kewangan Kedua"
positive,"Saya harap peluang biasiswa ini tidak dipersia-siakan oleh anak-anak kita, rebutlah peluang ini untuk melakar masa depan dan jadikanlah ia sebagai satu platform untuk menyumbang kembali kepada negara pada masa hadapan"
negative,"Semua gerak kerja sulit ini tuan-tuan yang dibuat di peringkat-peringkat tertinggi, yang ramai ketua bahagian pun tak tau, ramai ketua pun tak tau"
negative,Ini kerana pada hari ini kebanyakan pusat jagaan orang tua hanya fokus warga emas tetapi tiada interaksi membuatkan mereka ini sunyi di hari menua mereka
positive,Kamu boleh lihat saya tersenyum walaupun berdepan  menjalani hukuman penjara dua setengah tahun
negative,Ini sekali gus boleh menjatuhkan semangat petugas BN di Perak mengenai kemampuan BN mengekalkan kemenangannya.
positive,"Kemudian kita akan menangani hasil-hasil tanpa cukai, hasil cukai dan sebagainya"
positive,Mereka dah berani gunakan Bahasa Inggeris.
positive,"Selepas Ops Daulat dilancarkan oleh pasukan keselamatan di Kampung Tanduo, kami mengetatkan kawalan keselamatan di Tanjung Labian"
positive,Ini model yang kita guna pakai di Malaysia dan (ia) sangat berkesan
positive,"Tetapi kalau ‘double formation double track’ sudah tentu lebih efisien dan lebih mampu diurus lebih baik terutama dari segi jadual dan kelajuan kereta api,"
positive,yang mampu menunaikan janji dan sudah banyak yang dilaksanakan demi untuk keselesaan dan kebaikan rakyat serta negeri ini
negative,putaran ganas ini akan berterusan selagi kepercayaan pelabur dan pengguna tidak dipulihkan
positive,Selebihnya pusat Tahfiz berkenaan dijangka siap diselenggara hujung Mac depan
negative,"Katanya pengamal media, media sosial, masyarakat dan penulis blog sudah menjadi medium penting dalam menyalurkan maklumat, kerana maklumat yang disampaikan kepada masyarakat mungkin boleh dimanipulasi."
positive,peningkatan defisit fiskal boleh membantutkan sasaran kerajaan untuk mencapai bajet berimbang menjelang tahun perlu diingatkan bahawa bajet adalah permulaan bagi rancangan malaysia ke- rmk- maka permulaan yang baik satu lonjakan semangat ke atas tahun-tahun berikutnya sehinggalah malaysia mencapai sasaran negara maju pada tahun dalam hal ini kerajaan perlu menyeimbangkan penekanan terhadap strategi merangsang ekonomi dan membelanjakan peruntukan kewangan dengan lebih berhemah
positive,Ini bermakna penyelesaian bukanlah dengan mengambil jalan mudah seperti menukar kerajaan atau perdana menteri
negative,"Di bawah Akta Keselamatan dan Kesihatan Pekerjaan (OSHA) 1994, menjadi tanggungjawab kedua-dua pihak majikan dan pekerja untuk memastikan keselamatan dan kesihatan di tempat kerja dan mereka yang gagal berbuat demikian boleh dikenakan denda atau didakwa di mahkamah."
positive,"Sebagai antara negara yang lebih membangun, Malaysia boleh memainkan peranan penting dengan berkongsi pengalaman dan kemahirannya dalam membangunkan kawasan luar bandar."
positive,"Dalam kes ini, saya yakin, jumlah yang bakal mengundi Harapan adalah lebih besar."
positive,Saya rasa ini cadangan baik
positive,"Alhamdulillah setelah Mahathir kembali sebagai perdana menteri, beliau mendapat dua orang sarjana Islam yang dinamik dan progresif iaitu Mujahid dan Menteri Pelajaran Dr Maszlee Malik."
negative,a-ulasan dalam apa pun tindakan ketua-ketua umno barisan nasional dan jentera diayah mereka yang termasuk laskar siber unsur putar-belit sentiasa ada dan amat jelas
positive,"Hasil siasatan mereka diterima – dan lembaga pengarah syarikat itu dibubarkan, pasukan pengurusan dirombak dan operasinya dikaji semula"
negative,Umno BN telah salah gunakan kuasa mereka sebagai kerajaan untuk menakutkan orang supaya tidak beri ruang kepada kita untuk bertemu dengan rakyat
positive,"Ada (rakyat Malaysia) yang gamit dari jauh, ada juga yang ambil video"
positive,Rakyat Selangor perlu buka mata dan menilai sebaiknya kerana banyak lagi isu termasuk ketidakcekapan pentadbiran Kerajaan Selangor
negative,Perbuatan itu mengundang bahaya kerana risiko terkena renjatan elektrik.
negative,"Memang dalam proses penukaran kepada sistem yang lebih cekap, akan ada pihak-pihak yang terjejas terutama mereka yang berpendapatan rendah. "
positive,"Kerajaan bukannya memandai-mandai buat itu ini, sebaliknya yang dilaksanakan adalah bagi penuhi permintaan atau cadangan diterima daripada peringkat bawahan sendiri"
negative,didakwa atas tiga pertuduhan pecah amanak dan satu tuduhan menyalahgunakan kuasa
negative,"Mereka hanya tahu bercakap buruk tentang orang lain,"
positive,sistem politik adalah suatu yang bersifat anjal dan fleksibel
negative,Projek dijalankan kerana muara sungai telah tertutup dan menyebabkan aliran air sungai tidak lancar
positive,Pendidikan sudah pasti akan menjadi (projek kegemaran) saya secara peribadi dan sebagai duta Turki di sini.
positive,"Bagus, fantastik"
positive,Ia juga berbekal bukti dan fakta dengan isu terpilih bagi meyakinkan pengundi kenapa mereka perlu tolak kerajaan Pakatan Harapan (PH).
negative,pada pendapat penulis krisis rohingya ini telah mencetuskan persoalan yang perlu diatasi kerana ia melibatkan pegangan kuat asean kepada prinsip tidak campur tangan dalam hal ehwal dalaman anggota
negative,Undi rosak nafikan hak pengundi
positive,"Tetapi nampaknya sehingga kini semuanya masih berjalan seperti biasa, atau business as usual"
positive,"Kalau kita tipu takkan BN kalah di Selangor, Pulau Pinang dan Kelantan"
positive,"Kita berjaya kurangkan dan kita harap dengan isu-isu berlaku sekarang ini, keadaan itu akan jauh berubah"
positive,"Paling utama, kita hanya tawarkan apa yang kerajaan mampu bagi, yang mampu kita tunaikan, boleh buat"
positive,Idea yang baik kerana dapat memberi kelancaran trafik dan saya percaya ia boleh dipersetujui menerusi rundingan dua hala kedua-dua negara
positive,Harapan tawar masa depan lebih baik dengan meletakkan hak rakyat di tempat yang sebenar dan kedaulatan negara tidak dikompromi
positive,"Saya tidak terperanjat YB Rafizi kini sokong kepentingan syarikat lebih daripada kepentingan umum, lebih sokong kronisme dan nepotisme berbanding ketelusan"
positive,jumlah ini sesuatu yang besar dan perlu diberi perhatian khusus agar pembangunan sektor koperasi setaraf syarikat besar lain
negative,iklim politik Malaysia belum terbuka untuk menerima lebih ramai wanita ditampilkan.
positive,Bandar kita perlu sesuai didiami dan juga lestari
positive,"Kita dalam BN juga yang turun padang sampaikan bantuan, kemudian barulah mereka turun"
negative,itulah realiti zaman najib
positive,"Prestasi baik itu membolehkan kerajaan masih mampu mengekalkan tarif elektrik pada 38.53 sen setiap satu kilowatt sejam (kWj) bagi tempoh tiga tahun lagi, menyamai kadar yang dilaksanakan sejak Januari 2014"
positive,Ini adalah perkara asas yang kami boleh bantu bagi memastikan sekolah menjadi tempat yang selamat
negative,Saya hanya boleh katakan pendidikan yang menyebabkan kita ketinggalan
negative,"Dalam suasana hampir dengan pilihan raya umum misalnya, muncul pelbagai pihak dalam masyarakat yang mencetus pelbagai isu hingga boleh menggugat perpaduan negara."
positive,Sekolah agama dan maahad tahfiz yang belum mendaftar harus segera berbuat demikian
positive,"Sebelum ini memang seronok dapat beli harga barang yang murah tetapi kualitinya agak rendah, namun apabila kerajaan mengumumkan kali ini barangan yang berjenama pula yang akan dijual dengan harga murah, ia merupakan satu perkhabaran yang  baik"
positive,Kajian lebih perlu diberikan kepada tawaran-tawaran yang dibuat sebab 10 peratus itu banyak untuk kurangkan harga kereta
positive,"Saya percaya apabila perdana menteri kita sekarang, Datuk Seri Najib Razak, mendapat idea itu dan melihat bagaimana raja-raja Saudi mempertahankan kuasa mereka selama ini, dia merasakan ia idea yang bagus"
negative,"Ya, ekonomi dirangsang tetapi ia bergerak terlalu pantas tanpa rundingan sewajarnya."
negative,"jadi pencadang, penyokong, penaja calon bebas atau pembangkang akan dipecat"
positive,BBM percaya penekanan pendidikan agama mampu hindari mereka daripada unsur negatif
negative,Bukan dengan memnubuhkan jawatankuasa berita palsu
negative,"Pemimpin Umno yang waras tidak mungkin akan menyokong Jho Low, apa lagi menyayangi penyangak itu."
positive,"Kita telah keluarkan subsidi berjumlah RM26 bilion secara bersasar termasuklah Bantuan Rakyat 1Malaysia (BR1M) dan bantuan kepada nelayan, petani serta pesawah."
positive,merapatkan jurang pembangunan di antara Sabah dengan Semenanjung
positive,Apa yang diperkatakan orang ramai itu sebenarnya tidak mempengaruhi sedikit pun penduduk di kawasan ini.
positive,"Kementerian saya berusaha untuk menubuhkan Perbadanan Pengurusan Awam Kebangsaan bagi tujuan mengurus dan memelihara kualiti perumahan rakyat, di samping meningkatkan kualiti kehidupan penduduk B40"
negative,"Menurut laporan itu, tindakan berkenaan, selain bercanggah dengan langkah-langkah penjimatan kerajaan, juga tidak mematuhi pekeliling Jabatan Perkhidmatan Awam"
negative,"Penjawat awam yang berada di puncak kekuasaan, yang mana telah mengangkat janji kebertanggungjawaban dan kesetiaan, telah mengabaikan tanggungjawab mereka dalam memastikan adanya semak dan imbang, dan gagal untuk mempertahankan dana awam daripada diseleweng"
positive,Ini cuma bererti mereka mungkin menyimpan kemarahan mereka dan akan mendedahkannya pada hari pengundian
positive,Ini kerana Suruhanjaya Persaingan mempunyai kuasa untuk menyiasat kes-kes penipuan bidaan kerana sesetengah kes rasuah dan salah laku semasa menunjukkan tanda-tanda penipuan
positive,Jadi kita sudah ambil langkah supaya pemegang kad pengenalan palsu tidak terlepas daripada JPN dan Imigresen
negative,pelaksanaan gst pemansuhan subsidi kenaikan tarif perkhidmatan dan kelemahan nilai ringgit semuanya menyebabkan kos sara hidup meningkat dan kualiti hidup rakyat jelata merudum
negative,"setakat ini dilihatnya sebagai cubaan meraih simpati, bukan untuk menarik sokongan pengundi atas pagar, sebaliknya terarah kepada penyokong"
negative,"Apabila ramai mendapat APC, mereka mungkin akan terus bersemangat membuat kerja yang diberikan oleh ketua mereka dan bagi saya, ini adalah perkembangan positif"
positive, inilah yang mereka katakan kepada kami yang mereka diancam agar menjauhkan diri daripada pembangkang
negative,bidas pihak dakwa berpolitik dalam masjid
positive,aspek penting dalam perkara ini adalah perkaitan rapat dengan kedudukan ekonomi orang melayu dan masyarakat bumiputera yang adalah kelompok kaum terbesar di negara ini
positive,Kadar kebolehpasaran graduan di negara ini pula adalah sebanyak 79.1%
positive,menggalakan golongan muda menceburi pertanian dan cari cara menjana kekayaan baharu sektor agro makanan
negative,"Apabila kita melihat barangan secara berasingan, ia menakutkan"
positive,kerana tidak ramai yang percaya bahawa tujuan keseluruhan perjalanan sehari Nazifuddin ke Taiwan adalah semata-mata hanya untuk minum wain dan makanan
positive,Pilihan raya bukan sahaja mengenai parti politik tetapi memilih individu yang dapat menjaga kawasan dengan baik
negative,"Bila harga minyak jatuh, Arab Saudi (antara) negara pengeluar minyak (utama) pun yang sebelum ini kerap menderma kepada negara-negara Islam terpaksa meminjam kepada bank dunia sebanyak AS$10 bilion kerana kesan kejatuhan itu"
positive,Tiada halangan bagi mereka yang masih belum mendaftar sebagai pemilih untuk berbuat demikian selagi Daftar Pemilih belum diwartakan
positive,Bahasa Arab tidak lagi mempunyai nilai sebagai bahasa ilmu kecuali dalam bidang agama
positive,"BEIM sedang bekerjasama dalam mempromosi, memelihara dan membina komuniti perniagaan rakyat Malaysia yang utuh mengikut tatakelakuan etika perniagaan contoh dan sihat."
negative,"Anggota polis atau tentera bukannya golongan tidak berpelajaran atau buta maklumat kerana mereka boleh membaca surat khabar, menonton televisyen dan mempunyai telefon untuk mendapatkan pelbagai informasi berguna, sebelum mengundi."
negative,"Namun jika didapati keluarga atau waris tidak dapat membantu, maka tindakan intervensi itu adalah penting bagi kita"
positive,"Yang jelas, saya tidak sokong YB Gombak (Azmin) kerana dia akan merugikan rakyat Selangor lebih RM2 billion dalam isu penyusunan semula industri air Selangor"
negative,walaupun asean telah menubuhkan pengintegrasiannya sebagai sebuah komuniti yang mesra rakyat ia hanya kata-kata sahaja kerana masih belum ada identiti asean sebenar
positive,Semua ini boleh dicapai kerana UMNO di bawah kepimpinan sekarang adalah parti demokrasi ultra populis yang mendapat sokongan padu majoriti orang Melayu dan rakyat Malaysia
positive,Mereka menerima kedatangan kami dengan baik
positive,Namun sebagai kerajaan yang bertanggungjawab dan keterbukaan Perdana Menteri hari ini pandangan semua pihak dianggap bermakna dalam penggubalan sesuatu undang-undang
positive,"Mengenai pencalonan Wanita UMNO dalam Pilihan Raya Umum ke-14 (PRU-14), saya sudah berbincang panjang lebar dengan Presiden UMNO. "
negative,menepis tuduhan yang mendakwa badan berkenaan tidak telus dalam menjalankan proses pilihan raya di negara ini.
positive,mencerminkan semangat kental dan kesungguhan BN untuk merampas kembali kerusi yang terlepas daripadanya pada pilihan raya umum lepas.
positive,Pembangunan baharu termasuklah pengkomputeran awan perindustrian untuk mengawal proses pembuatan
negative,pembelian penonton merupakan salah satu taktik bagi menagih simpati atau pengaruh pada saat-saat akhir berkempen.
negative,media sosial digemparkan dengan berita diculik oleh seorang lelaki menyamar sebagai bapanya
negative,Harga produk ini sejak beberapa tahun terakhir menunjukkan peningkatan ketara
negative,pasukan juga perlu berdepan dengan kos besar untuk menggugurkan pemain lama jika mahu mengikat pemain baharu.
positive,mahu rakyat bertambah yakin dan selesa dengan segala sistem atau perkhidmatan
positive,Kami hantar barangan ke sana dengan kontena dan ia habis dengan begitu cepat sekali
positive,"berkat solat Hajat dan bacaan Yasin yang sering dibaca penduduk kampung, situasi menjadi kembali tenang."
positive,gembira dan meluahkan rasa syukur kerana bergelar duta jenama Ariani untuk tahun keempat.
negative,"tidak ada lagi perdana menteri yang sanggup memerangi aliran pemikiran Islam yang jumud, kolot dan mundur ini dalam bidang politik, ekonomi dan keilmuan. "
positive,Kenapa saya mesti buat begitu dan bagaimana saya boleh tinggalkan kawasan yang saya curahkan khidmat bakti selama ini.
negative,Amaran Datuk Seri Najib supaya rakyat tidak percaya kepada berita palsu hanya omongan kosong umpama ketam mengajar anak berjalan
positive,Takkan hendak tunggu sampai benda buruk terjadi baru hendak ambil tindakan?
positive,"Selaku menteri Perumahan, Kerajaan Tempatan dan Kesejahteraan Bandar, menjadi tanggungjawab kita untuk memastikan penggunaan beg plastik ini dikurangkan."
positive,Kita ikut suara pucuk pimpinan
positive,"Jadi, persaingan tiga penjuru membabitkan penyertaan PAS adalah bonus kepada UMNO/BN Selangor yang datang kemudian,"
negative, Apa yang membimbangkan sekarang adalah elemen keselamatan yang boleh menjadi ancaman pada masa depan
positive,"Patriot memuji usaha KWSP yang tampil menafikan beberapa dakwaan yang dibuat Sarawak Report, terutama yang merujuk kepada dana tersebut."
negative,"Walaupun tahap korupsi tidak seteruk Najib, Mahathir ketika pentadbirannya telah menjejaskan demokrasi di Malaysia."
positive,SMO adalah alternatif disediakan oleh kerajaan bagi individu yang mahu memproses permohonan PRA sendiri dengan kadar yang minimum
positive,"Saya akui dia pernah menolong saya dan keluarga yang kononnya berjumlah RM25,000 tetapi sebenarnya tidak sampai jumlah itu."
negative,"Ini bermakna, Datuk Sri Najib dan 1MDB diberikan keistimewaan untuk tidak memfailkan pembelaan"
positive,Kita harus berusaha berkomunikasi antara satu sama lain.
positive,"Saya percaya kepada pihak keselamatan untuk menjaga keselamatan dan memastikan perjalanan PRU14 lancar, selamat dan harmoni"
negative,Saya lihat apa yang tersebar ini sebagai mainan daripada pihak tertentu yang mahu merosakkan kredibiliti kerajaan.
negative,Jika hari ini GST diperlukan sebabnya ialah kerana banyak wang Kerajaan disalah guna dan dibazirkan. 
negative,begitu juga krisis keganasan ke atas minoriti rohingya dan minoriti lain di myanmar bukan lagi persoalan dalaman myanmar tetapi melibatkan rantau negara jiran dan seluruh dunia kerana tindakan diambil myanmar di anggap memiliki unsur pembersihan kaum dan dari segi undang-undang antarabangsa ia melibatkan persoalan jenayah kemanusiaan antarabangsa dan genosid
positive,SPR bersedia memberikan kerjasama sepenuhnya kepada polis dalam menjalankan siasatan berhubung kes ini sekiranya diperlukan
negative,Kami melakukan kesilapan.
positive,tidak kurang juga sektor pertanian yang perlu diperkasakan di samping melatih rakyat malaysia agar berkemahiran tinggi dalam pelbagai bidang
negative,"Jika tidak berubah, bukan sahaja mengancam kebersihan persekitaran tetapi boleh mengancam keselamatan penduduk"
negative,berubah 360 darjah daripada seorang yang berbudi bahasa kepada individu yang suka mencerca.
negative,"Tuduhan sebegini menyebabkan terjadinya buruk sangka dalam kalangan netizen, lantas menjejaskan reputasi dan integriti anak guam saya"
negative,"Namun, dalam konteks keberkesanan demokrasi, prinsip kebebasan untuk tidak menyuarakan pendapat tidak patut dipupuk sehingga boleh menyebabkan kematian kepada demokrasi itu sendiri."
positive,Jadi raya pun boleh disambut dengan meriah...
positive,Kami sudah mengumpulkan bahan ceramah dan dihasilkan dalam bentuk manual bagi memudahkan penceramah.
positive,"Sebaliknya, kerajaan sedia ada tidak sekadar berjanji atau bercakap untuk memburukkan orang lain. "
positive,Rakyat di Permatang Pauh bijak pandai dan mereka tahu siapa sebenarnya yang boleh tadbir di Permatang Pauh
negative,"Ini mungkin permulaan tindakan Hadi untuk menghancurkan dan memusnahkan Pakatan Rakyat, yang berjaya dilakukannya selepas pilihan raya umum ke-13"
negative,Hal ini amat tidak masuk akal.
positive,Kerajaan hari ini terus menggalakkan inisiatif dalam memperkasakan belia ke arah kepimpinan untuk memastikan masa depan yang lebih baik yang dapat memenuhi perkembangan ekonomi yang pesat serta masalah pencemaran alam sekitar
positive,"Loji rawatan itu mesti dapat air mentah untuk dirawat, bukan dapat dari angin."
negative,"Kita ambil contoh di Johor, ada yang wujudkan persepsi bahawa orang Cina dan Singapura telah menekan orang Melayu, lalu dipinggirkan. "
positive,"Dasar  ini mudah sahaja, kalau daun warna hijau, tetapi kita cat biru. lama kelamaan akan jadi hijau jugak, sebab dasar itu berlainan,"
positive,Mereka tidak diletakkan dalam apa-apa operasi taktikal di barisan hadapan
negative,Niat mereka ialah untuk menyerang Kota Suci adalah sama seperti melanggar rukun Islam yang menjadi tiang agama
positive,"Saya boleh menang tapi kalau saya bertanding atas tiket parti, peluang nak menang lagi mudah, paling tidak majoriti tidak kurang 8,000 undi,"
positive,Diskaun tol yang diberikan tahun ini istimewa kerana lebih awal berbanding tahun sebelumnya sebagai tanda keprihatinan kami kepada pengguna Lebuhraya SMART
positive,Menurutnya semua pemimpin kerajaan termasuk perdana menteri dan timbalan perdana menteri tidak terkecuali untuk isytiharkan sebarang bentuk hadiah yang diterima
positive,"Pilihan raya matang akan bawa perubahan baru iaitu bila dah tak amanah, rakyat menderita maka perlu berani ambil buat keputusan tegas"
positive,"Sentimen ini dipacu terutamanya oleh pertambahan syarikat pemula niaga, perluasan perniagaan tempatan dan kemasukan firma asing yang akan mewujudkan peluang pekerjaan dan keperluan terhadap pelbagai kemahiran"
positive,Ini bermakna segala kelengkapan di semua bilik darjah nanti akan mempunyai peralatan pendidikan yang terkini dan moden
positive,"Masyarakat sekarang gunakan kemajuan IT utk kongsi ilmu, pengalaman, info kesihatan, keselamatan, tolong menolong sambil kongsi kegembiraan kedukaan sesama manusia untuk menyalurkan bantuan"
positive,"Pakatan Harapan akan berusaha untuk mengurangkan, malah sebaiknya menghentikan kegiatan-kegiatan ini demi menjamin kehidupan yang lebih baik buat penduduk khususnya Orang Asli"
positive,berkata arahan tutup mulut patut melibatkan penerbitan kenyataan atau bahan-bahan berkaitan merit kes itu.
negative,Saya tak boleh lari kerana undang-undang tidak dihormati. 
negative,dalam jangka masa pendek dan sederhana kehidupan rakyat jelata akan menjadi bertambah sukar dan mereka perlu belajar lebih berdikari
positive,"Saya sekali lagi ucapkan selamat menyambut ulang tahun ke-40 kepada semua warga PNB, dan saya yakin masa depan PNB akan terus cemerlang"
positive,"Pembangkang gagal menyatakan bahawa dakwaan sumber dana dalam tuntutan sivil DoJ adalah daripada Aabar BVI, yang menurut DoJ, dikatakan mempunyai urusan perniagaan dengan Jho Low."
positive,seorang arkitek tidak lemah walaupun setiap pilihan raya yang disertai akan kehilangan wang pertaruhan.
positive,"calonnnya lebih awal merupakan satu strategi baik kerana ia akan memberinya cukup masa untuk menyelesaikan isu, termasuk cubaan sabotaj dan mempunyai lebih banyak masa untuk mendekati pemilih."
negative,Ada kebimbangan mengenai dasar awam dalam kalangan pengundi terutamanya di kawasan orang miskin luar bandar
positive,Satu lagi perkara penting ialah mendapatkan sokongan daripada kawan-kawan atau keluarga
negative,"Seseorang individu, sejauh mana dia popular suatu ketika dahulu pun tidak boleh membawa perubahan tanpa ada kekuatan parti di belakangnya"
positive,pengusaha-pengusaha kereta sewa menerima tempias daripada momentum pilihan raya apabila kebanyakan mereka menerima tempahan berganda sejak seminggu lalu daripada pelbagai pihak.
negative,Sinaran LED bawa mudarat
negative,"Dengan ditarik balik berbagai subsidi termasuk minyak tekanan ke atas rakyat, terutama golongan miskin dan yang berpendapatan sederhana amatlah berat."
positive,Sudah  tiba masanya untuk Mukhriz berhenti memutarbelitkan fakta dengan sengaja untuk menyelamatkan dirinya dan tampil bersih
positive,"Kalau tanya saya, saya setuju sahaja, (tempoh kempen) panjang tidak apa, pendek pun tidak apa tetapi kita mengharapkan ada etika dalam berkempen"
positive,"Selain dapat merawat penagih, kita juga boleh eksport ubat sirap (cairan) ketum dan menjana ekonomi negara kita"
negative,Kita menjemput Israel bukan atas kehendak kita.
positive,Saya bertanding di 1 kerusi yang di mana semua orang anggap tidak boleh menang.
positive,menerima permohonan maaf  berkenaan selepas menyedari kesilapannya membuat kenyataan seumpama itu.
positive,justeru asean perlu mengambil tindakan sebagaimana dianjurkan oleh malaysia
positive,"Berjuanglah dengan gagah berani tanpa tolak ansur dan bila sudah menang, jalankan amanah sebagai pemimpin"
positive,Kita (Felcra) perlu mempelbagaikan usaha (untuk meningkatkan perolehan) berikutan isu minyak sawit dengan EU
positive,Tak ada orang yang memahami logiknya
negative,PH Johor mengesyaki penangkapan Mazlan bermotif politik. 
positive,Tidak ada rakyat Malaysia yang mahukan perasaan kebencian ini terus ditanam dan disemai di dalam jati diri setiap warganegara
negative,Artikel tersebut disiarkan semalam dengan antara kan­dungannya berbentuk ulangan serta membangkitkan semula dakwaan dan tuduhan pihak pembangkang meskipun ada yang telah dijawab.
positive,"Tiada nelayan di semenanjung Malaysia yang berpendapatan dibawah RM500 sebulan, jika ada saya percaya mereka bukan nelayan sebenar yang berdaftar tetapi sebaliknya nelayan sambilan yang tidak menangkap ikan sepenuh masa"
positive,Politik Islam masih menekankan soal matlamat dan agenda Islam yang wajib menjadi garis asas perjuangan sesebuah bangsa iaitu untuk ‘menjaga agama dan mentadbir dunia dengan manhaj agama’
positive,beliau menyeru supaya mereka bertindak memilih calon-calon yang tepat agar kemajuan terus dapat diberikan oleh kerajaan.
positive,UTC merupakan antara usaha dan inisiatif kerajaan untuk menyediakan pelbagai perkhidmatan utama kerajaan dan sektor swasta kepada komuniti bandar di dalam satu pusat sehenti atau di dalam satu bangunan
positive,Jika ada di kalangan mereka yang terlibat dalam aktiviti pengganas dan tentunya mana-mana negara tidak perlu menyatakan kekhuatiran atau kegusaran terhadap apa yang dilakukan oleh kerajaan Malaysia ini
positive,Inilah yang rakyat mahukan dan kerajaan akan bekerja keras memenuhi harapan mereka dan berikan hak mereka
positive,"Atas kejayaan ini, saya ucap tahniah kepada kepimpinan Tan Sri Abdul Wahid Omar dan Datuk Abdul Rahman Ahmad"
positive,selain dari kesatuan eropah asean boleh dikatakan berjaya dari perspektif pertubuhan kerjasama serantau terutamanya dalam bidang ekonomi kerana berupaya mengubah taraf hidup dan pencapaian perkapita termasuk mengurang taraf kemiskinan penduduknya
positive,"Jangan stres, kalau kita buat cara betul, kalau kita tinggalkan benda tak baik, kita boleh stres"
negative,"Sebelum ini, apa yang diberitahu kepada kita sangat tidak tepat."
positive,"Terdapat 16 pusat dan institut latihan di seluruh negara, yang melahirkan lebih 1,000 orang graduan setiap tahun"
negative,menjangkakan tsunami fitnah akan bermaharajalela dalam media sosial
positive,"Pada saya, saya fikir mereka patut teruskan"
negative,"Daripada kajian kami lakukan, kebanyakan mereka tidak faham dan tidak pasti untuk membuat permohonan Rumawip"
negative,"Mengapa beliau tidak datang, kenapa tidak berani, kenapa pengecut sekadar menjadi keyboard warrior. Tidak boleh macam itu, awak hendak bantai orang datanglah secara terbuka."
positive,Kami akan memberi tentangan walaupun sebagai underdog
positive,Sebab itu kita perlu berhati-hati kerana fitnah ini kesannya sangat buruk dan hukumnya haram dan berdosa kepada penyebar atau menerima bulat-bulat tanpa usul periksa
positive,secara peribadi saya lebih yakin kepada ahli ekonomi yang mewakili institusi-institusi penyelidikan bebas dan universiti
positive,"Kami berpendapat, sebarang persoalan mengaitkan isu politik yang timbul mestilah diselesaikan dengan hujah dan fakta."
positive,"Jadi saya puas hati bahawa saya punya kuasa budi bicara, ia boleh dibawa keluar, tetapi menurut peraturan mesyuarat 95A, tidak boleh disiarkan dengan apa cara sekali pun"
positive,"Disebabkan itu saya telah mengarahkan siasatan yang paling komprehensif dan terperinci dilakukan dalam sejarah korporat Malaysia, siasatan yang melibatkan pelbagai pihak berkuasa termasuk jawatankuasa parlimen dianggotai parti kerajaan dan pembangkang"
negative,hari ini diperintah oleh Mahkamah Rayuan agar membayar ganti rugi
negative,"Penjawat awam yang angkuh, biadab dan tidak bertanggungjawab itu, yang sesetengah orang anggapnya ‘sarjana agama’, jelas sekali tidak faham seseorang tidak akan tahu bila ajal tiba"
positive,"Perhimpunan ini akan menjadi platform semua badan pensijilan halal berkongsi pengalaman dan perkembangan terkini industri halal bukan berkaitan makanan semata-mata, tetapi sudah berkembang kepada barang gunaan seperti kosmetik dan farmaseutikal"
negative,Pengundi di dua kawasan itu berkali-kali ditipu pembangkang...apabila mereka berjanji tidak ditunaikan..sampai bila mahu ditipu lagi
positive,Polis telah bekerjasama dengan Suruhanjaya Komunikasi dan Multimedia (SKMM) bagi kes terdahulu
positive,Hubungan yang rapat ini penting dalam meningkatkan kebolehpasaran graduan agar dapat menepati kehendak industri selepas mereka bergraduasi
negative,Anak-anak yang masih muda membuang masa di sekolah-sekolah ini yang tidak mempunyai kokurikulum dan sistem pendidikan akademik yang moden.
negative,sebaliknya apa yang berlaku adalah tsunami fitnah dan tohmah oleh pembangkang.
negative,Rata-ratanya menolak Barisan Nasional (BN) atas isu-isu yang melanda
positive,"Bagaimanapun, terbukti hanya dalam tempoh enam bulan, 11,000 peneroka mendapat kepercayaan dan kembali bersama FELDA"
positive,"Kemasukan saya dalam parti mana-mana pun termasuk Amanah,  pendirian saya bukan bermatlamat untuk menjadi calon kerana parti sudah tentukan kerusi dan calon yang bakal bertanding."
positive,malahan penelitian isu ini perlu diberi nafas baharu sesuai dengan keadaan semasa dan cabaran masa kini
positive,"Ini secara tidak langsung dapat membantu kira-kira 440,000 pekebun kecil getah dalam meningkatkan pendapatan mereka dan kepelbagaian penggunaan getah terutamanya dalam sektor pembinaan dapat mengurangkan stok getah semasa"
positive,Kita turut memperkasakan kakitangan mengenai aspek keselamatan termasuk kebakaran dan ia dijalankan secara berterusan.
negative,Tapi mereka melampaui batas (dengan) melindungi penjenayah.
negative,"Kalau mereka ikhlas mahu berjuang untuk rakyat dan mempu­nyai agenda yang lebih hebat daripada BN bagi membangunkan negara, mereka hanya akan membentangkan bagaimana ma­hu melaksanakan apa yang terkan­dung dalam manifesto mereka, tetapi manifesto mereka sekadar sehelai kertas yang mempunyai janji-janji kosong yang tidak mampu akan dilaksanakan."
positive,"Setakat  ini, Alhamdulillah,  tak ada  seorang pun yang terkorban  dalam  kejadian keganasan di Malaysia. "
positive,Paparan secara langsung itu membolehkan sesi persidangan berkenaan ditonton masyarakat di seluruh dunia
negative,Hakikat bahawa plaintif (Anwar) hanya akan memberi butiran lanjut dan lebih baik mengenai dakwaan penipuan melalui pendedahan mempunyai kecacatan dan fatal
positive,"Satu kata sepakat sudah dicapai antara kami berhubung agihan 36 kerusi Dun di Kedah, saya andaikan semua pihak pastinya ada wujud rasa kurang puas hati, atau mungkin berpuas hati dengan apa yang dimuktamadkan,"
positive,"Setelah mendapat bukti yang cukup dan merujuk kepada pihak pendakwaan, kita akan bertindak dan mendakwanya di mahkamah"
positive,Ia membuktikan mereka sudah memasakkan iltizam untuk berkerja kuat berhadapan mana-mana pihak lawan
positive,Sebab itu semakan perlu dibuat dan menjadi tanggungjawab kepada pengundi itu sendiri bagi memudahkan semasa hari pengundian
positive,Jadi di sini kerajaan datang tolong...itu sistem kita
negative,Ini tak disiasat oleh ROS
positive,"Jadi, perlu dasar awam baru diperkenalkan untuk benar-benar membebaskan golongan ini daripada kemiskinan"
positive,"Pada masa ini, manggis, nanas dan daging itik dieksport ke Jepun. "
negative,"Suasana pada masa ini tidak didominasi harapan dan kegembiraan, tetapi penuh ketidaktentuan dan ketidakpastian. Tempoh kempen akan menjadi lebih penting berbanding biasa"
positive,komited untuk berbakti dan mampu mencetuskan satu revolusi pembangunan
positive,"Sebagai pembangkang yang matang dan sejahtera, PAS akan menghadapi pilihan raya umum dan tidak menumbang kerajaan dari pintu belakang"
positive,"Oleh itu, projek bangunan tambahan Hospital Langkawi telah diluluskan di bawah Rolling Plan Ketiga RMK-11"
positive,"Penduduk kampung yang terselamat di Kampung Tanjung Batu memberitahu saya, mereka (pengganas Kiram) mencari saya, tetapi saya tidak pernah gentar"
positive,Harapan percaya proses menyuburkan semangat demokrasi amat penting kepada pelajar sekolah. 
positive,"Ini apat dibuktikan menerusi pelaksanaan Inisiatif Melestari Pembangunan Komuniti (1MPAK) oleh MARA baru-baru ini dan melalui kerajaan yang menyasarkan untuk mewujudkan sebanyak 250,000 peluang pekerjaan kepada generasi muda"
positive,"Saya menyokong gesaan BN Selangor ini, tetapi hanya jika mereka memutuskan untuk menggunakan beg mesra alam"
negative,"Ini negara apa sebenarnya, nyanyi pun salah"
positive,"Bagaimanapun, Rang Undang-undang ini sama sekali tidak menyekat hak kebebasan bersuara rakyat sebagai mana yang diperuntukkan di bawah Perlembagaan Persekutuan"
negative,"Menteri di Jabatan Perdana Menteri, Datuk Seri Shahidan Kassim menjawab kerajaan pusat kehabisan dana untuk bantu mangsa banjir di Pulau Pinang. "
negative,Pihak pembangkang sentiasa memusatkan matlamat dan agenda mereka untuk menjatuhkan kerajaan sedia ada.
positive,"Bagi penduduk di sini, mereka tahu siapa wakil rakyat yang beri perkhidmatan dan kerja keras untuk mereka"
positive,berkata kerajaan sedang merangka formula terbaik dalam memastikan gejala rasuah yang berlaku di negara ini dapat dikurangkan dan seterusnya dihapuskan.
positive,ni menyebabkan mereka bersaing satu sama lain yang antara lain akan meningkatkan kos operasi berikutan perlu membayar gaji ramai pekerja
positive,jangan pilih yang sekadar hendak menggunakan masjid sebagai platform atau batu loncatan untuk karier masing-masing.
positive,Saya juga nampak kepentingan penggunaan Bahasa Inggeris apabila kita menerima pelancong di Felda ini
negative,Saya fikir mereka ini tidak layak lagi jadi anggota parti
positive,Kita bukan mahu bentuk kerajaan saja tapi meletakkan yang benar layak tadbir negara dan meletak kedudukan negara ke landasan semula
positive,"Sekiranya ada pelajar bercadang menyambung pengajian di luar negara seperti di Timur Tengah, ia akan memudahkan proses selanjutnya"
positive,"Macam kita buat di sini, di Kiulu ini, asas masa depan"
negative,disembur cat dan dikoyakkan sebagai protes kepada Suruhanjaya Pilihan Raya
positive,Ayer Hitam dianggap kawasan yang paling kuat dalam MCA dan BN
positive,berkenaan dengan penggunaan domestik dijangkakan pelbagai insentif akan diumumkan oleh kerajaan bagi membolehkan rakyat memiliki kuasa beli yang lebih tinggi misalnya pengurangan cukai pendapatan golongan berpendapatan sederhana
positive,Maknanya Geely merupakan syarikat yang begitu ternama dan itu sebabnya Proton memilih Geely sebagai rakan kongsi dan kita rasa ia pilihan tepat
positive,"“Sebagai pengedar Proton, kita tidak boleh menjual kereta kepada (ahli) Persekutuan Persatuan Hokkien dengan diskaun khas ini…ia ‘bypass’ pengedar, sebaliknya terus kepada Proton"
positive,"Jadi waktu berbahas nanti, saya tahu yang berhormat… selama 10 tahun (saya) duduk di sini semua cerdik, benda tak dibaca pun waktu berbahas boleh tahu, boleh sebut apa lagi perkara begitu telah dibincang lama. "
positive,di negara yang betul-betul maju perlu mengamalkan konsep demokrasi yang tidak mengongkong rakyat.
positive,"Aspek keselamatan harus didedahkan kepada semua pelajar sebagai persediaan sekiranya berlaku sebarang kecemasan seperti kebakaran, banjir mahu pun serangan wabak penyakit"
negative,Berita palsu akan ada dalam strategi kempen saat-aat akhir...itu saya pasti
positive,kerajaan bertanggungjawab dan tidak akan membuat sebarang janji sekiranya tidak mampu melaksanakannya.
positive,"Sumbangan daripada segmen itu adalah penting, menyumbang seperlima daripada hasil, selain daripada pendapatan sampingan lain, iaitu, makanan dalam penerbangan, perkhidmatan daftar masuk lapangan terbang dan perniagaan logistik"
positive,"Malah, turut membantu individu yang dijangkiti HIV untuk mendapatkan rawatan yang baik."
negative,Memang ada asas yang menimbulkan kebimbangan
positive,"kembali bergerak cergas sebaik saja beliau mengangkat sumpah sebagai perdana menteri Malaysia ketujuh pada Mei, memikul tanggungjawab berat mengemudi negara dengan penuh tenaga yang terdapat pada dirinya sepanjang usia lebih sembilan dekad."
positive,"Saya mengaku, saya pun pernah sebut bila berdepan dengan hadirin yang 100% Melayu."
positive,Kita sudah arahkan Jabatan Perhutanan membuat kajian dan kita tunggu hasil kajian dahulu
negative,muat naik gambar alat sulit
negative,Negara mengamalkan demokrasi berparlimen tetapi kini lebih dikenali sebagai negara kleptokrasi disebabkan pemimpin kerajaan yang telah merompak dan merampas hak rakyat
positive,demi menjamin kesinambungan pembangunan untuk kesejahteraan rakyat.
positive,"Bagi sektor awam, ketua di setiap agensi, boleh membantu memastikan kakitangan mereka keluar mengundi lebih awal kerana mengundi sangat penting untuk memilih kepimpinan negara demi kesejahteraan rakyat,"
negative,"ia boleh menjejaskan ahli dari segi moral, semangat dan kesungguhan bermati-matian nak memenangkan calon"
negative,Ternyata mereka ini adalah agen yang wujud bagi memporak-perandakan Bersatu
positive,secara keseluruhan telah bersedia menghadapi pilihan raya itu serta sedia menghadapi sebarang kemungkinan hasil percaturan
positive,"Terima kasih kepada langkah yang berani itu, walaupun hanya tinggal enam bulan lagi pada tahun itu, kita melihat trafik penumpang di LCCT melonjak 31 peratus kepada 7.6. juta daripada 5.8 juta pada 2006,"
negative,"Apa lagi yang boleh kami lakukan? Kami sudah menghantar surat bantahan dan memorandum kepada kerajaan negeri sejak 2010,"
positive,Semua pihak diseru supaya meneliti terlebih dahulu sejarah pengurusan hal ehwal Islam di negara ini selain melihat sumbangan Jakim kepada seluruh masyarakat Islam
positive,Bukan semua perkara kita perlu lapor kepada polis
positive,"Tidak wujud situasi apabila tiga atau empat parti politik Melayu bertanding dan cuma satu parti Cina dan menyebabkan parti Cina menang, tidak jadi begitu"
positive,rais sangat prihatin tentang ekonomi orang melayu sehingga akhir hayatnya
negative,"Resolusi itu memberi kesan besar terhadap Malaysia, bukan sahaja dari segi ekonomi, malah terhadap pendapatan pekebun kecil kelapa sawit yang bergantung kepada penjualan hasil eksport berkenaan"
negative,Kami tahu Harapan tidak boleh laksanakan perkara itu. Itu manifesto mereka dan satu janji yang pasti kepada rakyat
negative,Ia juga menyebabkan negeri-negeri mula membandingkan sesama mereka negeri mana yang mencapai GPS di sekolah rendah
positive,Aplikasi ini dibangunkan untuk menyediakan kemudahan semakan secara mudah alih kepada orang awam untuk mengetahui status pendaftaran sebagai pemilih.
negative,asean sudah menjadi rantau di mana genosid telah berlaku
negative,"mengulas lanjut tidak menafikan kemungkinan wujud cubaan menyogok pengundi oleh pakatan pembangkang, namun menyebarkan dakwaan perbuatan itu dilakukan untuk mengaburi kegiatan berkenaan."
negative,turut menasihatkan rakyat supaya tidak tertipu dengan pembangkang yang menjadi tangan ghaib dalam pembangkang.
positive,beliau akhirnya berjaya mendapatkan kad pengenalan sebelum pencalonan ditutup.
positive,"Sekarang, kita serah kepada polis untuk melakukan siasatan penuh berhubung perkara ini"
positive,"Tanpa masalah, mereka dibenarkan memasuki dewan untuk mengemukakan kertas pencalonan mereka."
positive,"Kad itu untuk mereka yang lahir di China tetapi berhijrah ke Malaysia dan diberi kerakyatan Malaysia, jadi mereka boleh guna kad itu untuk pulang jika mahu"
positive,dari segi perangkaan dan mengikut analisis biasa ekonomi kita tidaklah terlalu teruk
positive,"Sekarang, asrama-asrama itu diambil alih oleh jabatan pendidikan dan saya gembira kerana inilah tanggungjawab bersama, iaitu menyediakan kemudahan untuk anak-anak kita di sekolah"
positive,"""Sejak merdeka, kita sentiasa mengiktiraf peranan wanita dalam politik, ekonomi malah memberi mereka peranan penting dalam pentadbiran negar"
positive,"Mereka yang mendukung demokrasi hendaklah berkhidmat sebagai penjaga kepada keutuhan sistem demokrasi secara umum dan hendaklah menjaga kebebasan, demi kelangsungan sistem demokrasi itu sendiri."
positive,Kita mahu memastikan semua peringkat masyarakat menikmati kemudahan yang lebih selesa
positive,hasrat ini berteraskan kepada prinsip menghormati kebebasan integriti wilayah dan kedaulatan setiap negara anggota
negative,malaysia bukan sahaja mengalami masalah defisit belanjawan yang serius tetapi juga defisit kebolehpercayaan terhadap kerajaan yang teruk
negative,"Yang betul-betul boleh kalahkan Najib Razak dan (isterinya) Rosmah Mansor dan seluruh jentera Barisan Nasional (BN), tak lain tak bukan hanya Tun Dr Mahathir Mohamad yang layak"
negative,"Saya melihat bahawa menjelang PRU14, pihak pembangkang akan sentiasa menggunakan pelbagai isu dan provokasi yang boleh menyebabkan kemarahan rakyat termasuk ingin menunjukkan wujudnya kepincangan di pihak kerajaan."
negative,"Kalau dah hentam kerajaan secara terbuka, memang itu tindakan sepatutnya diambil"
positive,"Oleh itu, kita boleh menjangkakan aktiviti mencari kerja dan pengambilan pekerja akan meningkat tahun ini"
negative,"Ini bukan sahaja untuk orang India, tetapi semua rakyat Malaysia yang hidup sebagai setinggan"
negative,Tak mustahil 400 aduan kepada ROS itu antara strategi diarahkan ‘pendedak’ setelah masing-masing dapat habuan dari pihak tertentu
negative,"Shafee beritahu penonton dia sedia berdebat dengan sesiapa sahaja, termasuk Majlis Peguam Malaysia berkaitan sabitan itu, tetapi dia tidak bersedia pula untuk hadir ke mesyuarat Badan peguam Malaysia untuk mempertahankan diri"
positive," Terdapat banyak lagi harus dilakukan, dan kami perlu meningkatkan usaha serta melaksanakannya"
negative,"Bulan ini tidak boleh menang, dia buat kacau sahaja."
negative,ahmad zahid hamidi mendedahkan ada pihak yang merancang untuk melakukan strategi surprise last minute attack slma yang melibatkan isu-isu tertentu menjelang pru ini
negative,Ini hanya menunjukkan suasana terdesak.
positive,juga boleh meminta bantuan untuk memajukan Islam yang sihat daripada intelektual Islam yang terhormat di negara ini
positive,Saya tidak akan lari ke kawasan lain. 
positive,Kita perlu kembali kepada kerajaan yang telah terbukti kebolehannya membangunkan negara berbanding (kerajaan) sekarang
positive,Saya kagum dengan keindahan semula jadi yang ada di Felda Lurah Bilut ini di mana ada dua sungai mengalir. Kita akan rawat air Sungai Bilut dan Sungai Kertau (boleh diminum) untuk kegunaan peneroka
positive,pilihan raya hendaklah menjadi pilihan raya bebas dan telus
positive,Saya ada cukup bukti dan saya akan terus membongkar kegiatan rasuah serta salah guna kuasa pemimpin PKR Selangor
positive,Pencapaiannya agak baik di situ.
positive,dilaksanakan bagi meneruskan kemakmuran
negative,"memperlihatkan rakyat memperolehi maklumat yang bercampur aduk antara kebenaran, fakta dan penipuan."
negative,"Rumusan awal yang dapat dibuat setakat ini adalah kerana unsur sabotaj, namun kita akan melakukan siastan menyeluruh sama ada pemilik kilang mempunyai musuh dalam perniagaan atau sebaliknya"
positive,Kejayaan PNB juga boleh diukur dari sudut menjayakan dasar induk kerajaan bermula dengan DEB khususnya dalam aspek pengagihan kekayaan negara kita supaya lebih adil dan saksama.
negative,"Di negeri lain boleh dapat RM500, tapi di Pulau Pinang hanya dapat RM250 saja."
negative,"Kalau kita buat pilihan salah, kerajaan tidak boleh laksanakan pembangunan dengan lancar"
positive,Projek seperti ini membolehkan belia terus menetap di tanah rancangan bagi meneruskan usaha ibu bapa
negative,Tetapi kehidupan kami terjejas oleh kerana pembalakan meluas oleh syarikat-syarikat swasta.
positive,"Tribunal bukan sahaja mengendalikan kes gangguan seksual, tetapi berperanan memberi nasihat, cadangan serta laporan keberkesanan dari semasa ke semasa kepada kerajaan"
positive,"Kita hendak mendekati masyarakat dengan cara sebegini sesuai dengan cogan kata Polis Diraja Malaysia (PDRM), iaitu ‘Polis dan Masyarakat Berpisah Tiada’,"
positive,"Kehadiran mereka, bukan langkah awal buat Malaysia membuka pintu kepada Israel,"
negative,"Panel berkenaan berpuas hati bahawa laporan yang diterbitkan mendakwa aktiviti perlombo­ngan yang dijalankan oleh syarikat itu menjejaskan penduduk Bukit Koman, adalah tidak seimbang dan tidak adil kepada perayu."
negative,"Kita masih tak mampu untuk mengeluarkan peralatan persenjataan, apatah lagi menghasilkan kepingan artileri yang asli"
negative,"Malah, ada peniaga yang lebih berani melabel kandungan atau peratus nikotin dalam cecair vape tertentu, kemudian dilekatkan pada botol cecair berkenaan"
negative,"Apa yang menjadi masalah kita, apabila masyarakat gemar berkongsi maklumat mereka kepada pihak lain. "
negative,Kerajaan negeri akan terus beretorik dan bermain kata-kata bagi menampakkan semuanya baik dan tiada cacat cela di pihak mereka
positive,berkhidmat dan mengabdikan diri kepada perjuangan membela nasib rakyat dan memajukan Sabah yang tercinta
negative,rakyat marah harga barangan naik
negative,Kadangkala mereka mengadu mengenai caj 20 sen.
negative,kita perlu realistik dan tidak memberikan maklumat yang salah kepada rakyat kata beliau menerusi catatannya dalam blog beliau https sskeruak
positive,Apa yang berlaku pada hari ini adalah kejayaan kerajaan dalam soal perbankan Islam dan banyak lagi
negative,Jawapan kelakar daripada Menteri
negative,mengakui bimbang peratusan keluar mengundi yang rendah di kawasan Permatang Pauh akan menyebabkan mereka berdepan risiko kekalahan pada Pilihan Raya Umum
positive,"Hakikatnya adalah sumber tuduhan tu terkandung dalam tuntutan sivil Jabatan Kehakiman (DoJ) Amerika Syarikat, yang sebenarnya telah ditangguhkan sejak Ogos 2017."
positive,Ini bagi menentukan reka bina dan pelaksanaan projek ini akan dilakukan dalam masa terdekat ini dan penting bagi Singapura untuk membentuk badan bertindak seperti yang dilakukan oleh Malaysia
negative,"Kononnya tanpa GST Kerajaan tidak boleh berfungsi, tak dapat bangunkan negara."
positive,Peraturan-peraturan yang ada pada 25 tahun dahulu mungkin tidak lagi sesuai untuk dipakai pada zaman ini dan sudah sampai masanya untuk menubuhkan satu perbadanan dan undang-undang bagi membuat 'redevelopment' ke atas perumahan kos rendah dan PPR
positive,Kesedaran itu pun kerana mereka mengenali PIDM berdasarkan logo dan jenama PIDM yang sering dilihat di bank-bank
positive,Golongan ini kalau boleh mahu berkhidmat selagi hayat dikan­dung badan
positive,"Justeru, saya beritahu Sabah (negeri) merdeka dalam Malaysia"
negative,Kenyataan itu dibuat ekoran muncul klip audio yang tersebar melalui aplikasi WhatsApp yang mempunyai maklumat apa yang didakwa pembaziran melibatkan sepinggan kek hari jadi Datin Seri Rosmah Mansor 
positive,"Ini tiga formula yang harus ada pada pemimpin Umno/BN walaupun kita diasak dari pelbagai sudut, Insya-ALLAH Kedah akan terus berjaya tak kira bila pun parlimen dibubarkan minggu depan atau bulan depan."
positive,Saya teruja maklumkan dia akan jadi sebahagian ahli keluarga dari PKR.
positive,Kami merancang membangunkan kemudahan perkilangan yang baharu di kawasan itu yang dijangkakan dapat mengukuhkan kecekapan syarikat dalam menyediakan produk berkualiti kepada pelanggan
negative,kamu bn tidak yakin dengan rakyat kamu sendiri kamu sanggup menipu dan membeli orang dari bangladesh filipina dan indonesia untuk mengundi kamu
positive,Pekerja tidak formal seperti penjaja jalanan perlu diberi nasihat sewajarnya serta ruang di tempat awam kerana mereka juga mampu menyumbang kepada ekonomi negara
positive,"Perbuatan seperti itu tidak patut berlaku, setiap pegawai dan anggota JPJ sudah diberikan latihan mengenai integriti serta perlu mempunyai disiplin yang tinggi"
positive,Ini satu lagi contoh bagaimana subsidi pendidikan disalurkan
positive,"Sehubungan itu, pegawai dan anggota bertugas hendaklah sentiasa bersiap siaga dalam membuat pertimbangan dan penilaian dalam memberikan bantuan dan perlindungan kepada orang awam yang datang ke balai polis agar mereka tidak merasa takut dan trauma."
positive,"Jika kita bersama (bersatu), maka Allah SWT bersama kita, tapi kita tidak bersatu"
positive,"Kita tidak meminta kerajaan pusat untuk hulur sumbangan RM 700 seperti yang disumbangkan oleh Kerajaan Pulau Pinang, cukup sekadar menyamai jumlah yang diberi kepada maangsa banjir di negeri lain seperti dijanjikan perdana menteri"
positive,"kita tidak boleh ‘pakai’ pembangkang sebab kalau kita nak majukan sesebuah wilayah atau negeri, mahupun sebuah negara, kita mesti meletakkan kepercayaan kita kepada sebuah kerajaan yang ada rekod kejayaan dan ada kekuatan serta kemampuan bawa perubahan kepada negara kita"
positive,Saya sekadar untuk jadi petugas bagi memenangkan calon mana-mana  parti dalam Harapan. 
positive,"Jika suri rumah dan penganggur ditahan kerana mengkritik perdana menteri, mengapa individu-individu ini tidak dikenakan tindakan"
positive,"Sebaik kita dapat konsensus dalam Kabinet, saya berharap kita boleh bawa undang-undang baharu ini ke sesi Parlimen akan datang"
negative,apa yang kita lihat hari ini ialah serangan tentera myanmar yang terlalu berlebihan dan tidak berperikemanusiaan
positive,Sekarang keadaannya tidak sama dan sarjana Islam sudah mengeluarkan ijtihad (pandangan) baru
positive,Mereka ini akan bekerjasama memastikan kita menang di situ
positive,"""Pemeliharaan khazanah alam harus dipertingkatkan dari tahun ke tahun dan diberi keutamaan oleh semua pihak sama ada di peringkat kerajaan negeri, swasta dan sebagainya"
positive,Kita mahu menggalakkan syarikat Malaysia pergi ke sana
positive,"Ertinya kerajaan ada fokus dari segi modal insan, kerajaan mahu lihat Malaysia menjadi sebuah negara maju."
positive,Jika diperhatikan dalam setiap Felda ada lokasi dan produk unik yang boleh diketengahkan
positive,Rang Undang-undang ini digubal demi kepentingan masyarakat umum bagi melindungi rakyat daripada lambakan berita tidak benar serta menjadi mangsa kepada berita tidak benar.
negative,"Ini boleh mendorong berlakunya amalan yang salah dalam kalangan masyarakat,"
negative,Tidak sepatutnya kata-kata kesat keluar daripada mulut bekas pemimpin negara.
positive,"Langkah yang logikal dan realistik perlu dalam menyelesaikan isu berkaitan golongan muda, bukan hanya menjanjikan penyelesaian yang tidak boleh dicapai seperti yang dibuat sesetengah pihak"
negative,Satu lagi elemen pembohongan yang ketara adalah gaya hidup mewahnya sekeluarga termasuk amalan  penggunaan pesawat eksekutif
negative,Warga media juga terdedah kepada pelbagai situasi yang mungkin membahayakan keselamatan mereka semasa membuat liputan sepanjang kempen PRU-14.
negative,dilihat muslihat keji bagi mengaburi mata pengundi Melayu.
positive,Kerajaan Singapura akan terus bekerjasama dengan Malaysia untuk mencari kaedah lain yang praktikal untuk memudahkan perjalanan di antara Singapura dan Malaysia
positive,"Peruntukan bagi pembinaan bangunan sekolah baharu itu nanti akan dimasukkan bersama dalam projek memperbaiki sekolah yang terjejas teruk akibat banjir, baru-baru ini"
positive,Cadangan memperkenalkan undang-undang menangani berita palsu bukan untuk menyekat kebebasan bersuara rakyat tetapi bertujuan mengekang penyebaran fitnah melampau yang boleh menimbulkan ketegangan kaum
positive,Kita perlukan kerajaan yang kuat
negative,"Namun begitu had tunggakan cukai tidak kurang daripada RM2,000 bagi individu dengan tujuan sekatan perjalanan ke luar negara yang dilaksanakan oleh LHDN disifatkan kurang sesuai dengan keadaan ekonomi semasa"
positive,Kami semua bersatu hati
positive,lagipun kerajaan telah menyatakan bahawa pakej rangsangan tidak boleh diumumkan sewenang-wenangnya bagi membolehkan sasaran defisit fiskal dapat dicapai
positive,Saya mahu tindakan diambil
positive,"Kita sebagai kerajaan beriltizam untuk pastikan keadaan ini akan berterusan,"
positive,"Kita mesti buat dasar-dasar yang berasaskan satu visi dan gagasan yang besar bagi mengisi impian, hasrat, cita-cita dan memberi harapan kepada orang muda"
negative,Antara mereka yang terdedah kepada ancaman keselamatan ialah kakitangan Suruhanjaya Pilihan Raya (SPR) dan agensi kerajaan yang terlibat dalam memastikan kelancaran proses pemilihan.
positive,"Bagi saya, orang tua yang sudah berkuasa lebih 22 tahun sepatutnya masuk pondok, mengaji kitab, zikir banyak-banyak, bertaubat mohon maaf kepada manusia atas kesilapan yang lalu"
positive,Bukan mengekang dengan kuasa.
positive,tidak pernah mengenal erti serik bertanding walaupun sudah lima kali tewas beberapa pilihan raya umum dan pilihan raya kecil.
positive,"Mereka mahukan infrastruktur lebih baik supaya boleh tingkatkan produktiviti, bekalan air yang baik dan perkhidmatan pengangkutan"
positive,"Kita lakukan ini demi rakyat... kerana pada penghujung hari, kita semua adalah rakyat Malaysia, kita mencari wang di sini dan Mydin membuat RM50 hingga 70 juta setahun"
negative,Banyak pihak yang mempertikaikan program ini apabila ia dilaksanakan  hampir dengan pilihanraya
positive,adalah tanggungjawab kerajaan myanmar untuk menegakkan undang-undang dan memberhentikan serangan terhadap rakyat sendiri akan menjadi myanmar lebih selamat
negative,"Ahli Parlimen selalu turun padang, tapi bantuan tak pernah sampai pada masyarakat Siam."
negative,berhubung penerbitan artikel dan video berunsur fitnah berkaitan aktiviti perlombongan emas
positive,Pakar-pakar gua dari Britain telah memainkan peranan penting sepanjang misi menyelamat dan meruipakan pasukan penyelamat pertama menemukan kumpulan remaja
negative,terus persenda kalimah syahadah
negative,"Ini bermakna harga makanan RM100 pada 2010, meningkat kepada RM130 tahun lalu."
positive,bukannya masih mengharapkan pelbagai konsesi kerajaan yang akhirnya menguntungkan sebelah pihak sahaja
negative,"Apabila kamu sombong, kamu fikir kamu sendirian sangat kuat yang kamu boleh menggerakkan sesuatu"
negative,arwah begitu disayangi oleh semua anggota keluarganya kerana kehadirannya menceriakan suasana rumah yang sudah lama tidak kedengaran suara anak kecil
positive,Dan kita bersedia untuk berdepan dengan PAS
positive,"Hal ini kerana tindakan sedemikian akan menambah baik nama, prestij, keyakinan dan penghormatan rakyat terhadap Dewan Rakyat dan bukan sebaliknya."
positive,"Malah, konsep turun padang dilaksanakan sebelum ini untuk menemui masyarakat di Simpang Renggam yang diamalkan sejak sekian lama turut menjadi asas kekuatan sokongan masyarakat terhadap BN"
positive,"Kerajaan wajar mengkaji semula had tunggakan cukai yang dinaikkan kepada RM10,000 untuk pembayar cukai individu dan RM50,000 untuk syarikat."
negative,"Kehendak ibu bapa, eksploitasi ustaz"
positive,Kita sudah menjalankan kajian perbandingan dengan negara lain dan (kadar faedah) kita berada di pertengahan
positive,Kita minta pihak konsesi ini dimansuhkan
negative,Penstrukturan semula subsidi digunakan untuk menampung ekonomi negara yang parah kesan daripada salah urus tadbir oleh BN
negative,"Sebagai orang muda, kami kecewa dengan Dr Mahathir"
positive,"Kini, mereka bangkit dengan kekuatan baharu, merancang strategi, merapatkan saf kepemimpinan dan menggiatkan usaha turun padang"
positive,Kerajaan akan terus berusaha untuk melahirkan lebih ramai usahawan tani atau agropreneur berpendapatan tinggi di negara ini sekali gus bagi memenuhi permintaan produk makanan yang kian meningkat di dalam negara dan peringkat antarabangsa
negative,dijangka mencetuskan lebih banyak helah dalam usaha menarik perhatian dan sokongan pengundi ketika kempen Pilihan Raya Umum
negative,Individu yang mahu dipilih mesti bersih dan tidak dilingkari dengan isu-isu yang boleh menjadi modal kempen untuk parti lawan.
positive,sumber inspirasi dan dia bercita-cita untuk menjadi pengusaha syarikat pengiklan yang canggih setanding dengan syarikat gergaji lain.
negative,Orang kita tidak berani berterus-terang dalam hal ini kerana telah menyekutukan Arab dengan Islam
negative,"Pengurangan ini berlaku bukan disebabkan oleh kemerosotan prestasi ahli KEMAS, tetapi ia disebabkan oleh pengurangan staf KEMAS pada tahun lalu"
positive,Satu daripadanya ialah projek Lebuhraya Pan Borneo di Sarawak (dan Sabah)... ekonomi  negara juga semakin baik apabila berkembang sehingga 5.9 peratus seperti diumumkan  oleh Bank Negara Malaysia dan kalau ikut penarafan dari segi ekonomi ia semakin bertambah baik berbanding dahulu
negative,Fake news! berita palsu sejak Parlimen dibubar
positive,Saya juga meminta mereka membaiki rekahan dan juga memeriksa keadaan cerun dengan kerap
positive,Oleh itu saya berharap rakyat tidak tersalah pilih dan janganlah pilih pemimpin yang tidak mempunyai pendirian semata-mata demi kepentingan diri
negative,dengan sebarang teknologi baharu anda mempunyai satu daya tarikan tetapi pada satu tahap semuanya akan dicampak ke luar tingkap
positive,PAS akan menjadi 'king maker' atau pencatur utama politik pada PRU-14.
positive,Kami tak akan rela orang kata jadi MP pasu bunga saja di sana
positive,Lebih 26 juta pelancong asing juga datang ke Malaysia pada 2016 dan ini dijangka meningkat kepada 30 juta menjelang 2020
negative,Saya sangat hairan kenapa wang RM8 bilion yang disalahgunakan oleh ahli dari Semporna sewaktu menjadi KKLW
positive,Peruntukan ini akan digunakan untuk membeli lebih banyak peralatan canggih dan terkini bagi kegunaan pesakit yang menerima rawatan di pusat pembedahan katarak unik ini
positive,Perlu ada keseimbangan antara sains agama dan sains sosial
positive,"Kami akan mengemaskini perkembangan terkini, sebaik saja kerja penyelenggaraan selesai,"
positive,Kita serahkan pada pengundi untuk buat penilaian tapi saya rasa pengundi Permatang Pauh bijak buat keputusan dan mereka dah lama beri sokongan kuat pada PKR
negative,"Apabila berpandu kepada emosi ditambah tidak faham keadaan sebenar, mereka buat janji tidak munasabah"
positive,"Saya terbuka, malah sering meminta tunjuk ajar pemimpin tempatan dan menerima komen atau teguran mereka tanpa mengira status sebagai wakil rakyat"
positive,"Jika mahu dilihat jujur, kita wajib berlaku jujur"
positive,"Oleh itu, tidak boleh ada kebimbangan dalam kalangan bukan Islam jika terputusnya hubungan keluarga, dengan sebab menganut Islam"
positive,"Ekonomi global terus bertambah kukuh dengan pertumbuhan kini lebih mantap dan segerak merentas rantau, perdagangan global terus mencatat prestasi pertumbuhan yang kukuh"
positive,Peniaga seharusnya memberi 20 sen kepada pembeli yang membawa beg sendiri dari rumah dan bukannya caj itu hanya dikenakan kepada mereka yang tidak membawanya dan meminta beg plastik.
negative,SPR (Suruhanjaya Pilihan Raya) pula tiada kuasa mengawal pendapatan dan perbelanjaan parti politik.
positive,Tetapi kalau hal-hal sosial dan kemasyarakatan boleh
positive,Stesen yang meletakkan pekerja di pam minyak selalunya menerima lebih banyak pelanggan daripada stesen yang mengamalkan sistem layan diri
negative,Mungkin sebab itu ramai yang keluar (daripada parti)
positive,"Jadi, kita sediakan peraturan baharu untuk mereka bersara dan hidup dengan selesa."
positive,Kita (kerajaan negeri) tidak pernah catu.
positive,"Saya beritahu pengerusi dan ahli-ahli jawatankuasa saya, dan mereka bersetuju"
positive,"Walau apa pun fitnah pembangkang, syarikat 1MDB ini tidak bangkrap, masih berupaya membayar hutangnya, syarikat ini masih membangunkan aset-aset yang kita ada dan ini adalah fakta yang tidak dapat dinafikan oleh pembangkang sendiri dan ini jauh lebih baik daripada membuat saman fitnah kepada pembangkang."
positive,"Sebelum ini, GPS dijadikan sebagai petunjuk prestasi utama secara purata"
negative,"Kesemua dakwaan tersebut adalah fitnah, tidak bertanggungjawab, tidak bermoral dan didorong oleh anasir luar dan pihak tertentu yang mahu menguasai serta memudaratkan perniagaan Utusan Melayu."
positive,"Ini jauh berbeza dengan caj rawatan sekurang-kurangnya RM3,000 sehingga berbelas ribu jika dijalankan di hospital atau klinik mata swasta"
negative,"Kita lihat media-media (ini) telah menimbulkan persepsi yang amat negatif, sebahagian daripada kita pun yang beruniform mempunyai prasangka yang begitu kerana apabila sesuatu berita diulang-ulang, pasti ia ke minda dan lekat di hati kita."
positive,"Kalau majoriti rakyat nak (PPSMI), kita akan laksanakan."
negative,pengundi Cina sudah masuk dalam poket dia tetapi sebenarnya pengundi Cina mula keliru
negative,"Kita tidak sampai ke punca masalah itu, penyakit sebenar"
positive,"Pada 2016 dan 2017, sebanyak 720,000 tan getah asli yang dihasilkan di Malaysia dibekalkan oleh pekebun kecil dan Lembaga Getah Malaysia (LGM) disarankan agar mengkaji kaedah bagi meningkatkan penggunaan getah yang boleh dikomersialkan"
negative,Ada yang tanya kenapa saya seorang penyibuk dan menghantar memo itu kepada mereka
positive,menteri kewangan itu mendakwa ekonomi negara kukuh berkembang pesat dan asasnya kuat
positive,KKM mempunyai bukti dan saksi bagi kes ini dan Hospital Sultan Ismail turut mengemukakan laporan kepada polis
positive,meminggirkan isu ini satu kesilapan besar
positive,"Saya rasa gembira dan perdana menteri juga amat gembira melihat keseluruhan projek MRT berjalan dengan lancar,"
negative,"Ringkasnya kawalan ke atas dana parti politik di Malaysia terlalu longgar, atau sebenarnya, langsung tiada,"
positive,"Tak pernah dalam Kabinet Persekutuan, tak pernah dalam sejarah, 7 orang menteri berasal dari Sabah."
negative,"Apatah lagi pengakhiran yang akan diambil adalah meletakkan label di dahi seseorang itu dengan cop 'liberal, songsang, ekstrimis, rasis, homophobic' dan bermacam lagi gelaran, yang secara tak langsung bagi yang beragenda politik pula akan berterusan menduga tanpa sedar ianya mampu mencetuskan ketegangan."
positive,ketika keadaan ekonomi dunia dan domestik berada dalam keadaan yang cukup mencabar sekali peruntukan besar boleh memberi kelegaan kepada rakyat dan sektor perniagaan
positive,Perdana Menteri sebagai Pengerusi 1MDB perlu menjelaskan sumber pembayaran kepada IPIC dan alasan-alasan kenapa pembayaran RM14 bilion secara fraud kepada IPIC dibuat oleh 1MDB
positive,Kita tukar-tukar kerana dua kementerian ini penting untuk tentukan keselamatan dan keamanan negara
negative,badan berkenaan perlu dianggotai lima hingga tujuh orang yang mewakili setiap negara anggota asean dan majlis dengan anggota itu akan dipengerusikan oleh individu yang amat berpengalaman
negative,Kerajaan patut malu dengan tindakan pelbagai negara yang bertindak ke atas dana diselewengkan itu
positive,Kami akan pastikan dua DUN (Sungai Panjang dan Sekinchan) dan Parlimen Sungai Besar berada dalam genggaman BN.
negative,"Sesetengah gangguan daripada individu nakal itu satu hal, tapi ancaman terbesar kita adalah di serata dunia ketika ini berdepan gerakan untuk menyuntik kebencian dan rusuhan"
positive,SPR akan hebahkan nama wakil/ejen yang bertugas pada hari tersebut supaya rakyat tahu bahawa proses pilihan raya berlaku dengan telus dan adil
positive,"Mahathir yang membangunkan Langkawi, daripada sebuah kampung nelayan menjadi destinasi pelancongan terkenal di dunia."
negative,"Saya lihat rumah PPR, mereka (penyewa) masuk (menduduki) kemudian terbiar...ini rumah sewa, depa (mereka) harap tuan tanah (pemilik projek PPR) baiki, tapi tuan tanah nak baiki macam mana jika sewa pun tak bayar"
negative,"Hari itu saya nyanyi lagu lawan GST pun tak boleh, dia (polis) nak siasat saya, ingat saya melakukan jenayah ‘besar-besar’."
positive,Kita usaha juga untuk berpakat.
negative,bagaimanapun kerajaan umno bn nampaknya tidak mampu dan tidak bersedia untuk berterus terang dengan rakyat jelata bahawa ekonomi negara sedang mengalami masalah sistemik
negative,"menggelar sebagai kuda ditunggang, dia perlu melakukannya atas nama sendiri"
positive,Satu kombinasi baik
positive,Setiap pengarah atau wakil negeri perlu mematuhi dan akur dengan keputusan yang diputuskan serta mengikut surat siaran yang dikeluarkan
positive,"Projek ini akan memberi manfaat kepada generasi kedua FELCRA yang terbabit, sekali gus memberi peluang kepada mereka memiliki rumah sendiri"
positive,"Malaysia juga sedang memberi fokus terhadap dasar bandar kebangsaan serta perundangan, peraturan dan undang-undang bandar, perancangan dan reka bentuk bandar, ekonomi bandar dan kewangan perbandaran, di samping pelaksanaan tempatan"
positive,pada masa yang sama ekonomi negara juga perlu dirangsang melalui peningkatan pelaburan swasta dan penggunaan domestik
positive,"Kemudian, dalam Pakatan Harapan ada ramai ulama yang lahir dari gerakan Islam."
positive,Kita sokong sebarang usaha perundangan yang boleh menyekat kumpulan yang suka berbohong dengan menggunakan fakta yang salah
positive,Momentum PRU13 masih ada
positive,"Dua tahun lepas ia dikatakan sebuah agenda Yahudi, tapi ada baiknya apabila tular menyebabkan orang nak tahu"
positive,"Pelaksanaan penyelenggaraan itu dibantu oleh pihak bomba yang akan menentukan piawaian keselamatan yang ditetapkan,"
negative,"Apabila kita membuat fitnah menerusi laman sosial, ia akan memberi impak negatif kepada penama malah keturunan penama"
negative,"Tengok sahaja janjinya, sebelum ini nak buat jambatan merentasi Sungai Kelantan yang menghubungkan Kota Bharu dengan Tumpat, tidak jadi."
positive,Rakyat ingin lihat bagaimana kerajaan membelanjakan wang jika kerajaan mahu mengumpul RM40 bilion daripada kutipan GST setiap tahun
positive,"Pekedai buku, penjual, pencetak buku dan akhirnya kepada ekosistem yang melibatkan banyak isi rumah"
negative,perlembagaan parti memperuntukkan mana-mana anggotanya yang bertanding tanpa kebenaran parti boleh dipecat.
positive,Harap-harap akan kita boleh selesaikan dalam masa terdekat
positive,Pastikan pengundian dila­kukan berdasarkan manifesto fal­safah dan ideologi parti yang mendominasi sesuatu gabu­ngan
negative,"Kalau kita nak tunggu sehingga ilmu itu diterjemahkan kepada bahasa kita, tak mungkin semua ilmu diterjemahkan dan mungkin terjemahan itu tidak sebaik seperti bahasa asalnya"
positive,Keutamaan ketika ini adalah bekerja untuk Barisan Nasional (BN).
positive,perkara yang penting adalah memilih seorang pemimpin yang mampu memberikan perkhidmatan trbaik untuk rakyatnya.
positive,pihak lawannya mempunyai  jentera pilihan raya yang kuat sekali gus memaksa  pihaknya bekerja lebih keras untuk memenangi hati pengundi pada pilihan raya umum kali ini.
positive,Sebenarnya kita sudah ada satu pelan pembangunan induk untuk Wang Kelian
positive,"Maksimumkan pergerakan dan kalau sebelum ini kita buat program seminggu sekali, tapi sekarang kena berubah, buat program setiap hari bersama rakyat"
negative,Pilihan raya yang bebas dan adil adalah penting dalam memastikan hak asasi manusia. Mengadakan pilihan raya yang bebas dan adil bermakna hak asasi manusia masih subur dan keperluan rakyat mendapat pertimbangan
positive,Maka oleh sebab itu Mapim melihat perlunya satu gerakan bersepadu melibatkan NGO di seluruh peringkat rantau Asean digembleng dalam mencari penyelesaian terhadap perkara ini
positive,"Oleh itu, keperluan untuk rakan kongsi strategik asing menjadi lebih jelas jika Proton ingin memulihkan kedudukan sebagai peneraju pasaran automotif Malaysia"
positive,"Perdana Menteri tidak seharusnya memegang jawatan sebagai menteri kewangan,"
positive,Saya telah buat yang terbaik untuk penduduk Teluk Intan selepas  kemenangan pada PRK lalu dan saya yakin rakyat akan membuat penilaian mereka pada PRU nanti
positive,"Kalau hendak lawan propaganda Israel, kita harus bersatu"
negative,tindakan itu merupakan sebahagian daripada percubaan yang gagal untuk menggulingkan kerajaan
negative,sendiri gagal menghadiri sesi ceramah dan penjelasan yang diadakan walaupun dibuat secara terbuka untuk sesiapa sahaja yang mahu menyertainya.
negative,"Salah satu faktor sekolah ditutup adalah kerana sistem pengurusan lemah dan kekurangan penajaan,"
positive,Kadar faedah yang ditawarkan haruslah sangat kompetitif
positive,"Kami bersedia untuk berkongsi pengalaman dan pengetahuan dalam pembangunan ekonomi dan sosial dengan negara membangun lain, seperti melalui rangka Program Kerjasama Teknikal Malaysia (MTCP), yang telah menunjukkan kesediaan Malaysia berkongsi pengalaman pembangunannya dengan negara-negara Selatan-Selatan ."
positive,Bersatulah kalau nak maju
positive,Malaysia dengan tegas percaya bahawa Pertubuhan Bangsa Bersatu (PBB) memainkan penting sebagai platform bagi kerjasama antarabangsa berdasarkan prinsip saling menghormati dan undang-undang antarabangsa
positive,"Kita menetapkan setiap peluang pekerjaan yang ditawarkan haruslah minimum RM1,500 sebulan"
positive,Kita bersyukur apabila hasrat untuk melihat pendidikan agama terus berkembang di kawasan ini akan tercapai apabila mendapat maklumat bahawa peruntukan sudah diluluskan
negative,Jadi bebanan ini terpaksa dipikul pula oleh rakyat
positive,"Oleh itu, prestasi signifikan ini sebahagian besar disebabkan oleh komitmen yang kuat oleh ahli fakulti UTM untuk memberi sokongan terbaik dalam memudahkan pengalaman pembelajaran pelajar sambil memanfaatkan bakat yang berpotensi di kalangan pelajar untuk berusaha ke arah mencapai kecemerlangan"
negative,Ini semua muslihat dan pendekatan preemtif gabungan itu untuk mengelirukan para pengundi semua kaum akan hilang kuasa.
positive,Kerajaan mempunyai rangka tindakan yang kukuh untuk membangunkan negara di bawah kepimpinan perdana menteri dan rakyat perlu menolak pembangkang yang terus bermain politik retorik dan kebencian berbanding BN yang mengamalkan politik membina
positive,"“Alhamdulillah selesai kerja dan tanggungjawab saya kepada rakyat, khususnya pengguna yang melalui jalan itu,"
positive,Ia sama sekali tidak bercanggah dengan mana-mana undang-undang persekutuan atau negeri kerana Jakim bukan badan penguatkuasaan undang-undang Islam
positive,"sedia perkongsi tentang apa saja yang membuat beliau terus cergas, dengan menegaskan pentingnya mengamalkan gaya hidup aktif sekalipun selepas masuk usia persaraan."
positive,Inilah nilai bahasa Inggeris dan kita tak akan hilang bahasa kita seperti orang Jerman
positive,"Oleh sebab ini jelas merupakan dokumen dipalsukan, KWSP membuat laporan polis pada 28 Oktober 2015"
positive,pembangkang pun akan dilindungi daripada menjadi mangsa berita palsu
positive,majoriti mereka yang berada dalam arena politik kini sudah celik media sosial dan lebih menarik setiap perincian kehidupan mereka kini boleh dilayari di alam maya
positive,Punca masalah pada kita sendiri
positive,"pemerhati asing yang terlibat akan melihat bagaimana rakyat dapat terus menunjukkan dengan jelas komitmen mereka terhadap demokrasi, dan rakyat dapat membuat pilihan atas kehendak mereka sendiri."
negative,"Ia merupakan suatu kezaliman terhadap anak, isteri dan keluarga Mazlan."
negative,pada hakikatnya dalam sistem ekonomi sebenar mata wang yang kukuh boleh memberi kesan ketara kepada ekonomi dalam jangka panjang apabila keseluruhan industri menjadi tidak kompetitif tidak mampu bersaing dan beribu-ribu orang tiba-tiba kehilangan pekerjaan
negative,"Golongan ini adalah di kalangan mereka yang mampu untuk membayar hutang perumahan, namun secara tidak langsung situasi ini juga menyebabkan harga rumah meningkat"
positive,"Syarikat konsesi yang dilantik kerajaan memberikan kerja penyenggaraan kepada kontraktor kecil yang layak, sama ada melalui undian atau sebut harga,"
positive,Kita tahu kebanyakan sekolah perlu diselenggarakan daripada semasa ke semasa
negative,percaya calon pembangkang itu masih mempunyai banyak taktik yang akan digunakan.
negative,“Ini sangat memalukan dan menunjukkan kegagalan Jakoa mewakili sebahagian besar masyarakat Orang Asli.
positive,"Jadi tidak dinafikan Mahathir masih mempunyai hubungan peribadi yang rapat dan kuat dengan penduduk di Kedah, terutama di Kubang Pasu, apatah lagi di Langkawi,"
positive,sewaktu tun dr mahathir mohamad memperkenalkan wawasan pada tahun ekonomi kita sedang berkembang rancak sehingga ada kalanya melepasi peratus setahun
positive,"Proses berkenaan, perlu dilaksanakan secara berperingkat dan teratur bagi memastikan perkhidmatan terbaik sentiasa dapat disampaikan kepada rakyat"
positive,Mahathir bukan benar-benar memperjuangkan usaha 'menyelamatkan negara'
negative,"Harapan gagal menangani rasuah, kepimpinan buruk dan ketidakupayaan untuk memeriksa sendiri"
negative,Tetapi JASA memanipulasikannya untuk menyerang HARAPAN
positive,Kita akan menjadikan negara ini lebih mesra perniagaan dan pada masa sama meningkatkan ketelusan dan kecekapan
negative,"Bagi saya, musuh utama dalam politik bila kita terlalu yakin yang boleh menyebabkan kita malas untuk bekerja."
positive,wakil rakyat mudah didampingi dan membawa manfaat kepada masyarakat keseluruhannya
negative,rata-rata kenaikan kos sara hidup pada tahun ini disebabkan oleh pengenalan sistem cukai barangan dan perkhidmatan gst dan juga pelbagai peningkatan perbelanjaan yang lain seperti kenaikan tol baru-baru ini
positive,"Saya amat pasti dan menggunakan pertimbangan sewajarnya ketika menulis kenyataan tersebut,"
positive,Saya menasihatkan jika ada peresapan air maka laluannya perlu diubah
positive,Siasatan telah dijalankan dan tindakan sewajarnya akan diambil oleh pihak MADACorp setelah mengenal pasti punca sebenar berlakunya pertumbuhan padi angin tersebut
negative,"Mungkin ketika Mukhriz terus menafikan tugas saya untuknya dan menafikan manfaat yang diperolehnya daripada nasihat yang saya berikan daripada Cambridge Analytica dan SCL Group bagi Kedah semasa PRU13, adakah beliau juga akan menafikan kemenangan dengan menawan Kedah dan  menjadi Menteri Besar?"
positive,"Semakin tinggi jumlah pengundi yang melaksanakan tanggungjawab, semakin jelas sokongan terhadap barisan pemimpin yang dipilih."
negative,"Saya tahu Najib dari Pekan, orang tempatan, tetapi jika dia lakukan kesalahan dia harus ditolak."
negative,Kalam ingin mengupas tentang sikap sesetengah daripada orang kita yang terlalu taksub de­ngan parti yang disokong sehingga ke peringkat sanggup bermusuh-musuhan.
positive,Ini perlu diubah di mana pusat jagaan ini perlu diintegrasi bersama pusat jagaan kanak-kanak dan pusat aktiviti komuniti supaya adanya komunikasi dengan pelbagai lapisan
positive,Kita mendahulukan pusat Tahfiz yang tidak berdaftar kerana pusat Tahfiz berkenaan kebanyakannya tidak mengikut piawaian yang ditetapkan berbanding pusat Tahfiz yang telah berdaftar
positive,"Saman sahaja pihak yang tuduh Presiden Bersatu, Tan Sri Muhyiddin Yassin ada skandal dengan isteri orang"
positive,"Jadi jika mahu bermacam-macam bantuan, kenalah kekalkan sokongan kepada kerajaan hari ini"
negative,Tidak jadi. 
positive,Saya perlu menjaga kebajikan anda.
positive,justeru institut penyelidikan ekonomi malaysia mier bersama cmi dan kumpulan utusan serta majlis perundingan melayu mpm ingin meneruskan diskusi dan polemik isu ini supaya aspek pertumbuhan dan pengagihan atau economic growth with distribution tetap kekal dan relevan serta diberi tempat yang wajar dalam proses penggubalan dasar awam negara
positive,Kita (kerajaan Barisan Nasional) memiliki dasar-dasar yang stabil dan konsisten dan ini sudah pasti akan diteruskan jika kerajaan sama dapat terus memerintah
negative,kejatuhan harga minyak mentah ketidakpercayaan terhadap kerajaan akibat skandal mdb dan hutang negara yang melambung menyebabkan nilai ringgit jatuh
positive,Bukankah ini memberikan kesan lebih positif dalam membina masa depan kita?”
positive,namun kini berlaku tiga penjuru yang menjadikan persaingan lebih terbuka
negative,penganiayaan juga sudah menjadi satu masalah biasa bagi pengguna media sosial khususnya melibatkan tokoh masyarakat
positive,"Dikatakan Islamik kerana beliau sedia mengetepikan perbezaan politik dengan PAS demi kepentingan Islam, dan menjalin hubungan baik dengan kerajaan PAS Kelantan demi kesejahteraan orang Melayu Islam di negeri itu"
positive,"Saya sarankan kerajaan negeri melantik lebih ramai duta pelancongan dalam kalangan ahli korporat, selebriti dan artis untuk dijadikan ikon"
positive,"Saya mungkin akan sambung ijazah undang-undang, dan sudah tentu saya akan cuba kuruskan badan."
positive,tinggal bersama kami dan dia menceriakan suasana rumah. Kami semua bergilir menjaganya dan adakala keluarga Farrah akan datang menjenguknya di rumah kami
negative,polis Macau tidak secara terbuka mendedahkan maklumat masuk dan keluar individu
positive,Tolong jangan libatkan saya dengan politik
positive,paip ini tahan lebih lama dan tidak mudah rosak jika dijaga dengan elok
positive,"Kami yang uruskan FELDA, kami tahu dan sedar jika dalam keadaan kita telus dan ikut urus tadbir yang baik, kronisme tidak akan wujud"
positive,kita bekerja keras dengan mendekati rakyat demi meraih undi dalam usaha menawan Kelantan
positive,Kita harus kembali ke papan lukisan untuk mengkaji dan melihat sistem yang lebih baik menguruskan kebajikan mereka di sini
positive,"Melalui cara ini, ia akan memberi kesedaran kepada pembeli betapa bahayanya beg plastik yang menjadi penyebab pencemaran alam sekitar."
positive,"Saya lihat sekarang cara DAP urus Pulau Pinang banyak kebaikan, orang Melayu sendiri iktiraf, jadi perkara itu tak timbul dah"
negative,MAIPs mengecam aktiviti Perlis Hope membantu golongan miskin
positive,"Dulu untuk seorang pesakit kita menanggung kos hingga RM50,000 untuk 12 kali rawatan seorang, tetapi dengan ubat ini, kita berupaya mengurangkan hingga RM1,000 saja untuk seorang pesakit"
negative,tsunami fitnah dan kebencian juga akhirnya akan kecundang
positive,"Program sedia ada akan kami teruskan melalui peruntukan kerajaan tetapi pada masa sama di bawah komersial atau pihak pemberi perkhidmatan, mereka harus memperluaskan rangkaian atau capaian Internet kerana hasrat pihak kerajaan adalah untuk merapatkan jurang digital"
positive,"Justeru, kita harap sesi kali ini akan menyaksikan ahli menyuarakan usul berkaitan pembangunan negara, seterusnya menjadi pemangkin kepada usaha kerajaan bagi melahirkan bangsa yang maju selari dengan Transformasi Nasional 2050 (TN50)"
positive,Produk koperasi dapat menarik perhatian pengguna berikutan jenama perniagaan yang digunakan bagi semua keluaran produknya
negative,"Satu sebab ialah pelaku percaya kanak-kanak bebas daripada penyakit jangkitan kelamin, terutamanya HIV dan AIDS."
positive,"Jadi, saya tidak perlu susahkan sesiapa"
negative,"Dalam keadaan terdesak ini, mungkin kerajaan akan jual (aset itu) kepada mana-mana pihak sebab nak dapatkan duit"
positive,Sejumlah RM2 juta pula diperuntukkan bagi program pembangunan produk dan sumber manusia daripada enam komuniti setempat di sekitar kawasan ini
negative,Tetapi kami mendapati ia telah membawa kepada satu budaya yang tidak jurus kepada pembangunan murid
negative,Perkara ini yang menyebabkan pengadu tampil mempersoalkan kepada kepada UTK dan mohon cara baik mengembalikan wangnya tetapi tidak dapat.
positive,Bila dah selesai nanti kita umumkan
positive,"Hari ini jelas bahawa pemimpin MCA peringkat negeri dan semua bahagian bersama ahli jawatankuasa telah datang beramai-ramai,"
negative,"Adalah tidak benar dakwaan yang disebarkan secara meluas dalam media sosial, yang turut disertakan dengan foto yang menunjukkan seolah-olah saya terkedu di sisi beliau, bahawa saya kononnya terus terkucil ketakutan sebaik sahaja Tun Dr Mahathir sampai ke majlis wacana itu"
positive,Namun pendirian MCA tegas iaitu terus mempertahankan keharmonian negara dan kepentingan masyarakat Cina
positive,"Ini semua membebankan rakyat, oleh itu kerajaan membincangkan semula konsesi-konsesi yang ditandatangani"
positive,kestabilan ekonomi adalah asas kestabilan sosial dan politik sesebuah negara dan kestabilan ekonomi tidak mungkin tercapai jika isu agihan ekonomi dan pendapatan sangat tidak saksama
negative,"Jika usaha untuk mencegah jenayah dianggap sebagai jenayah, maka negara itu dipimpin oleh penjenayah"
negative,Tapi sekarang kita kena beli ubat kerana hospital kata ubat habis.
positive,apa cerita mengenai langkah kerajaan untuk tangani isu kenaikan harga minyak mungkin diketahui selepas mesyuarat majlis ekonomi negara esok isnin yang dipengerusikan oleh datuk seri najib tun razak
negative,Kita terpaksa guna duit pelanggan sebab duit sudah habis bayar faedah tidak masuk akal kepada Proton
positive,Seminar dan forum itu adalah khusus untuk memberi fokus kepada kanak-kanak agar  menjauhi diri mereka dan menutup peluang kepada penjenayah untuk melakukan jenayah
negative,menteri kabinet beliau sendiri bercakap mengenai pembinaan hospital kerajaan sakit bekalan ubat di hospital kerajaan yang sering terputus dan pesakit yang dulu mampu berubat di klinik dan hospital swasta kini berpusu-pusu ke klinik dan hospital awam
positive,"Menerusi Jentera BN dan Pusat Daerah Mengundi (PDM) cawangan diwujudkan, pelbagai gerak kerja dirancang dan dilaksanakan."
positive,Saya berharap permohonan ini dapat dipertimbangkan oleh KKM kerana Hospital Bentong adalah sebuah hospital berpakar
positive,"Ini kita telah buktikan...bila ada kuasa undang-undang yang boleh dikenakan kepada mana-mana individu yang kemungkinan besar lakukan jenayah seperti keganasan, maka, tindakan itu sangat berkesan."
positive,Adalah menjadi harapan saya agar program agama di TV dan radio mempunyai penasihat yang tidak berasaskan komersial dan doktrin doa sebagai jalan ke syurga semata-mata.
positive,Dong Zong sentiasa mengharapkan kerajaan agar dapat membina sekolah rendah Cina dengan lebih bersistematik
negative,bagi sesetengah orang kejatuhan nilai mata wang domestik dianggap satu malapetaka
negative,isu pengagihan menjadi mencabar selepas negara menghadapi krisis kaum pada justeru dasar ekonomi baru deb dirancang dengan teliti bagi membantu usaha mengatasi isu kemiskinan dan perbezaan ekonomi di negara ini dalam memantapkan perpaduan negara ketika itu
positive,Pihak kami akan menaja pendidikan mereka sehingga peringkat tertinggi
negative,"Jangan jadi bacul dan penakut untuk buat fitnah menggunakan Whatsapp,"
positive,Inkues yang dicadangkan itu selaras dengan keprihatinan yang orang ramai tunjukkan terhadap kes ini
negative,Penggiat seni seperti kami susah nak cari makan dan hidup di Malaysia
positive,Hanya pemimpin Sarawak boleh menentukan masa depan Sarawak.
positive,Kita harap bukti forensik dapat menyekat pemilik akaun dari memberi alasan akaunnya telah digodam atau apa saja alasan untuk melepas tengkuknya
positive,"Kita tak mahu ada yang salah guna bantuan diberi, kerana peruntukan untuk jayakan program- program ini merupakan satu amanah bagi Yayasan Sejahtera yang diberi kepercayaan dan dana oleh Yayasan Hasanah untuk menggerakkan aktiviti- aktiviti ini"
negative,Tidak ramai yang ada sifat-sifat seumpama itu walaupun ramai yang mendakwa memilikinya
positive,"Bila Pas buat cadangan itu juga boleh nampak kekuatannya kerana dengan ada sumpah baiah (talak tiga) pun masih ada orang keluar, bila gugur ini boleh lihat keikhlasan ahli untuk bersamanya"
positive,Koperasi Orang Asli yang ada sekarang kebanyakannya tumpu sektor perladangan dan tidak kepada sektor pelancongan yang mampu beri keuntungan besar dengan modal sedikit
positive,"memberikan perspektif terbaik berkaitan isu 1MDB termasuk menjawab segala persoalan ketika sesi penerangan di seluruh negara, mendapat pujian ramai. "
negative,Pertumbuhan sekolah-sekolah tahfiz ini berlaku dengan liar kerana kerajaan Barisan Nasional yang lalu membiarkannya kerana takut kehilangan pengaruh keharmonian politik tanpa melihat bahayanya.
positive,Impak kepada isi rumah sangat luas berbanding  dengan berbelanja RM250 beli tiket wayang atau berbelanja di kedai untuk keperluan diri
positive,"Kertas siasatan sudah dibuka jadi kalau hormat perlembagaan undang-undang Malaysia, sila serah diri segera"
positive,Pihak Mahasiswa Pakatan Harapan menggesa Ali Hamsa selaku ketua setiausaha negara menarik balik pelan eksperimen PTD beliau yang tidak masuk akal ini dan memohon maaf kepada kesemua golongan graduan negara yang didiskriminasi beliau baru-baru ini.
negative,Keputusan PAS untuk bertanding di Permatang Pauh amatlah dikesali
positive,"Jika kita bayar cukai, semestinya ingin melihat ia dibelanjakan untuk sesuatu yang perlu"
negative,"Belum kira ahli Pas keluar, ada juga ambil pendirian bertawakuf iaitu tak setuju tapi diam dan tidak pedulikan program, kategori ni ramai dalam Pas "
positive,Ia tidak  harus menjadi  kebanggaan malah perlu dijauhi bagi memastikan kanak-kanak  dilindungi dan dijauhi daripada perbuatan yang membahayakan
positive,Kementerian amat berbesar hati dengan kesungguhan mereka yang terlibat dalam memastikan hak-hak pekerja tidak didiskriminasikan seperti yang termaktub dalam Perlembagaan
positive,"SPR mesti memastikan perbincangan dan arahan yang betul dijalankan oleh kedutaan dan konsulat, kerana tanpa perkara itu pengundi akan berada dalam kekeliruan"
positive,Saya gembira melihat (semakin) banyak negara-negara EU akhirnya bangkit menyuarakan bantahan terhadap langkah diskriminasi membabitkan minyak sawit
negative,"Sungguhpun peratusan kecil, apabila ini berlaku boleh menjejaskan imej polis kerana tanggungjawab polis adalah membantu orang ramai bila mereka ada masalah tentang jenayah"
positive,Perkara itu bagi memastikan tiga pimpinan PH ini berada di kerusi pimpinan utama negeri
positive,"Saya bersyukur kerana di bawah pemerintahan Tengku Razaleigh, banyak kemudahan yang diperolehi."
positive,Kita tidak mampu untuk bergerak sendirian kerana kita memerlukan sokongan masyarakat setempat bagi memastikan isu seperti ini dapat ditangani
negative,Ramai staf kami yang telah menamatkan perkhidmatan tahun lalu dan ini menyebabkan penerima APC dari KEMAS berkurangan
positive,"Selain kemudahan ini, kami juga tidak lupa jasa kerajaan negeri yang berusaha mendapatkan geran hak milik kepada peneroka."
negative,membayar harga yang mahal apabila gagal mewujudkan istilah
negative,"Kau nak tahu dua tiga hari lagi kamu tengok, celaka sungguh binatang ni"
positive,Malah walaupun Amanah diberi kerusi yang sikit tapi kita akur sebab kita tahu kekuatan kita di Pantai Timur berbanding di Pantai Barat
negative,SPR meminta orang ramai tidak membuat sebarang spekulasi memandangkan kes berkenaan masih dalam siasatan polis.
negative,ia boleh mengancam keselamatan negara
positive,Menyediakan beg sekolah kepada pelajar bertujuan meringankan beban ibu bapa
positive,"Kalau dulu masa mula-mula masuk Felda, kami diberi RM200 sebulan untuk pinjaman pendahuluan sara hidup sementara peneroka nak tunggu hasil."
positive,Semasa melawat ke kilang itu hujung bulan lepas saya telah memberi amaran kepada kilang berkenaan untuk mengambil langkah segera dengan membaiki sistem rawatan terhadap najis ayam jika mahu terus beroperasi
negative,"Kita boleh berbeza dalam politik, tetapi jangan halang pemimpin masyarakat (untuk menganjurkan majlis seumpama itu)"
negative,"Kita tak lihat ia adalah satu sumbangan jitu untuk bangunkan Pulau Langkawi memandangkan semasa zaman pemerintahan Tun Mahathir, lebih banyak idea-idea bernas oleh beliau untuk majukan penduduk di sini tanpa perbelanjaan yang tinggi,"
negative,membidas tindakan sesetengah pihak yang mendakwa beliau berpolitik di dalam masjid sehingga isu itu tular menerusi media sosial semalam.
positive,"Malahan, saya dimaklumkan CMA ini adalah satu kaedah penurapan jalan baharu yang boleh mengurangkan keretakan, aluran selain kos penyelenggaraan yang menjimatkan untuk jangka masa panjang"
positive,Jangan kita arahkan (tuding jari) kesalahan kepada pihak lain
positive,"cinta bukan saja boleh dizahirkan kepada insan lain, malah dalam pelbagai aspek kehidupan."
negative,kebimbangan terhadap berita palsu mungkin menjelaskan kenapa peratus daripada responden menyatakan mereka hanya membaca tajuk utama dalam media sosial tetapi tidak membuka laporan penuh malah semakin menyokong media tradisional
positive,"Dengan penambahan operator penerbangan, dapat memberi pilihan tambahan kepada rakyat untuk meneruskan aktiviti perhubungan perniagaan, urusan kerajaan, pendidikan dan pelancongan di Labuan"
negative,Tiada siapa yang dapat melakukannya sendiri.
positive,"JPN akan melakukan tindakan adil untuk anak-anak yang dimangsakan supaya atas nama kemanusiaan dan perundangan, mereka layak untuk mendapat pendidikan di sekolah serta diberikan dokumen yang sah"
negative,Berita tersebut adalah palsu yang sengaja diada-adakan dalam usaha untuk menggambarkan bahawa sistem demokrasi di negara kita tidak telus dan tidak
positive,Sudah balik mahu datang semula ke Malaysia
positive,Kita pun sudah anjurkan kursus asas pelancongan kepada belia-belia di sini.
positive,"Di pihak kerajaan negeri, kita akan minta semua sumber untuk bantu bangunkan Sabah supaya anak-anak kita boleh berkembang maju"
negative,"Malah, tekanan ke atas tentera dan Kaunselor Myanmar, Aung San Suu Kyi juga perlu diteruskan dan di perhebatkan bagi membela nasib masyarakat Islam yang ditindas di sana"
positive,"Walaupun pembangkang menjelaskan isu itu sejak bertahun lamanya, baru kini ia mula terkesan kerana Pakatan Harapan sekarang bersama Dr Mahathir dan Muhyiddin."
negative,jika benar terorisme adalah masalahnya pihak tentera myanmar sepatutnya menerangkan bagaimana pembunuhan kanak-kanak wanita dirogol dan mereka diseksa serta memaksa keluarga keluar dari rumah serta rumah dan kampung halaman mereka dibakar akan menjadi myanmar selamat
positive,"Oleh itu, slogan 'Ini Kalilah' pada PRU lalu tidak membawa banyak kesan dan perubahan kepada pengundi Melayu,"
negative,"Kami hormat speaker, tapi secara jujurnya percaya bahawa beliau ditekan hebat oleh  kerajaan BN yang ingin menutup perkara ini. "
positive,"Memang 1MDB telah mewujudkan satu krisis dan suasana kewangan agak menggerunkan Malaysia, tapi kalau isu hutang-hutang ini dapat diselesaikan, pastinya ia akan mengubah imej dan kedudukan kewangan negara"
positive,Apabila kami masuk PPBM baru kami tahu betul
positive,Adik saya Nor Hafizal dan Amri tidak pernah beritahu dia kahwin muta’ah selepas jumpah mufti
positive,"Kami menjual syarikat pajakan kami pagi ini dan wang yang diterima akan meningkatkan ringgit, jadi ia akan mencerminkan dengan lebih baik lagi kekuatan sebenar dan daya tahan ekonomi Malaysia"
negative,Meminta bantuan Polis Diraja Malaysia (PDRM) untuk memberhentikan ucapan/ ceramah/ syarahan oleh calon/ejen pilihan raya atau parti politik yang tidak mendapat permit daripada pihak Ketua Polis Daerah
negative,"Kita bimbang ada orang ambil kesempatan nak menggugat kestabilan Malaysia kerana negara ini merangkumi masyarakat majmuk, justeru setiap percakapan perlu berjaga-jaga dan sensitif"
negative,"Masalahnya kalau dia dah tahu ada perjumpaah (WUF) ini, mengapa suruh saya datang hari ini?"
positive,Ia memenuhi keperluan kumpulan sasaran dalam julat premium super.
positive,"Sebelum ini, ketika kita semua boleh berbahasa Inggeris, walaupun tidak begitu bagus, mereka selalu memanggil kami, bukan orang Indonesia, juga bukan orang Filipina yang berbahasa Inggeris sepanjang masa"
negative,Kekayaan negara dirompak dan rakyat terpaksa menanggung beban
positive,Saya percaya perbuatan jijik dan tidak bertanggungjawab Namewee in tidak mendapat sokongan rakyat berbilang kaum dan agama di negara ini
positive,Saya berdoa dewan ini akan lebih dimuliakan dalam masa-masa akan datang
negative,Kita pulangkan paku buah keras kenapa wujud layanan berbeza dalam isu pertubuhan politik antara Umno dan Bersatu
negative,Pusat pengundian selalunya di sekolah dan balai raya yang tidak mempunyai kemudahan untuk golongan OKU ini membataskan pergerakan mereka yang berkerusi roda dan bertongkat untuk menuju ke saluran pengundian.
positive,"Kami berharap mereka sedar, tidak memilih sama sahaja seperti tidak mahu mengambil bahagian dalam membentuk masa hadapan mereka."
positive,"Isu bandar merupakan isu penting untuk kehidupan warganya dan satu-satunya cara untuk mengetahui isu itu sama ada baik atau buruk, positif atau negatif adalah  menerusi wartawan kerana mereka boleh menjadi alat komunikasi dan penghantar mesej"
negative,beliau menjelaskan perkara tersebut tidak perlu diulas panjang memandangkan ia merupakan privasi semua pihak.
positive,Itulah sebabnya saya mengambil kira kempen Blue Ribbon ini sebagai satu daripada petunjuk prestasi utama (KPI) saya sebagai Menteri Kesihatan mulai tahun ini iaitu melalui peningkatan bilangan premis yang disijilkan secara sukarela sebagai bebas asap rokok secara lebih meluas
negative,"Kalangan ibu bapa yang telah berjaya dalam hidup menghantar anak mereka ke sekolah tahfiz dengan kepercayaan mempunyai anak huffaz akan membantu membasuh dosa mereka dan jika mati, mayat tidak akan hancur."
positive,Amanah tidak bermasalah dengan Pas sebaliknya dengan hati terbuka telah mengajak parti Islam tersebut untuk bersama dengan Pakatan Harapan (Harapan) menyelamatkan negara
negative,tidak mudah terpengaruh dengan kempen atau ceramah menerusi Facebook Live yang dibeli jumlah penontonnya.
positive,Kami dapat sahkan bahawa kedua-dua pihak sudah perolehi keputusan secara baik dan sulit
positive,Kami yakin pencarian akan dapat menemukan pesawat hilang itu
positive,"Australia mempunyai kepakaran bertaraf dunia untuk dikongsi  dalam bidang seperti infrastruktur hijau, tenaga boleh diperbaharui dan analisis data."
positive,Tapi satu benda cukup penting bagi pembangkang adakah kita ada masa lagi untuk melihat kelemahan dan kekurangan kita hari ini
positive,"menang kes saman ke atas Daily Mirror, sebuah akhbar tempatan di London berhubung kes laporan palsu"
positive,semoga forum memperingati faaland dapat menghidupkan semula dialog berkaitan tajuk ini yang pada satu masa dahulu adalah satu igauan benar seorang ahli ekonomi dari norway yang menurut sahabatnya dr
positive,Saya juga pernah memberi kredit dan pujian terhadap pentadbiran Kerajaan negeri yang diterajui beliau di mana menunjukkan kecemerlangan yang baik sekali dalam urus tadbir
negative,tetapi kita tidak memerlukan pembohongan selanjutnya oleh pihak-pihak tidak bertanggungjawab
negative,penyelesaianasean belum lagi memantapkan pendirian dan nilai bersama dalam persekitaran globilisasi dan perubahan lanskap politik dunia
negative,"Jadi, jika kerajaan acuh tak acuh dalam menangani perkara ini bermakna menyokong tindakan hotel"
negative,Menteri kewangan dan perdana menteri memilih untuk mempersendakan prestasi ekonominya selama tiga bulan lalu sedangkan sepatutnya beliau harus menilai dirinya selama tempoh lima tahun
positive,Saya amat gembira melihat projek ini berjalan lancar. 
positive,Dan beliau juga adalah antara pemimpin yang banyak menggalakkan kita menceburi bidang keusahawanan
negative,penjawat awam di seluruh negara diingatkan supaya tidak melakukan sebarang perkara yang melanggar peraturan
negative,pihaknya turut kesal apabila penduduk terdiri dari warga emas yang tidak menerima bil air bakal berdepan tindakan pemotongan bekalan air.
positive,Ia merupakan satu keghairahan buat diri saya.
positive,Portal ini menghimpunkan maklumat yang telah ditentukan kesahihannya oleh saluran rasmi atau agensi kerajaan yang berkenaan secara setempat
negative,"Pilihan raya ini kelihatan lebih kepada survivalnya, bukan kepentingan parti atau negara."
negative,Semua anggota keluarga masih terkejut dan trauma dengan pemergian
negative,menafikan perkara tersebut dan memberi jaminan bahawa tidak akan membiarkan jari palsu digunakan pihak tertentu bagi tujuan penipuan dalam pilihan raya umum akan datang.
positive,"Walaupun sudah bersara pada tahun 2014 lalu, saya tetap meneruskan perjuangan untuk menjaga keselamatan, khususnya di Tanjung Labian"
negative,ramai meliputi mufti dan ulama menasihatkan bertaubat nampaknya tidak dihiraukan sebaliknya terus hanyut
positive,mengesahkan menerima permintaan daripada pihak berkuasa Malaysia untuk menangkap Low.
positive,Mereka tahu buruk baik khidmat saya dan mereka boleh banding dengan wakil rakyat lain. 
positive,Masyarakat telah melihat semua itu dan kita juga melihat generasi kedua masih terbiar
positive,"Apa pun yang berlaku, kami jalan terus."
negative,Rakyat tidak sepatutnya mempercayai pakatan pembangkang yang hanya datang bersama untuk merebut pangkat
positive,Saya mengesyorkan supaya teknologi CMA ini digunapakai secara meluas di seluruh negara dan menawarkan daerah Bagan Datuk sebagai daerah pertama menggunakan CMA secara berskala besar walaupun daerah Segamat menjadi projek perintis
positive,"Ini merupakan salah satu sumbangan kami kepada Kelantan pasca banjir, dan sumbangan serta bantuan tidak terhad di Kelantan sahaja, tetapi kami turut membantu mangsa banjir di negeri lain yang terlibat dengan bencana alam ini,"
positive,"Dia sebut bahawa ‘kita mesti kembangkan kek, apabila anda berbuat demikian maka anda boleh berkongsi kek itu tanpa mengambil daripada sesiapapun’ . "
negative,"Walaupun demokrasi menginstitusikan kebebasan, adalah ironi kepada penginstitusian itu sekiranya idea kebebasan dilebarkan sehingga boleh membunuh demokrasi itu sendiri."
positive,Rakyat Malaysia perlu celik bahawa kita serius isu kepimpinan negara dan negeri. 
positive,MP paling miskin dalam sejarah di Malaysia kerana semua gaji dan elaunnya hanya untuk rakyat
positive,"Selain hak ALLAH SWT yang wajib dipelihara, sebagai hamba ALLAH SWT kita juga punya hak sesama manusia untuk dijaga"
negative,memecat anggotanya selepas didapati melakukan tindakan bercanggah dengan perlembagaan parti
positive,tumpuan sudah tentu terhadap meningkatkan jumlah pekerjaan bagi memenuhi permintaan rakyat terutamanya graduan di pasaran semakin bertambah
positive,Pendekatan kali ini lebih halus dan mood jentera kita cukup baik. 
negative,menyarankan semua pasukan menilai kemampuan kewangan mereka dan tidak terlalu kemaruk untuk menukar pemain import pada jendela perpindahan kedua nanti.
positive,Saya tak mahu ada yang berpuak-puak atau ada sifat tidak percaya dalam diri. 
positive,"Kami juga fikir bahawa kerana sebagai rangkaian hypermarket tempatan terbesar, kami perlu terbabit dengan inisiatif ini"
positive,"Mereka juga tidak berpeluang untuk berinteraksi, berkomunikasi dan bergaul dengan bangsa lain"
positive,rakyat bebas untuk memilih siapa yang mereka mahu sebagai pemimpin dan kerajaan
positive,Kuasa Melayu tak akan hilang jika kita pilih orang yang tiada sejarah mencuri duit
positive,Najib bukanlah seorang diktator dan akan mengambil tindakan seperti itu
negative,pembangkang yang semakin bersifat tempatan menonjolkan lagi politik etnik dan kesetiaan tokoh
positive,Amanah dan Bersatu digambarkan gagal memenangi hati pengundi Melayu luar bandar kerana perpecahan ini
negative,satu perkara yang tidak boleh sesekali diabaikan ialah kesejahteraan golongan peratus berpendapatan rendah
positive,janji-janji memperkasakan kedudukan wanita dalam semua sektor termasuklah dalam bidang politik.
positive,"Perkara ini juga memerlukan kesatuan politik, insya-Allah kita dapat bangunkan negara yang bersatu padu"
positive,"apabila pegawai kerajaan sepatutnya dikecualikan, dibenarkan mendengar semua perbincangan politik, barulah mereka mendapat semua maklumat untuk membuat pilihan terbaik"
positive,Apa yang semua rakyat mahukan adalah institusi Raja-Raja Melayu dipertahan dan dihormati
negative,enggan mengulas ketika diminta mengesahkan perkara itu. Bagaimanapun sumber mengatakan beliau dijangka membuat pengumuman minggu depan.
negative,Fitnah itu untuk menaikkan sentimen kebencian pengundi kepada calon dan kerajaan.
positive,"Banyak isu dekat di hati rakyat negeri ini bukan hanya berkenaan bauksit sahaja, kita mahu melihat kepada apa yang dimahukan oleh rakyat sebenarnya"
positive,"Kajian ini dilakukan secara dinamik, ertinya ia bukan kajian rambang."
positive,"faham ada risiko keselamatan jika anggota keluarga pemegang jawatan mengisytiharkan aset mereka kepada orang ramai, tetapi sekurang-kurangnya para pemegang jawatan itu sendiri harus berbuat demikian"
positive,"Secara keseluruhannya, laporan audit itu telah memenuhi objektif pengauditan yang ditetapkan dan kerajaan berpuas hati dengan laporan pasukan audit"
negative,Ini adalah antara punca data peribadi pengguna disalahgunakan
positive," Boleh rasa, pegang."
negative,"Kita (Malaysia) melahirkan rasa terkilan jika benar pihak Indonesia, mengikut laporan media, akan menghentikan penghantaran pembantu rumah ke negara kita disebabkan kes terpencil yang berlaku  berhubung penderaan terhadap pembantu rumah"
positive,"Penubuhan MRM secara tidak langsung mewujudkan kepercayaan dalam kalangan artis yang selama ini menjadi mangsa 'kecurian' atau ketirisan dalam kutipan royalti, menyebabkan mereka rasa tidak dihargai."
positive,Projek pertanian di Bachok memberikan maklum balas sangat baik apabila petani yang kita bantu sudah mampu melahirkan 12 lagi petani di bawahnya.
negative,Kempen pilihan raya bertukar menjadi kerja-kerja menepis dan menjawab segala isu integriti yang melingkari calon-calon sedemikian
negative,"Kalau kami berjaya menubuhkan kerajaan dengan mandat (yang diberikan) tuan-tuan dan puan-puan, saya boleh memasukkan janji dalam 30 hari, kami akan pecat semua pegawai tinggi kerajaan."
positive,Kita boleh buat sekali lagi dan kita mesti satukan semua tenaga
positive,"Kita telah menghantar 2,000 khemah tertutup dan tambahan 2,000 khemah lagi yang diminta oleh kerajaan negeri akan dihantar selewatnya minggu depan"
positive,"tidak mahu ketinggalan daripada arus pembangunan, Linn berharap calon wakil rakyatnya dapat menjadikan Sandakan setaraf dengan bandar-bandar yang lebih maju seperti Kota Kinabalu, malah Semenanjung."
positive,Jadilah seorang yang profesional dan bertindak matang
negative,Presiden pun kena buang jika belot
negative,Disebabkan nafsu inilah me­reka bersedia melakukan apa sahaja dan yang jahilnya ialah pemimpin-pemimpin Melayu yang bersedia diperalatkan bagi memenuhi impian orang lain untuk meraih kuasa
positive,Kita beri ruang kepada PAS untuk bertanding di sana dan kita tidak pernah persoalkan
negative,Salahguna ini menjadi begitu besar menjelang PRU14
negative,Pada ketika ini kami tidak jelas di mana dia ditahan
positive,Cuma saya buat laporan polis agar pihak polis dapat siasat perkara ini dan mahu jaminan keselamatan kepada keluarga saya
positive,Kita memang ada cadangan dari banyak kumpulan
negative,Benar bukan satu pembelaan dalam akta-akta itu
positive,Kita ada cara lain untuk memastikan kualiti murid sentiasa dipantau
positive,Kita bukannya tiada ajaran Islam yang baik
positive,Sebab kita mahu masyarakat kita tidak dikongkong ketakutan dengan pemimpin yang dikatakan diktator atau autokratik
positive,kematangan dituntut untuk setiap pihak agar berpolitik secara matang tanpa perlu berlaku fitnah-memfitnah yang memporak-perandakan amalan demokrasi negara ini
positive,"Kita akui selain rawatan sedia ada, rawatan Islam secara spiritual dapat membantu penagih pulih sepenuhnya"
positive,Pandan letak kucing pun tak ada masalah mesti menang sebab parlimen ini kerusi kuat PKR.
positive,"Kami orang UMNO, pemimpin UMNO bukannya ‘Yang Berhormat’ tetapi kami ialah ‘Yang Berkhidmat’ untuk rakyat."
negative,"Pembangkang yang dilihat pada hari ini adalah pembangkang dengan dakyah-dakyah tidak benar yang bertujuan untuk mempengaruhi rakyat dan sudah pasti rakyat boleh membezakan mana yang benar,"
positive,"Ia akan melihat keperluan di Pusat Kastam, Imigresen, Kuarantin dan Keselamatan (ICQs) negeri ini yang perlu dinaik taraf bukan sahaja dari segi fizikal, malah prasarana teknologi"
negative,kerajaan berhutang kerana wang negara diboroskan
negative,Tuntutan ini juga boleh dilihat sebagai satu ugutan kepada kerajaan menjelang PRU14
positive,"(Laporan) itu boleh diterjemahkan menjadi dasar kerajaan selama 30 tahun lagi, jadi saya menggalakkan semua pihak mengkaji laporan itu"
negative,"polis terpaksa menumpukan perhatian kepada kawasan yang dianggap sebagai hotspot, selain 1,131 individu yang dikenal pasti mempunyai kecenderungan untuk menimbulkan isu dan kekacauan semasa PRU-14."
positive,Kita tidak mahu syarikat-syarikat swasta ini menjana pendapatan berlipat-ganda sehingga menjejaskan rakyat
positive,Saya yakin dan percaya gandingan kali ini tidak mengecewakan para pengundi.
positive," Gunakan pendekatan agama, motivasi… kita juga dah bincang  dengan Agensi Anti Dadah Kebangsaan (AADK) untuk mengadakan pelbagai program kesedaran untuk  golongan muda"
negative,Matlamat perjuangan mereka (Bersatu) tidak sehaluan
negative,Bukankah meminta campur tangan asing hanya mendorong kepada penjajahan kepada negara.
positive,Saya merayu kepada pihak SKMM untuk sekat dan ambil tindakan sewajarnya terhadap Namewee dengan secepat mungkin
negative,Saya amat berharap kejadian seperti ini tidak akan berlaku dalam masyarakat kita yang sepatutnya telah matang
negative,Tetapi dasar awam yang diperkenalkan seperti tidak membawa kita ke hadapan
negative,munir turut menyarankan supaya golongan belia lebih bersikap proaktif dengan menyertai usaha penyepaduan ekonomi asean sejajar kedudukan mereka sebagai pihak yang bakal menikmati manfaat langkah berkenaan
positive,Kita dah rancang sebelum daripada ini.
positive,"Melihat kepada pengalaman di seluruh negara, kebanyakan kes yang dirujuk kepada SITF adalah mereka yang memerlukan bantuan dalam bidang pendidikan, kebajikan, bantuan perubatan dan isu berkaitan kewarganegaraan"
positive,Kerajaan perlu lebih serius dalam membangunkan sesetengah peralatan ketenteraan kita bagi mengurangkan kebergantungan kepada pembelian luar
negative,"Kontrak diberi kepada syarikat China, syarikat itu pula bawa masuk pekerja China, bukan pekerja kita"
positive,"secara sukarela akan terlibat sebagai pemerhati pada PRU14 terdiri daripada pesuruhjaya, kakitangan dan sukarela, yang akan ditempatkan di negeri-negeri tertentu"
negative,"Kau ingat aku suka-suka masuk dalam ni, bukan main jauh lagi, pu**ek sungguh kamu semua ni."
positive,"Kalau ahli berhormat baca untuk makluman sendiri dan beri jaminan kepada saya ianya tak terkeluar, sudah di depan di meja sana."
positive,saya tinggalkan negara ini dalam keadaan baik
negative,"Dalam kes ini, lelaki terbabit telah mengabaikan tanggungjawab menjaga anaknya dengan mendukung kanak-kanak itu dalam keadaan panas terik hampir setiap hari tanpa diketahui makan dan minumnya"
positive,Perdana Menteri Datuk Seri Najib Tun Razak telah menyatakan beliau tidak pernah mempertikaikan sumbangan Robert Kuok kepada ekonomi negara.
positive,Saya harap rakan sekerja lain akan menerima anugerah ini pada masa akan datang
negative,Kebanyakannya adalah pendaftaran yang tidak dilakukan di JPN atau dalam kalangan orang Islam yang perkahwinan itu sah tapi didaftarkan di luar negara.
positive,Saya takut persepsi salah kerana persepsi yang salah ini bukan setakat di dunia saja tetapi sampai akhirat
negative,"Kami sangat bergantung pada hutan untuk upacara kami tetapi kerana pembalakan meluas, kawasan hutan semakin mengecil,"
negative,kalau ini tidak cukup membebankan pengguna dikenakan pula cukai barangan dan perkhidmatan gst
positive,Ramai ingin tahu apa yang membuat beliau bergerak begitu cergas hingga foto beliau sedang makan dengan disertai produk multivitamin tertentu di meja begitu menarik perhatian sampai terdapat laporan bahawa jenama tersebut kehabisan stok di farmasi.
positive,"Dalam hal ini juga, peranan keluarga amat penting dalam memastikan kanak-kanak berkenaan tidak terdedah atau terjebak dengan perbuatan atau perilaku negatif"
negative,selepas dibanjiri tajuk-tajuk berita yang negatif sepanjang sudah sampai masanya syarikat-syarikat ini duduk dan dengar
positive,KKM memandang serius dan amat kesal dengan kejadian kematian bayi ini kerana ia merupakan kes yang boleh dielakkan
positive,kami turut menjangkakan malaysia akan mengalami kadar inflasi yang rendah pada suku pertama tahun ini disebabkan kesan asas tinggi daripada pertumbuhan ekonomi keseluruhan tahun lalu sebelum mula menunjukkan sedikit peningkatan selepas itu
positive,Kesemua unit ini akan dibina dalam  Kem Perdana Sungai Besi sebagai tanda terima kasih kepada anggota atas khidmat cemerlang selama 60 tahun merdeka
positive,"Justeru, industri yang sedia mengeluarkan produk peranti perubatan diiktiraf halal sememangnya menunggu pensijilan halal oleh JAKIM ini"
negative,mengecam SPR itu cukup memalukan kerana beliau bukan baharu dalam arena politik negara.
positive,Mereka tidak perlu lagi mencari kerja di luar…tinggalkan orang tua di Felda dan mencari rezeki di tempat orang
positive,Dari segi kemanusiaan kita perlu memahami dan memberikan ruang atas kecenderungan kelompok ini tanpa bersikap menghukum.
positive,"Hubungan rapat Perdana Menteri, Datuk Seri Najib Razak dan Modi juga membuka laluan dan melonjakkan hubungan dua hala untuk kepentingan bersama"
negative,"Mereka berpakat hanya kerana kuasa, mereka berbaik-baik ke­rana mahu melaksanakan agenda politik masing-masing dan mereka bekerjasama semata-mata disebabkan merasakan inilah peluang terbaik untuk memerintah negara."
negative,Macam mana pula dia boleh kata seolah kita menafikan soal Bumiputera
positive,"Bagi Malaysia, negara ini perlu mempunyai pendekatan individu berasaskan tahap industri pada ketika ini"
positive,"Kalau kita lihat orang terdahulu, nak kita hidup aman bersama-sama."
negative,negara anggota sering membiarkan respons dari luar asean untuk mengambil langkah utama
positive,"Untuk pengetahuan, pada PRU ke-13 yang lepas, SPR telah mengundang pemerhati pilihan raya antarabangsa daripada beberapa negara"
positive,"Apa yang kami mahukan supaya orang ramai mengetahui mengenai PIDM dengan lebih mendalam dengan harapan apabila berlaku sesuatu perkara di kemudian hari, mereka tahu cara bagi menanganinya"
positive,Saya rasa kita perlu ada alternatif kepada metadon dan mungkin ketum ini alternatifnya
negative,polis menyerbu dan merampas wang tunai dan barangan kemas dari dua unit kondominium mewah yang dikaitkan
negative,"Jika asyik bagi makan, minum makin ramai yang berminat jadi gelandangan kerana tidak payah fikir bagaimana mahu hidup kerana mudah dapatkan makan dan perhatian dengan hanya jadi gelandangan"
positive,"Saya tidak kisah, perdana menteri atau saya sendiri (jadi sasaran kritikan)"
positive,"Oleh yang demikian minda kita harus bertukar, sikap dan perlakuan kita harus berubah dalam keadaan yang dibalingkan gelombang yang besar kepada kita"
positive,"Inilah istiqomah yang kita lakukan, jadi kalau nak datang, datang atas nama berkhidmat, Alhamdulillah datang, tapi biarlah mengekalkan tradisi yang selama ini menjadi iklim yang diamalkan sekian masa dulu di sini"
positive,Patuhi Akta Kesalahan Pilihan Raya
positive,setiap janji yang dibuat akan dilaksanakan tetapi sama ada ia akan bermula serta-merta atau memakan masa bergantung kepada masalah yang dihadapi kerajaan dalam proses melaksanakan sesuatu projek mengikut kawasan
positive,"Selain itu, kita juga mengharapkan sistem sokongan sosial terutama dari masyarakat secara keseluruhan bagi memastikan isu pengabaian dan penyalahgunaan dadah di kalangan kanak-kanak dapat ditangani"
negative,"Apa jadi dengan mereka yang membesar menonton drama tempatan, dan pelajaran yang mempromosikan pengasingan?"
positive,Ini menunjukkan peniaga beretika dan memahami tentang tanggungjawab mereka terhadap negara
positive,sulaiman mahbob ialah pengerusi institut penyelidikan ekonomi malaysia mier a- ubah saiz teksdalam satu perbincangan mengenai isu ekonomi dalam kalangan rakan-rakan wartawan dan penggiat media sosial baru-baru ini seorang daripada mereka bertanya bolehkah kita mempercayai apa yang para ekonomis kata
positive,"Misalnya, kerajaan membantu rakyat miskin dengan pelbagai program, menyediakan peruntukan banyak untuk bantu peniaga kecil, beri BRIM, sediakan peluang ekonomi serta pekerjaan"
negative,kecaman dan kritikan hebat pastinya dirasai oleh parti pemerintah lantaran kedudukannya yang menjadi kerajaan pada hari ini dengan pelbagai dasar dan polisi yang sentiasa terdedah kepada kritikan dan pelbagai persepsi rakyat.
positive,"Kami bukan mahu bermusuhan dengan mana-mana pihak dalam kempen ini, sebaliknya kami hanya mahu menawarkan perspektif berbeza kepada anak muda."
positive,"Jika benar wujud masalah, prosedurnya adalah pengadu berikan salinan kepada parti, atau ROS hantar salinan supaya kami dapat selesaikan secara dalaman, jika gagal selesai barulah rujuk Akta Pertubuhan"
positive,"Kita akan tengok daripada pelbagai aspek supaya akhirnya hak rakyat dapat dikembalikan, itu fokus kita pada tahun ini selaras dengan arahan pucuk pimpinan SPRM"
positive,Lebih baik peneroka bagi makan ikan sahaja
positive,Semua rakyat Malaysia mempunyai kepentingan langsung di negara.
negative,"Maka keghairahannya merayu sumbangan orang ramai bagi dana politik PRU-14 dan menggambarkan dirinya orang biasa dan bukan kaya, adalah perbuatan membodohkan rakyat. "
negative,"Ia adalah bidang yang diabaikan pada masa lalu, kerana terlalu mengutamakan industri pembuatan kereta"
positive,"Menerusi pembentangan Bajet 2018 yang lalu, kerajaan menyediakan peruntukan mencukupi bagi mempromosi dan meningkatkan kemudahan pelancongan di negara ini."
negative,"Sejak Julai, Ogos dan November tahun lalu, Kementerian Kewangan hanya menjawab ada lapan syarikat antarabangsa berminat, kita tanya siapa mereka hanya kata... 'coming soon... coming soon."
positive,"operator bas henti-henti yang rata-ratanya adalah pengusaha kecil, mampu terus beroperasi walaupun kos operasi meningkat, selain kerugian dialami disebabkan sebahagian laluan tidak menguntungkan."
positive,Kerajaan berharap langkah-langkah dilakukan Perdana Menteri (Datuk Seri Najib Tun Razak)  ini akan dapat diteruskan.
negative,"Apabila hadis palsu diberi tafsiran salah dan dicampur lawak jenaka, daya tarikannya jadi luar biasa, sekali gus merosakkan imej Islam dan memecah umat Islam"
negative,Sekarang kita menderita
positive,adalah paling sesuai digunakan memandangkan parti itu terdiri berbilang kaum
negative,Sebenarnya niatnya memang tidak mahu memberikan peruntukan kepada kita
positive,misalnya baru-baru ini ahli ekonomi dr jomo kwame sundaram berkata kita perlu memberi lebih keutamaan kepada ekonomi sebenar daripada ekonomi yang berasaskan statistik
positive,"Mereka kena ikut prosedur, ikut peraturan"
positive,"sebab itu kita tak peduli mana dia nak pergi, dia nak datang (bertanding)) di sini pun tidak mengapa."
positive,untuk menaikkan semangat dan menyokong kepemimpinan.
negative,Proton sangat tidak sensitif
positive,Ini juga kita telah dilakukan
positive,"Pembangkang semakin terdesak untuk menarik sokongan anak muda melalui fitnah,hasutan serta tomahan terutama di media sosial"
positive,Kita tidak mahu ada andaian… bila sudah cukup bukti kita akan ambil tindakan sewajarnya
negative,menuduh perkara tidak benar semata-mata untuk mewujudkan kebencian terhadap kerajaan.
negative,"Apabila tiada ketirisan, peruntukan pasti akan cukup, sama juga dengan penyelewengan yang telah berlaku sejak 40 tahun lalu."
positive,berkata prinsip kebebasan bersuara bawah Perlembagaan Persekutuan patut kekal di tahap yang paling tinggi.
positive,Kehadiran pemerhati asing pada Pilihan Raya Umum ke-14 (PRU14) adalah sesuatu dialu-alukan kerana ia manifestasi yang jelas terhadap kematangan politik negara
positive,"Kalau kita berpakat dengan Umno, mungkin kalah Harapan."
positive,Berita seumpama itu dijadikan 'talian hayat' oleh pembangkang untuk mendapatkan kepercayaan rakyat selepas berdepan masalah dalaman parti ketika ini
positive,"Sejak Harapan wujud, ketika itu saya masih ahli Pas dan setelah tinggalkan Pas sehingga hari ini saya terus berkempen di seluruh negeri untuk Harapan"
positive,"Kami turut menggesa Suruhanjaya Hak Asasi Manusia (Suhakam) untuk menjalankan inkuiri berhubung dakwaan pelanggaran hak asasi dalam kes terbabit dan mengemukakan laporan berhubung siasatan, penemuan dan rumusannya"
negative,Ia tindakan tidak bertanggungjawab
negative,"jika terdapat unsur kecuaian hasil daripada penyiasatan itu, maka, kakitangan yang terlibat akan dikenakan tindakan tegas."
negative,"Ironinya, penuntut universiti yang tanpa sebarang paksaan hadir ke program pro pembangkang dihalang, malah tindakan disiplin diambil."
positive,beliau tidak memberi jawapan secara putar belit kerana dia bukannya seorang ahli politik yang mahu bertanding dalam pilihan raya.
positive,Sejarah demokrasi itu sendiri menunjukkan bahawa ia adalah mekanisme kepada penginstitusian atau pengiktirafan kepada hak dan kebebasan.
positive,Tunjukkanlah kesungguhan dan bekerjasama supaya kejayaan akan terus dicipta
negative,"Sekarang pula, Malaysia tidak tahu menahu pula. "
positive,Petugas SPR dan sukarelawan bertugas pada hari mengundi juga perlu diberi latihan komprehensif mengenai bagaimana membantu dan menyediakan kemudahan untuk golongan OKU
positive,"Kami boleh tunjuk nombor keahlian…kita tak buat kerja bodoh sebab kerja sebab kerja bodoh akan perangkap diri,"
negative,hanya tiga kali beliau tidak dapat menunaikan tanggungjawab mengundi berikutan masalah kesihatan dan penglihatan.
negative,"Kalau nak buka pusat 3S, kos sedia ada sudah tidak mampu ditanggung, untuk mendapatkan keuntungan dengan kos yang tinggi ini memang kita tidak mampu"
negative,Kalau tambang mahal memang ramai yang tidak akan balik mengundi.
positive,Kita sudah tingkatkan pemantauan rapi dengan mengambil pelbagai tindakan seperti memasang jaring keselamatan
negative,mendapat pelbagai halangan daripada mendapatkan dokumen berkenaan
positive,sudah dewasa dan memahami erti demokrasi
positive,"Kita bantu dia seorang sahaja, tapi alhamdulillah peserta kita pula bantu orang di sekitarnya."
positive,Kepimpinannya adalah demokratik dan Islamik
negative,"Identiti, politik, populisme, penipuan dan lain-lain, akhir sekali mereka balik (turn) ke negara mereka dengan keuntungan duit rakyat kita"
positive,"Bila ugut mahu saman terhadap pihak yang membongkar salah laku mereka, sudah tentu pihak yang akan disaman ini berfikir dua kali dan akhirnya berhenti"
negative,PKR tak patut salahkan SPR atas kesilapan sendiri
positive,"Atas pengalaman itu, kita lihat MCA tak mampu menarik undi kaum Cina apabila hasil analisis dilakukan didapati kawasan majoriti Cina seperti di Dun Teruntum tidak memihak kepada BN."
positive,LKIM juga sudah memperuntukkan bajet yang sama pada tahun ini kepada nelayan yang menerima bantuan ini di Langkawi.
negative,Apa yang boleh disimpulkan sekarang adalah ia telah memalukan Malaysia di persada antarabangsa.
positive,Malah kita tahu bahawa kita mempunyai SOP (Prosedur Operasi Standard) yang tertentu yang harus dipatuhi para majikan dan kerajaan Malaysia tidak akan pernah melindungi mana-mana majikan yang melakukan penderaan atau kezaliman
positive,"Kalau tak sokong bunga (Bersatu), kita nak sokong siapa lagi,"
positive,antaranya peruntukan yang lebih besar berbanding bajet terdahulu
positive,pengundi perlu keluar mengundi kerana parti yang menang akan membentuk kerajaan
positive,"Geely merupakan pilihan baik, bukan sahaja beli Volvo, baru-baru ini Geely beli Daimler."
positive,pada pru- persepsi politik pembohongan oleh cybertrooper pembangkang gagal ditangkis oleh pihak kerajaan yang akhirnya barisan nasional bn menjadi lemah dan hampir kalah pada saat-saat akhir
negative,"Ia tempoh yang sangat panjang dalam membuat keputusannya, jadi kenapa Malaysia sekarang harus membalasnya?"
negative,Memang jelas Umno guna retorik semangat perkauman sehingga ke tahap menjejaskan hubungan dengan etnik lain. 
positive,"Semasa saya menjadi pengarah Yayasan Sabah, kami bina banyak asrama di kampung-kampung untuk manfaat para pelajar kita"
negative,"Saya terkejut dengan tuduhan itu, tak pernah terlintas di fikiran saya"
positive,"Nampaknya (e-dagang) tidak akan berhenti, dan ini mungkin menyebabkan lebih banyak pelabuhan di Malaysia diperluaskan bagi menampung permintaan daripada industri"
negative,ada saya ini satu penindasan tersembunyi dan tidak boleh dibiarkan
negative,PENGGUNAAN lampu diod pemancar cahaya (LED) jenis biru menerusi telefon pintar dan tablet seperti komputer dengan suhu warna terlalu tinggi dikaitkan dengan peningkatan kepada risiko mendapat kanser payudara dan prostat.
positive,kita tidak ambil hak milik strata
positive,Kita kena serahkan bulat-bulat kepada pucuk pimpinan parti untuk menentukan siapa calon yang akan dipertandingkan
positive,Nilai-nilai murni dalam sambutan Tahun Baharu Cina di negara ini juga boleh menjadi sebagai model negara contoh kepada negara luar dan menjadikan Malaysia sebagai sebuah negara contoh dalam memelihara perpaduan dan keharmonian semua kaum
negative,"Daripada jumlah itu, Pulau Pinang dapat paling sedikit iaitu RM35,000 saja."
negative,Akibatnya timbul permusuhan.
positive,"Dan untuk boleh membezakan antara apa itu yang benar dan apa yang palsu, kamu perlu lebih mengetahui mengenai segala-galanya"
positive,Dikatakan demokratik kerana Datuk Seri Najib boleh menerima perbezaan politik dan tidak pernah ada dalam rekod kepimpinannya yang rakyat mati atau cedera kerana perbezaan parti
positive,Setakat ini kita telah bekerjasama dengan dua syarikat penerbangan tempatan iaitu Malaysia Airlines serta AirAsia dan sedang memperluaskan usaha ini dengan Malindo Air.
negative,dijangka tidak akan hadir sambutan ulang tahun kelahirannya yang dirancang dianjurkan oleh sebuah persatuan Cina
positive,Kita sedang menjalankan siasatan lanjut mengenai perkara ini
positive,Saya yakin CAAM akan menyumbang kepada usaha berterusan dalam mengukuhkan mutu penerbangan negara serta menangani cabaran sedia ada
negative,"Jika berlaku demikian maka ia adalah rasuah, atau disebut dengan istilah ‘kick back’. "
positive,keluar secara fizikal memberikan sokongan penuh
positive,"Ini termasuk peruntukan RM1.315 bilion untuk lima projek baharu bawah Rancangan Malaysia Ke-11 (RMK11) di Langkawi,"
positive,Kebanyakan program adalah di peringkat komuniti bagi membolehkan ia dimanfaatkan oleh wanita daripada pelbagai lapisan masyarakat
positive,"kita perlu memandang dua aspek tanpa prejudis, iaitu hak asasi manusia bagi penganut LGBT manakala yang kedua ialah teras umum terkait dengan Perlembagaan"
negative,"sedikit sebanyak telah meningkatkan kos operasi stesen minyak,"
positive,"sering melempar senyuman, menampakkan semua giginya."
positive,Apabila sudah berdaftar nanti ia akan memudahkan pengurusan PDK untuk melatih orang kurang upaya (OKU) di dalam komuniti setempat
negative,"Apabila menjelang pilihan raya umum ke-14 (PRU), kita akan menyaksikan lebih banyak berita palsu dan fitnah disebarkan oleh pembangkang bagi mengelirukan rakyat dan menimbulkan kebencian terhadap kerajaan"
negative,Saya mengucapkan terima kasih kepada Faisal di atas analisisnya yang 'superb' mengenai kerugian Mydin
positive,"Ini adalah realiti ekonomi sekarang, dengan pertumbuhan negara semakin meningkat."
negative,"Ini langkah untuk menakut-nakutkan pemberi maklumat yang mahu mendedahkan penyalahgunaan kuasa, rasuah dan jenayah kolar putih lain"
positive,Sebanyak RM400 juta diperuntukkan bagi menggalakkan industri berkenaan termasuk pengurangan cukai bagi tajaan oleh syarikat swasta yang menganjurkan program kebudayaan dan kesenian
positive,jadi tak timbul isu Amanah bersungguh-sungguh menjatuhkan kerajaan Pas di Kelantan.
negative,Cukai terpaksa dikenakan kerana kerajaan tidak mampu mencari sumber pendapatan lain bagi menampung beban hutang
positive,Berita palsu seperti ini perlu dihentikan segera.
positive,"Tetapi peristiwa pada hari ini (perasmian PGU) dan perasmian PU Sendayan membuktikan semua tuduhan, semua berita palsu, semua anggapan yang negatif adalah sesuatu yang harus ditolak oleh kita dan rakyat keseluruhannya kerana kejayaan kita dilihat sendiri"
positive,Orang Melayu tak seperti orang Pakistan dan Arab dia tak tunjuk kecenderungan.
positive,Ini saya nak cerita pasal hak asasi
positive,Ikatan tak pernah mengamuk kalau tak dapat kerusi.
negative,Kenapa hendak takutkan mereka (pemimpin PKR)
positive,Selain itu KR1M 2.0 juga menawarkan harga yang kompetitif bagi 50 stock keeping unit (SKU)  produk berjenama dengan menggunakan bungkusan yang sama bagi produk berkenaan
positive,"Elok umat Islam dan menunjukkan kematangan, bukannya berpolitik semata-mata"
positive,"Jika kami berjaya tawan Putrajaya pada PRU14, kami akan cadangkan kepada PH untuk melantik Orang Asli sebagai timbalan menteri, dan Orang Asli menjadi ketua lembaga baharu yang menggantikan Jakoa, dan bersama bertanggungjawab menjadi pelopor meningkatkan pembangunan arus perdana masyarakat Orang Asli "
positive,"Buat permulaan KR1M 2.0 akan menawarkan empat barang keperluan asas dengan harga rendah iaitu gula, minyak masak, tepung dan beras"
positive,"Kita kita kena muka tebal lah, jangan telinga nipis"
positive,Kami juga kesejukan tetapi terpaksa bertahan dan berdoa semoga semuanya berakhir segera
positive,"memerlukan lebih banyak infrarakyat seperti perkhidmatan awam berprestasi tinggi, rumah mampu milik dan aktiviti keusahawanan yang boleh meningkatkan pertumbuhan ekonomi lebih tinggi untuk dimanfaat anak muda."
positive,Pada masa sama (badan kehakiman) hendaklah mengambil kira batas hak agama lain yang mensyaratkan menjaga keharmonian masyarakat majmuk
positive,"Sekarang ini, kira-kira 53,000 pelancong datang ke Kiulu setiap tahun dan saya harap jumlah itu akan cecah 100,000 kerana kerajaan akan terus membuat pelaburan dalam pembangunannya"
positive,Matlamat pelaksanaan transaksi tol secara elektronik sepenuhnya yang lebih pantas dan mudah sukar dicapai sekiranya masih terdapat sesetengah pengguna lebuh raya masih mahu mencetak resit tol bagi perjalanan mereka.
negative,mereka ini masih belum boleh berdikari sebagaimana golongan yang telah berjaya pada masa ini menerima pelbagai bantuan kerajaan suatu ketika dahulu
positive,LHDN dan Jabatan Imigresen perlu memastikan pangkalan data mereka sentiasa dikemas kini supaya tidak berlaku kes pembayar cukai yang telah menjelaskan tunggakan cukai tetapi masih mengalami masalah semasa ingin ke luar negara
positive,Ini didedahkan kepada saya oleh pegawai penyiasat ketika dia datang untuk menyiasat saya di penjara Sungai Buloh
positive,"Bagi memanfaatkan peluang ini, bandar raya memerlukan penyelesaian inovatif, perancangan pintar dan tadbir urus yang baik"
negative,"Oleh itu, Pasukan Respons MH370 ingin menyatakan laporan tersebut tidak berasas"
negative,ia meramalkan bahawa dalam keadaan yang sedang berlaku sekarang ekonomi malaysia tahun hadapan dijangka berkembang pada kadar lima peratus sahaja dan akan menguncup menjadi peratus pada tahun harga komoditi yang tidak menentu ketidaktentuan dasar ekonomi negara besar dan ketegangan antarabangsa adalah antara faktor yang melemahkan ekonomi malaysia
negative,Mengapa dipilih hari pelancaran sehari selepas pembubaran parlimen adalah percaturan yang munasabah kerana perhatian yang diberi terhadap pelancaran manifesto BN dianggap luar biasa
positive,"Sudah tentu mereka perlu menjaga kebersihan di dalam rumah juga. Dengan andaian bahawa kanak-kanak suka bermain bersama-sama, adalah lebih baik jika ibu-ibu mengasingkan anak-anak mereka."
negative,segala risiko akibat komen yang disiarkan menjadi tanggungjawab pemilik akaun sendiri
negative,"Alat permainan kanak-kanak dikenal pasti sebagai antara punca penyebaran kuman penyakit tangan, kaki dan mulut"
positive,Itu yang kita harapkan apabila ramai dapat manfaat.
negative,orang awam mahukan tindakan terhadap isu-isu utama berkaitan perlindungan dalam talian dan mahu melihat kebimbangan mereka diberi perhatian sewajarnya melalui kawal selia yang lebih baik
positive,"Ketika perbelanjaan ke atas kebajikan (ahli) dijangka terus meningkat, kekurangan itu ditampung melalui pendapatan pelaburan kami"
positive,"Saya yakin akan ada berita tambahan baharu yang baik bagi sektor ini, sebaik ia menjadi kukuh"
positive,Hak sekolah luar bandar mendapat bantuan dan kemudahan secukupnya dalam membantu proses pengajaran dan pembelajaran di sekolah tidak boleh dinafikan oleh mana-mana pihak.
negative,penganalisis politik memberi amaran perpecahan dalam kem pembangkang tidak semestinya membuka laluan mudah
positive,"Mungkin majikan ini mempunyai pekerja asing sebelum ini, tetapi pekerja asing itu tinggal lebih masa atau menyalahgunakan pas, maka majikan perlu bertanggungjawab"
negative,Wartawan dan jurugambar daripada media cetak dan elektronik serta portal seharusnya mengikuti Garis Panduan Media Profesional 2012 yang boleh dimuat turun dari laman web Jabatan Keselamatan dan Kesihatan Pekerjaan.
negative,"Malangnya, kos logistik di sebalik projek ini sangat besar"
positive,"Malah, antara manifesto kami juga adalah menurunkan umur mengundi kepada 18 tahun."
positive,Bagaimanapun pemantauan akan terus dilakukan dari semasa ke semasa
positive,"Kenyataan yang dikeluarkan Timbalan Pengerusi PH Sabah, Stephen Wong bukanlah sebahagian daripada sidang akhbar rasmi dengan Muhyiddin"
negative,"Apabila berlaku ketidakseimbangan, ekstremisme dengan mudah berlaku"
negative,Ini tidak elok.
positive,"Walaupun digembar-gemburkan Johor sebagai negeri barisan depan Pakatan Harapan pada PRU dan ramai yang menganggap presiden parti akan berpindah ke kerusi selamat, saya tidak akan berbuat demikian."
positive,Dulu jurangnya begitu ketara
negative,Dan bulan itu sebagai pengacau untuk menarik undi Pakatan Harapan.
positive,Masih ramai orang muda berkaliber dalam PH dan Dr Mahathir perlu memberi laluan kepada mereka
positive,Kedua-dua sekolah dapat berkongsi pelbagai kemudahan seperti padang
positive,"InsyaALLAH, sekiranya diberi peluang, kita akan utamakan masyarakat dahulu, kita akan buat yang sebaiknya untuk masyarakat"
negative,"Malangnya peluang untuk penonton berbicara juga ditutup secara yang, saya dimaklumkan, tidak adil"
negative,"Pelanggan bising sebab sudah bayar deposit, datang mengamuk kepada pengedar"
negative,Parti pemerintah boleh menerima dana daripada syarikat yang menerima projek kerajaan.
positive,Syabas pasukan KWSP!
negative,Gaya politik seperti ini diamalkan kerajaan negeri Selangor di mana mereka akan simpan semua peruntukan yang disalurkan oleh Kerajaan Persekutuan sebagai khazanah.
positive,"blue print yang inklusif telah pun disiapkan berasaskan kepada siasatan dan perbincangan dengan semua pihak yang berkelayakan didalam bidang keselamatan, pelajaran dan pegawai jabatan-jabatan agama."
positive,Semua maklumat akan disalurkan bukan hanya kepada Aseanapol (Polis Asean) tetapi kepada Interpol (Polis Antarabangsa) supaya senarai suspek atau sebarang data yang diperoleh dapat menarik perhatian antarabangsa
negative,bekas perdana menteri itu mengaku tidak bersalah terhadap tiga tuduhan pecah amanah dan satu pertuduhan penyalahgunaan kuasa berkaitan dengan dana
negative,ini boleh menyebabkan jurang defisit perdagangan semakin meluas seterusnya melemahkan mata wang terbabit dalam mekanisme membuat perubahan semula jadi
positive,Saya setia bersama rakyat Jasin dan terus berkhidmat selagi diperlukan dalam memastikan keperluan mereka direalisasikan
negative,enggan melayan pelawaan debat itu apabila menutup pintu pejabat setelah wakilnya mahu menyerahkan surat jemputan
positive,"Apa mampu dicungkil dari tingkah ini adalah kerana pemikiran luas beliau dan hasrat 'dakwah' sebagai salah satu konteks yang ingin beliau terapkan kerana sekiranya kita bersikap keras pada kelompok ini, semestinya mereka akan menjauhi dan mampu menjadi fitnah kepada agama Islam atas kekeliruan mereka dari segi ilmu mahupun 'psikologi'."
positive,Mereka boleh (berfungsi) sebagai semak dan imbang dalam Pakatan dalam pelbagai isu berkaitan pergerakan sosial dan suara akar umbi yang selama ini terpinggir.
positive,Saya amat bersimpati dengan nasib para petani yang terpaksa melalui keadaan sukar untuk memulakan kehidupan baharu selepas bencana banjir.
positive,Kami pihak industri amat berharap kerajaan benar-benar serius untuk memberikan baucar buku kepada pelajar seperti yang dijanjikan dalam Bajet 2018
positive,Aktiviti penguatkuasaan mereka juga dikoordinasikan dengan pihak polis supaya tindakan ini akan membawa hasil lebih baik
positive,"Saya tidak boleh dedahkan perincian perbincangan aspek teknikal yang turut dihadiri oleh AGC, namun kita akan cuba bawa perkara ini (rangka perundangan berita palsu) ini kepada Kabinet secepat mungkin"
positive,Ini janji saya bagi FELDA bahawa kita tetap akan telus dalam urus tadbir yang baik dalam FELDA kerana kita tidak mahu amalan kronisme atau nepotisme dihidupkan seperti pada masa dulu
positive,tidak wujud paksaan kepada pengundi dan rakyat bebas untuk mengundi calon pilihan mereka pada pilihan raya ini.
positive,"Sebenarnya.my adalah sebuah portal untuk masyarakat Malaysia menyemak sebelum berkongsi berita yang diterima secara dalam talian melalui media sosial, perkhidmatan mesej segera, blog, laman sesawang dan lain-lain"
positive,"Kalau tidak ada GST, kita tidak yakin dapat buat bayaran khas kepada penjawat awam"
negative,menyifatkan psikologi dan perang saraf cuba digunakan Dr Mahathir untuk meraih simpati pengundi tidak akan menjadi kerana sudah mampu dihidu
positive,"Kalau Tan Sri tak benarkan kami membawa keluar, terpaksa akur. "
positive,"Orang muda datang dengan rela hati tanpa mengharapkan imbuhan, berkumpul dengan aman tanpa kekacauan atau kerosakan"
positive,"Dengan menggunakan kodifikasi algoritma rahsia, pengesahan dan pengundian dalam rangkaian disahkan secara terbuka, telus dan berkeyakinan"
positive,"""Amankah Malaysia? Tentu sekali."
positive,"Pengguna yang tak bawa bayar 20 sen tapi yang bawa beg sendiri, mereka ini juga perlu diberi ganjaran"
positive,Ia boleh membantu peladang kecil dalam keadaan ekonomi tak baik sekarang ini
positive,Jadi orang tak boleh tuduh benda ni bermusim.
positive,"Jika kerajaan sekarang tidak mengambil tanggungjawab ini, maka tentunya sekolah-sekolah ini akan terus berada pada taraf yang rendah dan bergantung kepada bantuan ramai. Mereka tidak akan mampu berdiri sendiri seperti sekolah-sekolah Cina yang boleh berkembang subur atas kemampuan masyarakatnya yang kaya."
positive,"Bantu tegakkan kebenaran dan beri penerangan baik jika perkara itu salah, maka cari jalan bagaimana nak memperbaikinya"
negative,konflik ketenteraan juga telah tercetus di antara thailand dan kemboja dan asean juga tidak berperanan
positive,Ringgit meningkat 10.4 peratus berbanding dolar AS pada 2017
negative,Kelompok pertama yang didiskriminasi oleh polisi baru ini ialah golongan graduan kelas kedua atas dan kelas kedua bawah yang sebelum ini berpeluang menjadi pegawai tadbir diplomatik dalam perkhidmatan awam
negative,Kata macam-macam sebab tak ada alasan…nak tutup malu sebab itu reka kata kami tak dapat habuan padahal malu sebab gagal urus parti.
positive,"Tahun ini juga, kita akan melaksanakan Bajet 2018, iaitu bajet yang bersifat inklusif untuk semua orang di mana semua orang dapat merasainya termasuk penjawat awam"
negative,"Saya sangat marah pada Dr Mahathir Mohamad atas apa dia buat terhadap Anwar,"
positive,Ini kerana pengundi parti kini menilai setiap aspek sebelum mereka membuat keputusan
positive,Ini bukti empirikal sangat jelas terhadap apa yang berlaku apabila anda cuba menggunakan saham untuk meningkatkan status orang miskin
positive,"Calon-calon wanita terdiri daripada pelbagai latar belakang, mempunyai kelayakan akademik yang bukan calang-calang, dengan ada di antara mereka bekerjaya sebagai peguam, doktor, bekas guru dan memegang jawatan utama dalam parti yang diwakili."
positive,Kerajaan tidak pernah menipu rakyat apabila melontarkan janji dan akan melaksanakan sesuatu projek pembangunan termasuk membina hospital-hosiptal baru
positive,Saya tak tolak realiti ada yang terpaksa menjadi peniaga sebab tak ada kerja lain tetapi ada juga yang memilih untuk menjadi peniaga
positive,Hasil perbincangan lapan teras perbandaran kementerian di forum tersebut akan diambil kira untuk pembentukan peraturan baharu untuk dimasukkan di bawah Akta Perbadanan Pengurusan Perumahan Awam Negara yang sedang digubal ataupun digubal sebagai akta baharu
positive,"Sejak tahun 2000, saya bergelar Pengarah PRU Parlimen Jasin, kekuatan kami adalah rakyat sendiri mahu BN sebagai pemimpin."
positive,peruntukan besar ini bermakna lebih banyak wang boleh dibelanjakan untuk rakyat seperti meningkatkan jumlah bantuan rakyat malaysia brm dan bagi memacu pertumbuhan ekonomi
positive,Kementerian menyediakan pasukan kepakaran mata untuk memberikan perkhidmatan terbaik pada kadar mampu milik bagi rakyat
positive,bukan sekadar janji pilihan raya
negative,Keputusan Majlis Tertinggi Umno menangguhkan pemilihan parti melebihi 18 bulan jelas bercanggah dengan Fasal 10.16 Perlembagaan Umno.
positive,banyak membantu pengusaha bas henti-henti meneruskan perkhidmatan dengan meringankan beban mereka menghadapi kenaikan kos operasi
positive,Pendekatan itu sejajar prinsip dana keselamatan sosial
positive,"Jika sebelum ini, tidak ramai masyarakat orang asli bersaing dengan masyarakat lain dalam bidang akademik, namun hari ini sudah ramai pelajar terbaik di kalangan orang asli"
positive,Ini membuktikan kita buat (rampas dan dakwa) secara terperinci
positive,"Apa pun, saya ucapkan tahniah dan syabas kepada semua penerima anugerah"
positive,"Pada masa sama, ada cadangan dari peringkat pimpinan pertengahan supaya diwujudkan kembali dua jawatan Timbalan Menteri Besar."
positive,"Disebabkan ada aduan yang diterima berhubung tambang tinggi pada musim perayaan, maka pihak Mavcom sudah melaksanakan kajian mengenai tambang yang dijangka selesai pertengahan 2018."
positive,Kita semua harus bersyukur kerana kerajaan sentiasa prihatin dengan situasi semasa dan berusaha melaksanakan pelbagai projek bagi membantu meringankan beban yang ditanggung
positive,"Masyarakat Melayu masih ingin perubahan, namun bukan secara drastik"
negative,Kenapa sehingga kini tiada tindakan sedangkan banyak aduan rasmi sudah dihantar
negative,Kononnya nak fokus pada pilihan raya umum tapi sampai sekarang tak buat lagi.
positive,"Saya sudah bertemu dengan pengurusan Proton dan ‘dealer’, ini ada isu komunikasi dan sedang ditangani oleh Proton dan kerajaan juga sedang cari jalan untuk bantu mereka, transformasi daripada 1S ke 3S."
positive,"Mengambil kira keadaan yang begitu teruk dan jumlah wang yang didakwa terlibat begitu besar, KWSP harus mengadakan sidang media dan menunjukkan bahawa bon yang dipersoalkan itu masih dimiliki agensi berkenaan"
positive,Kami juga melihat penerangan bersemuka dan penerangan melalui media cetak atau tradisional amat penting dan ini akan dilaksanakan secara meluas.
negative,"Sekiranya pokok ditebang dalam rizab hutan ini, akan datang masa apabila paip akan kering dan rakyat serta perniagaan di  Perlis, Kedah dan Pulau Pinang akan menderita"
positive,ia juga menunjukkan sentimen positif dalam kalangan pelabur dan pengiktirafan terhadap asas ekonomi dan kewangan Malaysia yang amat baik
positive,sentiasa memikirkan dan merancang inisiatif bagi menambah baik sistem penyampaian kerajaan kepada rakyat
positive,"Kami tidak membayar jumlah penuh pun yang dicadangkan oleh HSS Integrated Sdn Bhd, yang mana juga terlibat dengan projek ECRL"
negative,"masalah yang dihadapi ketiga-tiga projek itu melibatkan urus tadbir yang amat lemah serta cuai, pengurusan kontrak lemah, pengawasan pembinaan tidak betul serta kerosakan berterusan disebabkan kecurian dan vandalisme berikutan pengawasan keselamatan tapak yang lemah."
positive,dengan berani membawa pemodenan dalam mata pelajaran dan juga imej Maahad yang membezakannya dengan sekolah-sekolah pondok walaupun menimbulkan kemarahan di kalangan guru-guru pondok yang konservatif di Kedah.
negative,menggunakan artikel itu sebagai hujah beliau berfikir Thomas bertindak 'prejudis' dalam mengetuai pendakwaan rasuah terhadapnya.
negative,bagaimanapun tiba-tiba peniaga itu bertindak agresif dan mengeluarkan kata berbaur ugutan sebelum dia mengambil pisau serta cuba menyerang mereka.
positive,"Islam itu agama kemanusiaan, adalah agama yang sempurna. Ini jelas apatah lagi sebagai insan yang juga hamba dalam makna penyerahan, tunduk patuh kepada sang penciptanya serta yakin dengan keimanan mendakap erat Islam itu sebagai ad-Din."
negative,"tsunami fitnah, tsunami tohmah, tsunami membunuh perwatakan"
positive,"Oleh sebab itu, e-Wallet adalah langkah terbaik kerana ia tidak membabitkan kos cetak lebih-lebih memudahkan kawalan dilakukan ke atasnya"
negative,Insiden jururawat beri bantuan pernafasan sambil lihat telefon disiasat
negative,pertubuhan amal persatuan kebangsaan bagi pencegahan kekejaman terhadap kanak-kanak nspcc juga menamakan media sosial sebagai satu punca utama kepada peningkatan mendadak bilangan kanak-kanak dimasukkan ke hospital kerana mencederakan diri sendiri
negative,"Mereka ini semakin kurang ajar kerana tidak memahami hak asasi manusia, mana tidaknya pekerja wanita yang bertugas di dalam pejabat dan dapur pun dilarang memakai tudung, sedangkan mereka bukan berdepan dengan pelanggan"
negative,Tidak kurang juga yang menawarkan diri bertan­ding dengan harapan dapat ‘di­sunting’ oleh parti-parti politik lain sebelum tiba hari mengundi.
positive,saya bukan katakan orang ramai tidak mempunyai sebab untuk bimbang tetapi terlalu banyak minyak dituang ke dalam api itu
negative,sudah kurang budi bahasa
positive,Mahu tidak mahu ahli parti perlu menerimanya demi kelangsungan parti.
positive,Jadi saya keluarkan memo
positive,Kanak-kanak dalam rakaman video itu adalah kanak-kanak autisme pintar yang berupaya menyelesaikan masalah Matematik dan Kimia seawal usia enam tahun.
positive,Ini dilakukan kerana kita sebenarnya kasih dan tetap mahu membela nasib semua warga peneroka agar mereka terus mendapat manfaat-manfaat yang kita umumkan
positive,"UMNO dan Perdana Menteri, Datuk Seri Najib Razak menarik lebih banyak minat daripada wanita berbanding parti pembangkang dan Dr Mahathir"
positive,"Pada masa sama, kita berharap universiti yang ada kepakaran seperti kaunseling dan psikologi, bekerjasama dengan pusat ini supaya pendekatan rawatan serta pemulihan secara saintifik dan spiritual bergerak seiring"
negative,"Pada saya ini tak betul, jemputan (dari WUF) mesti sudah dibuat sebulan lepas"
positive,"Sebelum ini, tidak ada parti yang pernah mendapatkan maklum balas daripada MBM dalam membentuk manifesto yang tidak lain tidak bukan bertujuan untuk memberi fokus kepada isu anak muda."
positive,"Semua orang Melayu undi sama setiap individu. Ada hak untuk undi sesiapa saja,"
negative,"Kalau kita berpecah maka mundurlah Johor,"
positive,kerja sama apec perlu wujudkan pertumbuhan ekonomi yang inklusif inovatif dan berkelanjutan kata wamenlu am fachir di hadapan para menteri luar negeri dan menteri perdagangan dari anggota ekonomi apec di da nang vietnam seperti yang dikutip dari rilis resmi kemlu ri jumat
positive,Pihak universiti digalakkan untuk menggunakan gamifikasi (gamification) dan kecerdasan buatan untuk memastikan kurikulum atau silibus pengajian dibuat lebih fleksibel dan organik.
positive,"Partly free ini bukanlah menunjukkan demokrasi kita mati atau kerajaan menafikan hak rakyat, tetapi kerana beberapa akta pencegahan yang terpaksa kita kekalkan untuk menjaga kestabilan dan keamanan negara."
positive,"Kepada pihak lawan, jangan pandang mudah kemampuan PAS."
negative,"PAS pula meninggalkan Pakatan Rakyat (PR) sehingga memaksa DAP dan Parti Keadilan Rakyat (PKR) membentuk pakatan baharu bersama PPBM, tetapi gagal mendaftar gabungan secara rasmi berikutan pergantungan sementara PPBM"
positive,Semua ini menunjukkan yang bekas pelajar MCKK prihatin dengan apa yang berlaku dalam negara kita dan berusaha untuk mencari satu wahana untuk membincangkannya agar Malaysia boleh terus bergerak ke hadapan
positive,beliau menarik perhatian bahawa ekonomi adalah isu global dan bukan hanya mengenai malaysia
negative,"Pas sering ungkap 141,000 ahli baharu sertai parti Islam itu sejak 2013 hingga 2017, hakikatnya Pas ada 7,000 cawangan jadi nisbah pertambahan empat orang ahli baharu setahun untuk politik kuasa memang tak mampu bawa perubahan masa depan politik."
positive,Kita tetap negara demokrasi
positive,"Selepas ini, diharap anak anak belia kita lebih berani dan tak malu untuk bercakap dalam Bahasa Inggeris."
negative,Perkara ini sangat mengejutkan netizen dan ada antara mereka yang tidak percaya pelakon filem Tombirou itu sanggup melakukan perkara tersebut.
negative,Kita semua harus sedar bahawa CA dan SCL ketika ini berdepan tuduhan telah menipu dan menyebarkan berita palsu untuk manfaat parti-parti politik tertentu yang melanggani perkhidmatan mereka
negative,"Tiba musim pilihan raya, makin ramai syaitan muncul buat fitnah"
negative,"Jika pilihan raya diadakan pada Mac, saya tidak akan bertanding"
positive,"Jika kerajaan beri kebenaran (untuk lakukan kajian) dan geran, kita boleh lakukan dan menjadikannya satu minuman sirap tradisional untuk meningkatkan tenaga, kesihatan"
positive,Institusi kewangan Malaysia harus menjadi standard emas untuk amalan tadbir urus yang baik
positive,"Kalau bukan anggota parti, kami akan rujuk kes tersebut kepada peguam sama ada wujud tindakan jahat untuk memalukan atau fitnah"
positive,"Perkhidmatan saringan kanser-kanser tersebut turut disediakan oleh pihak swasta dan NGO (badan bukan kerajaan) dengan kadar bayaran tertentu,"
negative,"Angka ini amat membimbangkan, malah ia secara tidak langsung menunjukkan masih ramai tidak mengambil berat mengenai tip keselamatan ketika berada di air."
negative,penyanyi ed sheeran mendedahkan tahun lalu bahawa dia sudah berhenti membaca mesej twitter disebabkan terlalu banyak kata-kata negatif
negative,Ini semua isu mainan menjelang pilihanraya
positive,"Justeru, adalah lebih penting untuk beliau menjawab segala persoalan mengenai isu ini"
negative,"Ia sekali gus berupaya menjauhkan unsur sabotaj yang biasa terjadi sebelum ini apabila mereka yang berpengaruh tidak dicalonkan, mempengaruhi jentera parti untuk tidak melaksanakan tugas dalam kempen pilihan raya yang sedang berlangsung"
positive,"Wabak rabies masih lagi terkawal, saya nasihatkan sesiapa yang terkena gigitan anjing agar segera mendapatkan rawatan di klinik atau hospital kerajaan"
negative,sudah memberi masa yang cukup serta bertolak ansur namun hilang sabar dengan karenah badan bola sepak itu yang seolah-olah mengambil sikap lepas tangan.
positive,"Inilah sentimen yang dapat kita lihat dan tahun ini, kita akan laksanakan Bajet 2018, yang bersifat inklusif, ada sesuatu untuk semua dalam bajet"
negative,"Malangnya, ia terlalu dipolitikkan dan juga dilencongkan Parlimen EU baru-baru ini apabila mereka meluluskan draf itu"
negative,Maklumat untuk membantu pengundi luar negara tidak mencukupi
positive,"Susulan Felda 2.0 bertujuan memberi wajah baharu kepada penempatan sedia ada, CIMB gembira untuk meningkatkan dan memberi sumbangan kepada inisiatif ini melalui pembangunan keusahawanan kami dan sokongan penanaman semula kepada Felda Lurah Bilut"
positive,Untuk menghapuskan pemimpin raksasa itu
positive,"Sebanyak RM90 juta pula diperuntukkan untuk Program MyBrain bagi memanfaatkan 10,600 pelajar melanjutkan pelajaran di peringkat sarjana dan kedoktoran"
negative,Kejayaan HDB tidak dilaksanakan di Malaysia
positive,"Dalam cadangan kami kepada kerajaan, peruntukkan RM250 perlu dibuat dalam bentuk e-Wallet dan hanya boleh dibelanjakan ke arah beli buku"
negative,Jangan terlalu ikutkan perbuatan netizen
positive,"Maka kita bertekad akan menentang Umno BN dan mana-mana pihak yang bersekutu dengannya dalam pilihan raya akan datang ini,"
positive,dengan berlakunya peristiwa mei isu ini mendapat perhatian lebih serius dari pihak pemerintah khususnya oleh allahyarham tun abdul razak pertama menerusi deb yang menjangkau tempoh dan kemudian diikuti pula oleh beberapa rancangan pembangunan lima tahun bagi meneruskan usaha menghapuskan perbezaan ekonomi dam kemiskinan
positive,Mereka harus tunjukkan komitmen.
positive,"Disebabkan itu, walaupun statistik jumlah kerugian menunjukkan peningkatan, jumlah statistik bilangan kebakaran pula menunjukkan penurunan"
negative,Respons saya ialah pergi berambus.
negative,"Ini bermakna, 1MDB tidak mempunyai penyata kewangan beraudit yang sempurna selama enam tahun lalu"
positive,Amanah boleh memperjuangkan Islam kerana inspirasi kami juga adalah melalui pimpinan Allahyarham Tok Guru Nik Aziz dan Datuk Fadzil Noor
positive,Ini masa untuk kita memudahkan rakyat.
negative,Lebih membuatkan panas hati apabila wartawan berkenaan tidak menyertai sesi temu bual selama tiga jam yang diadakan dua minggu lalu sewaktu CEO itu hadir ke pejabat bagi menjawab segala pertanyaan oleh portal propembangkang tersebut.
positive,"Dalam jawatankuasa itu pun ada peguam penasihat yang dilantik dan semua bebas sebab kita menyiasat agensi sendiri,"
positive,Sebaiknya bimbing dan santuni mereka dengan baik
negative,Ada tabiat pemimpin politik bahawa orang lain segala-galanya teruk kerana mahu orang pilih dia.
positive,"Runding baik-baik, cari penyelesaian, semua boleh bincang"
positive,kerana keadilan dan perlunya kita beri suara kepada mereka yang tidak berdaya
positive,Setiap agensi kerajaan yang berkaitan juga perlu dipertanggungjawabkan untuk sebarang kebocoran data di jabatan mereka
negative,"takut, letih dan bimbang tidak dapat keluar dari situ"
positive,"Pembangunan ini antara matlamat saya untuk memberikan wajah baharu, jika dulu tiada yang tahu di mana Bemban, tapi saya yakin Bemban mampu menjadi tumpuan masyarakat luar dan dalam Melaka"
negative,mempunyai banyak helah dalam poketnya. Kita hanya menunggu dan lihat apa yang ingin dilakukannya
positive,"Melalui aplikasi ini juga, anda boleh menyemak lokasi mengundi semasa pilihan raya."
negative,"Selama beberapa dekad, pengangkutan awam telah diabaikan"
negative,"Walaupun wanita memberi sumbangan besar kepada keluarga dan komoditi, wanita mempunyai kurang pemerkasaan ekonomi, kurang pendapatan dan kurang mandiri"
positive,Pemantauan terhadap peket asal memang tiada sebarang tanda campuran bahan kimia asing
positive,Kita akan bergerak dan lawan habis-habisan untuk menangkan calon GS
positive,"Ini kerana Malaysia mempunyai kelebihan kompetitif khusus dari segi sumber alam semula jadi dan teknologi pembuatan kepintaran, yang boleh digunakan dalam bidang ini untuk meningkatkan lagi daya saing produk"
positive,Kita berharap setiap larangan penggunaan biofuel pada masa akan datang untuk diluluskan dalam Rang Undang-Undang RED tidak akan mewujudkan diskriminasi terhadap minyak sawit
negative,Pengusaha kereta sewa terima tempias bahang pilihan raya
positive,Mana mungkin saya berdiri di hadapan tuan-tuan hari ini jika tanpa sistem pendidikan
positive,Akhirnya ia membolehkan kita memberikan jawapan yang tepat. Alhamdulillah kempen ini memberikan kesan yang baik
positive,Selain itu mereka juga turut melaksanakan bantuan tunai seperti BR1M (Bantuan Rakyat 1Malaysia) yang dibuat Barisan Nasional (BN)
positive,Kerana itu kami mengadakan taklimat berkenaan hari ini (semalam) supaya ahlinya yang terdiri daripada Persatuan Alumni SMK Dato' Sagor dapat memahami lebih jelas apa itu koperasi dan bagaimana ia mampu menjana pendapatan bukan sahaja kepada koperasi itu sendiri malah juga ahlinya
negative,"Akibatnya, DAP memperoleh kejayaan yang besar manakala MCA dan Gerakan mengalami kekalahan yang paling teruk dalam sejarah"
positive,"pihaknya berharap sepanjang tempoh berkempen, tiada unsur sabotaj yang cuba dilakukan pihak lawan."
positive,"Terima kasih Perdana Menteri, Datuk Seri Najib Tun Razak dan Presiden Indonesia Jokowi Widodo"
negative,kejatuhan nilai mata wang sesebuah negara dilihat seolah-olah satu tanda kemiskinan
positive,membenarkan permohonan injunksi menghalang portal berkenaan menerbitkan tiga artikel dan dua video berunsur fitnah
negative,Bagi Awang bantahan dan penentangan tersebut adalah manifestasi wujudnya kesedaran dalam kalangan ahli gabungan ber­kenaan bagaimana pemimpin-pemimpin yang mereka sanjung hakikatnya cuba mempermainkan mandat rakyat
negative,SPR melangkaui tugas dan tanggungjawab utama yang termaktub dalam undang-undang.
positive,Masalah sekolah yang daif memang tanggungjawab kerajaan tetapi kami komited membantu melakukan pembaikan
positive,meriah dan sengit
negative,"Kejadian itu menjurus kepada pencabulan hak asasi manusia, sesuatu yang tidak boleh diterima"
negative,Kebanyakan pengadu yang tampil kepada ROS dan media biasanya bekas-bekas ahli yang disogok untuk memaparkan persepsi negatif terhadap Bersatu
positive,jika diperhatikan persepsi yang dilaung-laungkan cybertrooper itu menjadi tarikan kepada penyokong di kedua-dua belah pihak untuk mempercayainya namun jika diteliti ia hanyalah sebagai tindakan untuk melemahkan pihak lawan dan lebih buruk lagi ia menjadi jenayah sehingga menghukum mereka yang tidak bersalah
negative,"Mari kita nyanyi sama-sama, kalau dia (polis) nak dakwa 2 kali pun dakwalah."
positive,Kempen penubuhan pemantau sukarela ini berjaya menarik ramai penyertaan sukarelawan
positive,Tanpa GST pembangunan dan pentadbiran negara tidak terjejas bahkan lebih hebat dari sekarang. 
negative,Jika diikutkan bayaran kepada ah long sepatutnya telah dijelaskan tetapi tidak berlaku menyebabkan pengadu terus diganggu.
positive,"Yang penting ialah pentadbiran dan pembangunan negara dibuat secara berhemah, tanpa pembaziran, tanpa rasuah"
positive,zahid berkata demikian ketika ditanya usaha kerajaan untuk memastikan harga bahan bakar di pasaran tidak terus meningkat
positive,Saya harap pemimpin akan datang bawa perkara ini (kenegaraan bersama) lebih baik untuk rakyat Malaysia
negative,Negara membelanjakan sumber terhadnya untuk membiayai institusi pendidikan tinggi yang akhirnya graduan bekerja untuk gaji sangat rendah.
positive,malahan ketika ini juga kerajaan masih mengutamakan isu kumpulan berpendapatan peratus terendah bottom iaitu dalam struktur agihan pendapatan negara
negative,berkata tiada parti akan membiarkan ahlinya berdiri di pentas pembangkang dan menghamun parti sendiri.
negative,sampai hari ini pun jualan makanan masih merosot
negative,gst dilaksanakan bagi menampung kekurangan hasil kerajaan akibat kejatuhan harga minyak mentah
negative,"Sebab sebenar Irwan menyebut mengenai sewa dari penghuni di TRX, walaupun umum mengetahui projek itu projek swasta yang tanahnya telah dijual kepada syarikat swasta dari Indonesia, ialah kerana kerajaan Malaysia telah membeli kembali pegangan di dalam projek ini setelah menjualnya kepada syarikat Indonesia.”"
negative,Tindakan itu  akan menyebabkan kesesakan di lorong terbabit dan akan mengganggu perjalanan pengguna di lorong berhampiran
positive, jadi jangan salahkan ROS bila parti mereka susah mendapat kelulusan pendaftaran
positive,pada 5 Januari 2018 nilainya berada pada kedudukan tertinggi dalam tempoh 17 bulan dan kembali kepada paras psikologi di bawah RM4.00
negative,Nampaknya saya akan buat susulan dengan menulis kepada IGP dan menyatakan saya terkilan serta tak puas hati sebab gagal bertemu dengan dia
negative,Ini adalah satu hipokrisi
positive,"Hal-hal seperti pelantikan dan kenaikan pangkat pegawai undang-undang adalah di bawah kuasa SPKP yang menjalankan fungsinya dengan telus dan bebas, tanpa dipengaruhi mana mana pihak,"
positive,mereka yang tidak disenaraikan sebagai calon masih boleh menyumbang kepada parti walaupun tidak dipilih pucuk kepimpinan.
positive,bagaimanapun kadar pertumbuhan kdnk tidak bererti kepada rakyat jelata sekiranya tidak berlaku pembahagian kekayaan
negative,Semua tahu yang nak jual tanah dan aset negara ialah pimpinan sekarang bukannya Tun Mahathir
negative,rakyat ingin mengetahui ke manakah setiap sen wang gst dibelanjakan
negative,"Memang itu tidak adil kepada pengundi yang berpendapat pembangkang akan membersihkan sistem pilihan raya dan mentadbir kerajaan progresif, tetapi inilah jenis ketidakadilan yang perlu diterima oleh rakyat dalam sebuah negara demokrasi"
positive,jawab soalan wartawan selepas merasmikan fiesta strategi lautan biru di bagan datuk ahadtimbalan perdana menteri datuk seri zahid hamidi kata kementerian kewangan sedang mengkaji kemungkinan menaikkan subsidi bahan bakar bagi memastikan harga bahan itu tidak terus meningkat di pasaran
positive,merupakan tokoh modenis Islam yang sefahaman dalam pendekatan Islam yang terbuka dan progresif tentu dapat menjalankan tugas yang berkesan dalam bidang ini.
positive,yakin mampu menawan pengundi bagi kedua-dua kerusi dipertandingkan dan berpotensi menjadi calon pilihan kerana percaya pengundi semakin bijak menilai calon yang benar-benar layak.
negative,melahirkan rasa kecewa kerana telah melengkapkan semua permohonan pencalonan termasuk membayar deposit
negative,"Mungkin kerja orang luar, ya, orang tak matang."
negative,beliau sama sekali tidak boleh menerima tindakan kerajaan memperkenalkan cukai barang dan perkhidmatan
positive,Emosi mereka cukup jelas
positive,"Dan yang ketiga, di garisan penamat nanti, pastikan bahawa kita berikan yang terbaik untuk rakyat"
positive,Kami perlu mencakupi pembangunan di peringkat negeri dan masa depan Sabah
positive,Kedudukannya yang strategik yang jauh di puncak bukit menyebabkan ia antara lokasi paling selamat ketika itu.
negative,Ini adalah fitnah terbesar kerana hidangan babi dalam gambar itu sangat sensitif kepada umat Islam.
positive,Ini bagi membolehkan petugas sempadan termasuk pegawai kastam bertugas dalam suasana kondusif dan cekap
positive,"Kita juga berpijak di bumi nyata yang tak boleh nak menang semua 36 kerusi Dun, tapi syarat utama kekalkan kemenangan dulu."
negative,"Masa pertama kali kita laksanakan sistem GST ini, harga naik sebab peniaga yang tak pernah bayar cukai sebelum ini dah kena bayar untuk pertama kali, terpaksa naikkan harga barang untuk cover kenaikan kos."
negative,"Akhirnya, jumlah keluar mengundi yang rendah sememangnya petanda politik yang tidak sihat, walaupun tidak keluar mengundi tidak sama seperti pergi ke pusat pembuangan undi dan merosak undi"
positive,"Jika apa yang disebarkan bukanlah berita palsu, oleh itu, mengapa perlu rasa bimbang"
positive,"Sesiapa yang memburukkan parti tanpa merujuk pucuk pimpinan, maka, kami anggap ini satu tindakan jahat dan kami akan ambil tindakan tegas"
positive,Walhal sekarang ini baru kita faham kita semua parti politik dalam negara yang kita sama-sama menjadi rakyat.
positive,selain itu fachir menyatakan indonesia optimistis kawasan kerja sama apec memiliki kemampuan untuk terus memimpin pertumbuhan dan menjadi penggerak perekonomian global dengan mengedepankan keterbukaan ekonomi dan kebijakan reformasi struktural
positive,Kita berjalan dan jumpa orang kita tahu apa dalam fikiran mereka.
positive,segenap jentera parti perlulah dikerahkan untuk turun padang bertemu dengan para pengundi.
positive,Hubungan kita tak pernah renggang
positive,Kami mohon geran padanan sebagai usaha membawa pembangunan seimbang untuk peneroka Felda
positive,"Tidak ada parti di dunia ini ada kerangka yang begitu baik, kemas dan teratur selain UMNO yang merupakan sebuah parti berjiwa rakyat"
positive,"Satu, barang-barang keperluan asas di mana kerajaan akan mengawal harganya seperti beras, tepung, gula, minyak masak dan gas memasak"
positive,"Pilihlah calon atau parti yang mampu membantu membangunkan kawasan anda dan pada masa sama boleh menyumbang ke arah kemajuan ekonomi, sosial dan kestabilan negara."
negative,Ada juga calon bebas yang ‘acah-acah’ masuk bertanding sekadar untuk ‘kacau daun’ dan pecah undi
positive,"Justeru seorang murid mendapat manfaat sekurang-kurangnya RM8,900 setahun, selaras Akta Pendidikan 550 yang menyatakan pendidikan adalah percuma di negara ini"
positive,"Moratorium mungkin bukan langkah yang baik kerana sudah ada lebih 200,000 dari mereka yang bekerja di Malaysia"
positive,"Bahang kehangatan musim Pilihan Raya Umum Ke-14 (PRU14) bukan sahaja digunakan oleh parti politik sebagai medan untuk bertarung, tetapi ia juga memberi rezeki bermusim kepada sebahagian golongan peniaga."
positive,"Tapi dalam hal ini, terpulang kepada rakyat dan kita akan (pertimbangkan) jika itu yang mereka mahu"
positive,Saya harap adinda Nazri dan adinda Salleh dapat melihat semula sejarah dan saya merasakan ayahanda mereka berdua itu sahabat saya.
positive,dengan ini rakyat sememangnya mengharapkan kerajaan betul-betul dapat membantu mereka menghadapi kos sara hidup yang semakin tinggi bagi membolehkan mereka menjalani kehidupan yang lebih berkualiti tanpa adanya tekanan kewangan yang keterlaluan
negative,Ini tidak adil kerana mereka juga mangsa banjir.
negative,mereka diugut agar mengundi Umno pada pilihan raya umum akan datang
negative,Ketidakseimbangan peranan gender di negara anggota OECD telah menyebabkan ketidakseimbangan dalam membuat dasar
positive,Penyelidikan dan pembangunan teknologi berkaitan perlu diterokai agar potensinya mampu mengharmonikan interaksi manusia-teknologi
positive,sebagai seorang yang giat meneliti proses pembangunan beliau amat mementingkan agar proses pertumbuhan ekonomi itu dapat menyelesaikan masalah dan isu perbezaan ekonomi dan kemiskinan
negative,"Hampir reda dengan isu putus cinta, nama Zul Ariffin kembali disebut apabila dikatakan telah memuat naik gambar alat sulit menerusi Insta Story dalam Instagram (IG) miliknya malam tadi"
positive,Saya juga mengharapkan semua berita yang dihasilkan oleh pihak media adalah berfakta dengan mesej yang positif agar rakyat dapat faham dengan lebih jelas mengenai semua usaha yang dilakukan kementerian
positive,Sabah di bawah pimpinan kerajaan BN terus pesat membangun dalam pelbagai sektor sekali gus membawa kemakmuran dan kesejahteraan rakyat
positive,melupuskan tunggakan hasil tanah dan cukai pintu perseorangan.
positive,"Saya rasa niat itu sangat mulia, kerajaan mempunyai niat sangat mulia"
positive,"Walaupun tak lancar, tapi yang penting kita nak pendedahan itu ada."
negative,Ia boleh menimbulkan kesangsian rakyat terhadap mereka yang tidak terlibat membuat pengisytiharan. 
positive,Rakyat Malaysia yang melancong ke luar negara untuk bercuti juga meningkat setiap tahun berdasarkan statistik dikumpulkan
positive,visi dan misi yang jelas bagi membangunkan pulau peranginan terkemuka dunia itu
positive,Kita sudah hantar senarai calon dan iaterpulang kepada pucuk pimpinan untuk buat keputusan
negative,Orang lain tidak mengiktiraf mereka
positive,"Ini adalah komitmen kementerian, dan pada masa ini kami sedang dalam perbincangan"
negative,Orang lain pasti terkilan kenapa nak bagi tawaran sampai 10 peratus
positive,"Prosiding PAC dilakukan secara telus, laporan PAC juga telah dikeluarkan"
positive,"Kalau dapat (beli) harga yang murah, rakyat terutamanya di kawasan luar bandar tidak akan terbeban dengan kenaikan harga barangan pada masa kini"
positive,"Malah, kemajuan teknologi digital juga dapat memajukan negara setanding negara maju dengan syarat usaha yang dilakukan mendapat kekuatan dan kerjasama semua pihak di negara ini"
positive,kita akan memberi persaingan yang baik
positive,"Siapa berhasrat mahu jadi calon, mesti ada kredibiliti dan sokongan padu rakyat, tidak kira dia penyandang atau tidak"
positive,Organisasi terbabit harus segera memaklumkan kepada MRT Corp jika mereka menerima panggilan sedemikian
negative,orang muda mahukan kerajaan bersih dan bertanggungjawab kepada rakyat
positive,Langkah kerajaan untuk mengawal selia sekolah tahfiz supaya tidak terasing daripada sistem pendidikan yang ditetapkan seperti yang dinyatakan
negative,Dakwaan palsu seperti ini pasti menyedihkan keluarga dan rakan mereka yang hilang dalam pesawat Malaysia Airlines penerbangan MH370
positive,"Pihak kerajaan perlu berusaha mewujudkan peluang pekerjaan, dan perniagaan supaya mereka yang terlatih dan berpengetahuan berpeluang memperbaiki taraf hidup mereka,"
positive,tetapi kini kadar penembusan jalur lebar isi rumah telah menjangkau 84.5 peratus di seluruh negara
negative,"Umno tunduk kepada hukum hudud PAS, menyebabkan orang bukan Islam terutama MCA merasa mereka dikhianati Umno yang sekian lama menjadi kawannya. Orang Cina pula menolak UMNO."
positive,"Tahniah murid-murid yang terlibat, saya percaya masyarakat orang asli akan pergi jauh suatu hari nanti"
negative,sanggup mengorbankan logo roket dan berkongsi logo PKR sebagai strategi menarik sokongan pengundi Melayu dan bumiputera
positive,"Kita jangka pelaksanaan projek bermula pada 2019 atau 2020, dan mengambil masa sehingga 2025 bagi melengkapkan ketiga-tiga fasa"
positive,Soalan saya kemukakan kepada Najib tapi dia tak jawab
positive,Begitu juga dengan kaum India kita memerlukan lebih ramai wakil rakyat daripada MIC supaya boleh mewakili kaum India dalam kerajaan
positive,Kita pun tidak mahu beliau diheret dalam kancah politik.
negative,Hal ini jelas membuktikan bahawa aduan-aduan berkenaan datangnya daripada kumpulan dedak sistematik yang tujuannya hanya satu iaitu mengharamkan parti Bersatu
positive,Kenapa kita perlu menghukum? Dengan herdikan dan tohmahan yang sememangnya akan menjarakkan kelompok LGBT ini apatah lagi dari nilai keagamaan?
negative,pada pendapat penulis krisis yang melanda sekarang ini telah menjadi isu jenayah antarabangsa merentasi sempadan genosid terrorisme perdagangan manusia dan perlarian akibat konflik dalaman tidak lagi dapat dipisahkan di antara isu dalaman dan rantau kerana kesannya terkeluar dari persoalan dalaman sesebuah negara
negative,Tindakan itu mengecewakan kerana masyarakat Malaysia boleh membezakan antara yang benar dan palsu.
negative,"Justeru, prinsip kebebasan yang dijamin oleh demokrasi tidak seharusnya dilebarkan sehingga menikam mati demokrasi itu sendiri."
positive,"Oleh kerana proses pengambilalihan itu belum selesai, MRT Corp tidak mempunyai hak milik ke atas Ampang Park dan tidak dapat mengawal apa yang berlaku kepada bangunan itu ketika ini"
positive,"Janganlah kita sibuk meletakkan kesalahan terhadap aspek pemakaian wanita, sebaliknya berganding bahu memberikan penyelesaian bersifat menyeluruh dan tuntas"
positive,"Mesyuarat tersebut yang akan dianggotai oleh menteri, badan bukan kerajaan (NGO) dan pakar akademik akan membincangkan secara terperinci mengenai struktur majlis berkenaan,"
negative,"Kerajaan persekutuan dan negeri tidak harus lupa, Orang Asli, khususnya masyarakat Temiar, berperanan penting dalam peperangan menentang pejuang komunis"
negative,"Tetapi sekarang tiada siapa yang mahu kita, kerana kita tidak boleh menulis, dan kita tidak boleh baca apa yang ditulis!"
negative,Kemerosotan yang paling ketara dapat dilihat dalam kalangan pengundi Melayu
negative,"Ia sama seperti menghina mahkamah di mana satu laporan polis boleh dibuat,"
positive,Kita nak buat bantahan atas tawaran (PROTON) ini
negative,majlis belia aseanperlu ditubuhkan untuk memperincikan bentuk asean yang mereka inginkan pada masa depan
positive,"Semua perkara berkaitan pembinaan projek itu termasuk pemilihan kontraktor dan pelan rumah, sudah selesai dimuktamadkan"
negative,"Maklumat ini yang sebenarnya bersifat serba tidak pasti terutama di media sosial yang tertutup seperti WhatsApp dan juga di media sosial terbuka seperti Facebook, Twitter dan Instagram."
negative,Keadaan di kawasan setinggan jauh berbeza dengan perumahan berkenaan.
positive,"Tambahan dengan jumlah saham terkumpul sebanyak RM13.8 bilion, aset berjumlah RM135.8 bilion serta perolehan RM24.3 bilion, koperasi merupakan aset terbesar kepada pembangunan ekonomi negara,"
positive,"Sesiapa saja datang kita alu-alukan dan kita tidak ada halangan, kerana ini adalah negara yang mengamalkan demokrasi cuma yang seperti saya katakan dulu budaya yang sentiasa dipelihara sejak dahulu adalah mengutamakan rakyat"
positive,Kita bersedia bekerjasama dengan rakan pelabur baharu yang mahu bekerjasama membangunkan projek pelaburan terbesar kami di Malaysia
positive,Saya hargai kehadiran beliau ke pejabat saya
positive,ketika media cetak mula berkembang tahun lalu manusia turut panik mengenai terlalu banyak maklumat terdedah kepada orang awam
positive,Cabaran zaman sekarang tidak boleh hanya dijawab dengan doa sepanjang masa. 
positive,mempunyai prestasi cemerlang dan memperoleh tahap sokongan optimum daripada akar umbi.
negative,"Kadar pertumbuhan pekerjaan kemahiran tinggi tidak selari dengan kadar peningkatan tenaga kerja berpendidikan tinggi yang semakin tinggi,"
positive,"Tetapi saya menaruh keyakinan guru wanita dapat atasi masalah (disiplin) walaupun berdepan tugas yang lebih mencabar yang membabitkan sekolah- sekolah kategori ""hotspot"" (tinggi masalah disiplin)"
negative,telah mengorbankan kepentingan parti demi menurut telunjuk sekutunya
negative,Ia amat merugikan negara
positive,"Tetapi ramai yang memilih untuk ada fleksibel dan jadi seorang pemandu Grab, menjual di internet dan sebagainya"
negative,Kekurangan 50 peratus tenaga buruh pada ketika ini akan memberikan kesan besar kepada produktiviti Keluaran Dalam Negara Kasar (KDNK) membabitkan kawasan Cameron Highlands yang terkenal dengan sumber ekonomi berasaskan pertanian dan pelancongan
positive,Kami bersetuju untuk menetapkan tarikh penghantaran kumpulan pertama untuk bekerja di Malaysia pada 1 Jun
positive,"Apa yang ada pada hari ini bukan datang secara semula jadi, tetapi dicipta dan diolah dengan pendekatan kepelbagaian etnik."
positive,"Dijangkakan Majlis dan Suruhanjaya itu yang kompeten secara teknikal dengan kesan undang-undang, ekonomi dan saintifik mengenai pengharaman diskriminasi yang dicadangkan terhadap minyak sawit, tidak menyokong larangan terbabit"
positive,"Mengikut laporan ekonomi negara-negara lain, Malaysia dinilai antara terbaik di rantau ini"
negative,Orang yang buat cara macam ini mungkin kurang siumanlah
negative,"Jadi ada ramai pula yang nak meniaga, dia kutuk"
positive,memberi kepercayaan dan keyakinan sepenuhnya terhadap SPR dan semua petugas pilihan raya menjalankan tanggungjawab menegakkan amalan demokrasi di negara ini
positive,yang bertanggungjawab dalam undang-undang
positive,meletakkan golongan wanita pada kedudukan paling istimewa
positive,Kita sudah ambil langkah ini lebih awal sebelum ini.
positive,"Alhamdulillah, pada majlis sama kita turut menerima peruntukan RM41,000 daripada seorang individu dan unit tindakan Dun Bukit Kayu Hitam serta Jitra"
positive,"Ada laporan polis dibuat, dan pastinya ada laporan SPRM kerana siasatan telah dibuat untuk tahan individu yang tawarkan dedak"
negative,"Ramai orang dalam industri ini sangat kecewa, dan orang ramai sepatutnya lebih kecewa"
positive,memberi impak tinggi dalam memastikan sistem penyampaian kerajaan untuk rakyat di kawasan pedalaman mencukupi dan memuaskan.
positive,Dia pun tak kacau sama mereka
negative,"Kuasa beliau hanyalah sebagai penasihat, dan oleh sebab kedudukannya dalam lembaga itu, pembangkang mendakwa beliau bertanggungjawab"
negative,Kononnya ada jumlah yang lebih besar daripada itu datangnya dari kaum tertentu juga tidak diberikan dokumen.
positive,"Walaupun ditakluki oleh orang asing, orang Melayu tidak bertindak secara agresif"
negative,Sukan sering dicalar pelbagai perkara yang bak kata 'kerana nila setitik rosak susu sebelanga'
positive,"Berhubung masalah tanah simpanan, KKLW telah mengenal pasti kira-kira 134,490 hektar tanah melibatkan 853 perkampungan Orang Asli seluruh Malaysia yang diwartakan bagi menggelakkan berlaku pencerobohan dan pembalakan haram"
positive,menurutnya ia dapat memberi mesej yang jelas kepada masyarakat bahawa tiada apa yang perlu disorokkan berhubung dana politik.
positive,"Kita bukan 'touch n go', kita 'go n touch' ia bukan benda yang baru malahan dilakukan sejak dahulu lagi"
positive,"Harapan pusat akan mengambil alih urusan agihan ini jika Kelantan tidak mampu tetapi setakat ini kita berjaya dan berusaha menyelesaikan bakinya,"
negative,"Dalam soal Rohingya, beliau turut berasa bimbang…beliau tidak melihatnya sebagai isu umat Islam atau isu kemanusiaan semata-mata."
negative,Polisi ini dicipta untuk masyarakat luar bandar tetapi mereka masih miskin
positive,Apa yang pihak kami dapati ialah kebanyakan sekolah baharu yang dibina adalah terletak di kawasan pembangunan baharu
positive,"Tahun ini, kami telah memperluaskan mesej perayaan kami untuk mencapai penonton global sejajar dengan usaha penjenamaan global syarikat"
positive,Saya ingin mengambil kesempatan ini untuk mengucapkan terima kasih kepada Kerajaan Diraja Kemboja untuk pekerja-pekerja ini
positive,"Bukan hanya pengetahuan dalam tawhid dan fiqh, tetapi juga pengetahuan praktikal berdasarkan realiti sosial"
positive,perancangan baik tidak pernah melupakan perkhidmatan awam dan rakyat bagi menjamin masa depan negara terus dijulang.
positive,sang wamenlu ri juga menekankan penyegeraan penyusunan visi apec sesudah bogor goals demi cita-cita apec mewujudkan integrasi ekonomi regional dan komunitas asia pasifik
positive,tujuh negara sudah bersetuju untuk menghantar wakil sebagai pemerhati pada PRU14
positive,"Kewujudan tanah rancangan ini bukan sahaja dapat membasmi kemiskinan penduduk, malah berjaya menyekat kemaraan komunis pada masa itu."
negative,"ditanya memang ramai sahaja yang mahu menetap dan bekerja di sini, tetapi mereka gagal mencari pekerjaan yang bersesuaian dengan bidang mereka"
positive,Perdana Menteri juga sudah memberi penjelasan tentang isu berkenaan dalam kenyataannya dan pihak kerajaan menerima baik penjelasan itu.
positive,"Tetapi ini juga untuk semua negeri di Malaysia, bukan sahaja di Sabah"
positive,"Oleh itu, pada masa depan, kita perlu lebih banyak melibatkan diri dengan mereka"
negative,"Apabila dapat surat dari MAB, lain pula jumlah yang diberikan, berbeza dengan jumlah yang dipersetujui di antara pihak keluarga dan peguam"
negative,Marah lihat calon berbeza parti bertegur sapa
positive,"Oleh itu, situasi politik yang stabil itu pada akhirnya dapat diterjemahkan kepada pertumbuhan ekonomi yang baik"
positive,Apa yang penting adalah membetulkan semula aliran tunai dalam FELDA itu sendiri dan proses ketelusan serta tadbir urus yang cekap ini memerlukan sedikit masa.
positive,Kita harap usaha yang kita lakukan ini dapat membantu memperkasa dan merancakkan ekonomi umat Islam di rantau Asia Tenggara serta negara anggota OIC
positive,"Apabila dicampur undi Melayu dan undi bukan Melayu, maka, kelihatannya Harapan mempunyai kelebihan"
positive,mungkin di masa akan datang kerajaan perlu mewujudkan satu peraturan untuk mengelakkan diri melakukan perniagaan
positive,"Kita mesti insaf, kita tidak berada dalam comfort zone (zon selesa) dan oleh itu kita mesti ketepikan kepentingan peribadi dan sama-sama berperang demi kemenangan parti"
positive,"Malah jika didapati sesebuah syarikat gagal menjamin keselamatan maklumat peribadi, mungkin kontrak syarikat tersebut akan dibatalkan!"
positive,Negara mempunyai sejarah yang panjang untuk membawa ketamadunan dalam perkembangan sekolah-sekolah agama yang bermula daripada pondok terutama di Kedah dengan baginda-baginda Sultan sendiri memberi perhatian.
negative,diminta mengulas mengenai laporan terdapat kain rentang yang menyinggung dan mencetuskan sensitiviti sepanjang tempoh proses penamaan berlangsung
positive,"Sejarah pembukaan Felda Lurah Bilut pada 60 tahun lepas tidak hanya kekal dalam buku sebaliknya, sejarah boleh mengajar kita untuk mengulangi pencapaian kita"
positive,"Saya menghargai peruntukan itu kerana iniah dana yang kita nanti-nantikan, terutamanya jabatan pendidikan"
negative,Kemudian kita tanya apa tujuan nak masuk tapi mereka tidak beritahu.
positive,"perang poster ini bukan sahaja menambah kemeriahan PRU, malah menjadi sumber utama dalam memperkenalkan calon tersebut"
positive,seseorang wakil rakyat itu perlu tahu tanggungjawab yang diberi dan diamanahkan
positive,Pagi tadi saya dapat teks daripada (Menteri di Jabatan Perdana) Datuk Seri Rahman Dahlan yang menyatakan Aramco bersetuju untuk melabur US$7 bilion di Malaysia sebelum 31 Mac ini
positive,saya menganggap pandangan beliau sebagai bebas dan berwibawa bukan sahaja kerana beliau tidak bekerja untuk institusi yang mencari keuntungan tetapi juga kerana beliau adalah antara ahli ekonomi paling konsisten pandangannya di malaysia
positive,Saya yakin saya akan berjaya pada pilihan raya nanti
positive,Usaha kita dalam aspek ini adalah ‘the new battleground’ yang perlu kita beri tumpuan lebih
negative,Ada yang putus sahabat dan lebih malang lagi ada yang putus hubungan keluarga
negative,walaupun kadar tukaran ringgit naik peratus sehingga oktober tahun ini laporan bank dunia itu berkata malaysia terus terdedah kepada risiko mata wang yang lebih tinggi berbanding negara-negara membangun lain di asia timur dan pasifik
positive,Walaupun kita tidak ada angka sebenar kita boleh atasi sebab pentadbiran kita tidak boros. 
positive,Dia membawa anaknya untuk menganut Islam di Perlis
positive,Keperluan air di Langkawi sudah berada pada tahap maksimum sebab itu kita ingin bina tempat takungan air bagi memastikan keperluan cukup.
negative,Kami kini sedang mengisi kekosongan yang sedia ada
positive,"Saya kira dalam masa lebih kurang 8 tahun ini, saya melawat Sabah lebih kerap daripada seorang yang menjadi perdana menteri selama 22 tahun"
negative,MIC Wilayah Persekutuan sendiri sebelum ini telah menyenaraikan 20 orang pemohon kepada Kementerian Wilayah Persekutuan dalam isu Rumawip namun masih belum mendapat sebarang maklum balas
positive,"Biasanya, syarikat penyedia perkhidmatan berkaitan kewangan meletakkan Malaysia di kedudukan 'AA"
negative,Dua keputusan Mahkamah Persekutuan baru-baru ini mengesahkan prinsip undang-undang dalam keistimewaan Parlimen dan ketidakadilan terhadap prosidingnya
positive,"Apabila rakyat faham dengan sesebuah dasar ini, mereka mungkin akan menyokong kerajaan bagi memastikan dasar itu terlaksana dengan lancar"
positive,"Selain itu, ruang pembelajaran yang berbeza juga wajar disediakan serta pentaksiran pelajar tanpa peperiksaan"
negative,turut memohon kepada orang ramai supaya tidak menyebarkan sebarang spekulasi berkenaan keadaan kesihatan
negative,Kami sedih dan risau melihat ada yang turut mengikut jejak langkah ibu bapa yang bekerja di lorong gelap kerana tiada bimbingan
negative,Saya sangat kecewa. 
negative,"Masalahnya projek ini sudah lama tertangguh, kita cuma risau nasib Bandar Malaysia akan sama dengan Tun Razak Exchange yang terpaksa di ambil alih oleh Kementeria Kewangan dan akhirnya kita rakyat yang perlu membayarnya."
positive,Presiden tahu apa yang terbaik untuk Wanita UMNO dan kita tunggu saja
negative,"Memang ada kegagalan dalam syarikat ini, kelemahan tadbir urus"
negative,Ini akan menyebabkan kaum lain memboikot Proton
negative,"Sebelum ini semua hal diceritakan kepada media, dan ia mungkin mencetuskan salah faham"
positive,Ia diukur satu per satu berdasarkan kebolehan murid
positive,"JR Arau sudah menemui 90 peratus pengundi di bahagian ini dan 1,300 JR kita sudah bersiap siaga untuk Parlimen dibubarkan pada bila-bila masa"
positive,"sentiasa meletakkan Islam pada garis penting perjuangan dan melaksanakan pembangunan Islam secara berhikmah dengan mementingkan kepada prinsip asas maqasid syariah untuk memelihara agama, nyawa, akal, keturunan dan harta"
positive,Beban bayaran hutang tidak memakan peratusan yang tinggi dalam belanjawan negara
negative,apakah mungkin hasrat asean untuk menegakkan komuniti sebenar melalui tiga tunggak yang telah disepakati akan berjaya diterjemahkan pada pandangan penulis perkara ini telah menjadi terlalu kabur apabila asean gagal mencapai konsensus atau kesepakatan dalam amalan dan tindakan dalam menangani krisis rohinga yang mendapat perhatian dan cemuhan dunia
negative,"Mereka menipu (con) sistem pilihan raya kita, mereka menghina (insult) demokrasi kita dan yang lebih malang lagi mereka memporakperandakan politik kita dengan masalah baharu."
positive,"Ertinya kerusi ini (Kuala Selangor) Irmohizam, perlu diberikan tumpuan yang lebih untuk berkhidmat kepada pengundi dan penduduknya."
negative,"Orang berkenaan tak riuh rendah, yang riuh rendah ialah ketua cawangan yang didakwa mendaftarkan diri borang Bersatu, jadi ahli Bersatu yang kononnya nak jadi juara"
positive,Orang politik mesti bersedia untuk segala-galanyanya
positive,"Jadi apabila kerajaan wujudkan semula KR1M 2.0 tetapi dengan pembaharuan yang lebih baik iaitu menawarkan barangan berjenama dengan harga yang murah berbanding kedai lain ia merupakan satu hadiah kepada kami sekali gus menunjukkan kerajaan prihatin dengan nasib rakyat,"
positive,yang memerlukan pemerhatian dan tindakan serius
positive,"Ini kita telah buktikan…bila ada kuasa undang-undang yang boleh dikenakan kepada mana-mana individu yang kemungkinan besar lakukan jenayah seperti keganasan, maka tindakan itu sangat berkesan."
negative,Sudah jelas bahawa Azrin berbohong
negative,"Untuk produk ini, kenaikan harga lebih daripada kenaikan gaji"
negative,"Konsesi ambil untung atas angin, itulah sebabnya salah satu kualiti binaan yang dibina tidak ikut piawaian, apabila ada kecacatan kontraktor kelas F yang dipersalahkan"
negative,pandangan segelintir pihak bahawa membantu golongan sasaran menyebabkan mereka akan semakin miskin merupakan satu pandangan yang tidak menampakkan keadaan sebenar golongan sasaran ini
positive,"Kini, KKM menyediakan perkhidmatan saringan kanser kolorektal bagi mengesan kanser ini pada peringkat awal"
positive,berhasrat untuk menjadi calon perlu belajar menguruskan harapan mereka sendiri sekiranya tidak terpilih
negative,Sikap pihak tertentu yang mempertikaikan ketelusan sistem pilihan raya menjelang PRU ke-14 dianggap satu usaha propaganda yang cuba mengelirukan rakyat dan pengundi
positive,"Cabaran itu biasa, bagi kami dan dengan gabungan media, halangan itu biasanya akan membantu kami."
negative,"Bagi perbelanjaan domestik, asasnya bagus, tetapi hypermarket dan pasar raya besar (di Malaysia) yang menguasai 50 peratus pasaran runcit (menyaksikan pertumbuhan) negatif"
positive,"Maka benar apabila dikatakan bahawa terkait hak selaku individu, sang penganut LGBT punyai segenap hak untuk mempertahankan kecenderungan mereka, sebegitu juga ada kebenarannya apabila terdapat pihak yang mengatakan perihal ini"
positive,"Kalam berpandangan, bab-bab politik ini usahlah dibincangkan secara terbuka lebih-lebih lagi jika membabitkan pertemuan keluarga seperti kenduri-kendara atau hari raya"
positive,"Bagi pihak Amanah di peringkat pimpinan negeri dan nasional, saya mendoakan kepada keluarga Mazlan."
positive,Malah mempersoalkan sebilangannya kenapa perlu berkawan dengan orang sebegini. Ini adalah kenyataan yang tidak memandang konteks yang lebih luas.
positive,Saya harap tidak ada perubahan kepada senarai calon
positive,BN dan UMNO Selangor mendesak SPRM menyiasat apa sebenarnya berlaku di sebalik transaksi dan keputusan penyerahan balik meragukan ini
positive,dari mula ia ditubuhkan tujuan dan dasarnya adalah untuk menentukan rantau ini tidak menjadi pentas persaingan kuasa-kuasa besar dunia
positive,Suruhanjaya Pilihan Raya (SPR) sudah menjemput pemerhati dari 14 negara untuk terlibat sebagai pemerhati asing pada pilihan raya umum
positive,Sepatutnya berbuat begitu  demi untuk menawarkan sesuatu yang lebih baik kepada rakyat.
negative,"Setiap kali musim perayaan, banyak lebuh raya sesak kerana lorong sedia ada tidak mampu menampung jumlah kenderaan yang bertambah"
negative,Dia tak pernah peduli untuk beri jalan raya yang sangat diperlukan kepada rakyat.
positive,"Antaranya bagi membaik pulih lif, pendawaian semula elektrik, mengecat semula bangunan, ganti bumbung, pasang pagar, ganti tangki air dan selenggara paip sanitari,"
positive,Kita akan beri ganjaran 20 sen kepada orang ramai yang membawa beg plastik mereka sendiri
positive,"Mereka memberi kerjasama baik terutama ATM yang bersetuju meningkatkan pengambilan masyarakat India dari segi keanggotaan di semua peringkat,"
negative,Bagi saya ini langkah berundur ke belakang yang boleh menjejaskan prestasi BN Perak dalam PRU14
negative,Dr Mahathir tidak peduli orang di sini. 
positive,"Justeru, kepercayaan itu perlu diterjemah kepada kerja keras untuk membantu masyarakat Cina."
negative,Yang terpalit dengan berita benar itu bebas di luar dan khabarnya sibuk nak jadi calon PRU
positive,Akhirnya saya sendiri bongkarkan keadaan sebenar demi mengembalikan hak pengadu.
positive,memohon pengisytiharan mahkamah bahawa mereka adalah pemilik sah
positive,"Jika perkara ini (cadangan) dapat dilaksanakan, maka ini akan dapat mengurangkan kesesakan yang ada, namun kita harus menghormati aspek keselamatan yang dikhuatiri oleh mereka (Singapura)"
positive,"Walaupun ada liputan meluas media mengenai Dr Mahathir dan pencalonannya sebagai Perdana Menteri, ia bukan petanda baik untuk Pakatan Harapan"
positive,Ia bukan dasar yang menjadi kemestian tetapi menunjukkan dasar berkebajikan kita yang prihatin kepada keperluan rakyat khususnya golongan berkenaan
positive,"Tegaskan kepada parti bertanding di dalam pilihanraya, mereka hanya mendapat undi sekiranya dapat menunjukkan bagaimana mereka dapat memberikan perkhidmatan terbaik kepada rakyat. "
positive,Bahkan penduduk kampung berkenaan mengakui mereka aman seketika apabila lembaga yang dikatakan 'orang minyak' itu menghilangkan diri sejak seminggu lalu.
negative,"Melihat kepada calon yang diangkat, Ab Halim antara calon yang sesuai dengan perwatakan dan latar belakang profesional, namun ramai menganggap beliau masih kurang berpengalaman dalam pentadbiran dan politik."
positive,"Setiap kali saya tonjolkan isu itu, plastik lah penyelesaiannya"
negative,"Macam Tan Sri mengatakan, apa sangat mahu dibaca, tak payah bentang"
positive,"Saya juga ada menyimpan bukti percakapan di dalam cakera keras (hard disk) selain maklumat peribadi pengadu, namun ia akan terus kami simpan bagi mengelak ia 'hilang' (dalam simpanan ROS) sebelum dihantar kepada ROS dalam tempoh 10 hari lagi"
positive,berkata pemerhati asing itu hanya memantau proses pilihan raya dan bukan mengesan adanya penipuan.
negative,baru-baru ini perdana menteri datuk seri najib razak mengherdik pembangkang dan pengkritik kononnya mensabotaj ekonomi negara
negative,mereka ialah golongan sasaran yang wajib dibantu
positive,"Walaupun mungkin saya akan ditahan dan dipenjarakan, tetapi demi rakyat, saya tidak boleh tak nyanyi."
positive,"Bagaimanapun warga emas itu menangis kegembiraan, lalu sujud syukur setelah mendapati kelibat berkenaan adalah wakil rakyat di kawasannya yang disangka ‘meninggal dunia’ tiba-tiba muncul kembali"
positive,"turut menyertai misi yang berisiko itu, mencerminkan bahawa operasi itu benar-benar bersifat multinasional."
positive,"Walaupun terdapat kekurangan, kesemua mangsa dijaga dengan baik. Saya bagi lima bintang"
positive,"Ini menunjukkan seolah-olah ia sesuatu yang bagus, tetapi satu statistik yang perlu dipadankan dengan pendapatan adalah perbelanjaan"
positive,"Pusat operasi baharu ini bukan sahaja menyediakan kemudahan yang lebih kondunsif, bahkan berupaya mengatasi masalah pengoperasian penerbangan yang dihadapi selama ini"
negative,Tak payah keluar mengundilah penyokong mereka ni
positive,bajet dijangka tetap meneruskan beberapa projek mega dan infrastruktur untuk rakyat melalui peningkatan keupayaan pengangkutan awam dan jalan raya
positive,"Mereka melihat kita (BN) bekerja untuk rakyat, bukan untuk menang pilihan raya sahaja... apabila kita tetap bekerja membela nasib mereka walaupun kita kalah di kawasan itu, ini menyebabkan mereka kembali yakin kepada BN dan MCA,"
negative,pakatan pembangkang tidak akan bertahan lama jika setiap parti pembangkang itu mempunyai misi dan ideologi berlainan.
positive,"Bahkan saya bersedia untuk jadi mamak roti yang nak balik India iaitu dia akan bawa pengganti dia ronda masuk kampung, masuk semua lorong untuk pastikan pelanggan sedia ada tetap membeli roti yang dia jual"
negative,sebaliknya apa yang tinggal sekarang dibanjiri dengan berita palsu dan ini telah menimbulkan kebimbangan mengenai pembulian siber penyebaran propaganda puak pelampau serta persoalan bagaimana snapchat whatsapp dan lain-lain aplikasi pintar memberi kesan kepada kanak-kanak
negative,Saya rasa orang ramai tidak mempunyai wang
positive,bukan sahaja untuk berkembang tetapi berkembang maju demi kebaikan negara
negative,beliau menasihatkan semua calon supaya datang awal ke pusat penamaan calon masing-masing kerana kelewatan menghantar kertas pencalonan boleh menyebabkan kertas pencalonan ditolak dan tidak layak untuk bertanding dalam pilihan raya.
positive,Saya percaya saya perlu berkongsi maklumat yang berasas dan penting terutamanya maklumat berkaitan dengan kepimpinan negara dan rakyat Malaysia supaya rakyat dapat mengetahui dan memilih kepimpinan negara yang berkaliber dan sesuai dalam pandangan rakyat
positive,Saya harap ada pembangunan dari segi rumah untuk anak-anak Felda di sini
positive,"Ini telah pun masuk dalam bidang kuasa siasatan SPRM, tangkapan telah dibuat dan siasatan sedang berlangsung ketika kenyataan akhbar ini diberikan"
negative,Ada kes saya 'locked' sehingga peminjam tidak perlu bayar pun dengan ah long tetapi peminjam didesak untuk bayar dan tidak termasuk caj pentadbiran
negative,"Sekolah di Bahagian Sibu paling banyak terjejas iaitu sebanyak 40 sekolah, kebanyakannya dalam daerah Selangau"
positive,"Sekarang, kita bukan sahaja dapat anjur program komuniti malah menganjurkan ceramah politik"
positive,Malaysia harus tegas dan bukan sekadar membuat kenyataan tetapi meneruskan usaha memberi kefahaman kepada negara lain tentang kekejaman dan kezaliman yang dilakukan Israel terhadap penduduk Palestin
negative,"Kalau tidak, saya sendiri pecat mereka"
negative,Dalam kaca mata Kerajaan Persekutuan macam tak ada banjir teruk berlaku di Pulau Pinang.
positive,"Ini bukannya langkah pertama, dan kami telah melakukan banyak kerja untuk mencegah rasuah di negara ini"
negative,"Gangguan seperti ini menimbulkan ketidakselesaan kepada pengguna yang terjejas oleh kerana mereka terpaksa berdepan paip tanpa air atau dalam kes tertentu, tekanan air sangat rendah"
positive,"Kita mempunyai satu barisan kepimpinan yang baru, muda dan dinamik di bawah kepimpinan Lim"
positive,"Sebelum ini, Pengerusi Harapan, Tun Dr Mahathir Mohamad nyatakan jika ada pihak berasa tidak puas hati, bermakna berjaya lah rundingan tu"
positive,Sweden dan banyak negara Eropah lain yang merupakan negara anggota EU menentang sebarang bentuk diskriminasi
positive,"Elakkan menghukum, biarpun mereka ini seorang pendosa"
negative,"Itu yang dia tak faham, tak faham ulasan saya"
positive,Sudah lama saya bangkitkan hal berkaitan 1MDB dan saya juga antara terawal bangkitkan isu ini dengan Abdul Ghani Patail dan Mohamed Apandi tetapi saya tidak maklumkan kepada dunia.
positive,"Bagi kita, kita memilih calon yang orang suka, bukan kita suka dan perkara ini saya sudah maklumkan kepada Presiden MCA dan MIC"
negative,Pakatan Harapan yang diketuai DAP menggunakan ia sebagai modal politik untuk tohmahan terhadap Suruhanjaya Pilihan Raya
positive,"Komitmen Thailand juga membuktikan bahawa Malaysia tidak bersendirian dalam memperjuangkan nasib lebih tiga juta pekebun kecil sawit di rantau Asean dan usaha penentangan ini mendapat sokongan padu daripada negara-negara pengeluar minyak sawit lain,"
positive,"Cakaplah apa kamu suka, semoga tidur malam kamu lena"
positive,TN50 sebagai satu hala tuju yang membolehkan kita melonjak ke arah mencapai matlamat ‘Top 20 Nations’ di dunia kelak
positive,Ia sangat bermakna buat anak-anak kita
negative,masih trauma tetapi dapat menerima kehilangan anaknya
positive,Ini adalah pendekatan yang sebaik-baiknya
positive,"Kita harus terbuka untuk membuat kajian menyeluruh dan memikirkan faktor-faktor kemenangan, bukannya pada tahap ini kita begitu sentimental dengan parti masing-masing"
negative,Jangan terpengaruh dengan dakyah merugikan dan bercanggah dengan semangat demokrasi
positive,"Kita jalankan tinjauan, jika kerusi ini ditandingi PKR, kebarangkalian untuk menang lebih tinggi"
negative,Catatan itu mendakwa saya akan melakukan apa sahaja untuk (mendapat) undi Cina.
positive,Jangan nak tuding jari kepada orang lain
negative,"Kita tidak boleh mengelakkan persepsi orang ramai terhadap undang-undang negara, kerana ia tidak melindungi rakyat yang baik tetapi melindungi penjenayah"
positive,"Bagaimana pun kenyataan saya sebelum ini diutarakan menggunakan kapasiti sebagai Pengerusi BN Selangor di mana jika BN menang di negeri itu, kita akan teruskan kaedah untuk mengurangkan plastik tapi dengan cara berbeza."
positive,dalam konteks ini faaland semasa bertugas di epu dalam tahun -an telah merungkai isu ini dengan mendalam serta memberi cadangan dasar bagaimana ia perlu mendapat perhatian oleh kepemimpinan negara
negative,seorang pensyarah kewartawanan di universiti nottingham trent john collins berkatamereka telah melakukan banyak perkara dengan sangat baik
positive,"Maknanya khusus untuk beli buku, cadangan ini telah diberi Menteri Pendidikan Tinggi, dan peringkat perbincangan dengan Menteri Kewangan"
positive,"Selain itu, perbincangan dengan pengeluar, pengimport, pembekal dan pemborong turut diadakan"
positive,Insya-ALLAH saya akan jawab lebih terperinci atas beberapa tuduhan itu selepas ini
positive,"Sejak 35 tahun lepas, kami telah membantu negara-negara kurang maju dalam bidang seperti perancangan ekonomi, kewangan dan perdagangan, pertanian, pendidikan, latihan teknikal industri dan diplomasi"
positive,tidak kira parti kerajaan mahupun pembangkang kedua-dua pihak kini sedang mempertahankan kemampuan pemimpin mereka menjalankan tugas walaupun ada sesetengah pemimpin pembangkang dikenal pasti sebagai hantu mula muncul kembali selepas lima tahun menghilang di kawasan mereka
negative,Pada masa sama tiada seorang pun daripada mereka yang terlibat dengan skandal NFC (National Feedlot Corporation Sdn Bhd) dihadapkan ke muka pengadilan
negative,Video yang tular itu tidak lengkap dan hanya sebahagian saja yang viral hingga menimbulkan persepsi negatif terhadap calon
positive,"Sebagai kerajaan, kita beriltizam untuk pastikan keadaan ini akan berterusan"
positive,"Kita percaya menjelang 2023, semua kemudahan asas meliputi 853 kampung akan selesai"
positive,Kerajaan dapati kita perlu sediakan peraturan untuk penjawat awam yang tidak dapat menjalankan tugas atas sebab kesihatan.
negative,"Bersatu minta tangguh persidangan agung tahunan , ROS tidak benarkan"
positive,"Justeru, kita amat teruja menantikan pengumuman itu nanti. "
positive,diingatkan supaya mematuhi peraturan khusus berkaitan salah laku dan aktiviti rasuah seperti tertakluk 
positive,"Melihat kepada realiti hari ini, yang mana industri mudah alih semakin meluas, pengguna media sosial yang meningkat dan pelaksanaan urus niaga elektronik (e-dagang) semakin melonjak tinggi statistiknya"
positive,"Dengan personaliti besar seperti Tun Dr Mahathir Mohamad dan presidennya, Tan Sri Muhyiddin Yassin, dan PPBM boleh menembusi ke kawasan-kawasan Melayu untuk meraih undi."
positive,keluaran dalam negara kasar kdnk masih berkembang pada kadar hingga peratus
positive,"Sebagai negara yang menandatangani WHO (Pertubuhan Kesihatan Sedunia), kami juga komited untuk mencapai Strategi Sektor Kesihatan Global 2016-2021 dengan matlamat untuk menghapuskan viral hepatitis menjelang tahun 2030"
positive,"Khairy (Jamaluddin) dan ahli politik Barisan Nasional tidak patut menyembunyikan kepala mereka dalam pasir dan berpura-pura semuanya dalam keadaan baik, ketika anak muda kehilangan peluang mencapai aspirasi mereka dengan mendapat kerja lebih baik dan gaji sesuai"
positive,Ini adalah satu peluang untuk membangunkan pertanian sebagai satu industri dalam ekonomi Malaysia
positive,Dan untuk kita ke arah menjadi sebuah negara yang berpendapatan tinggi kita tidak hanya boleh menggalakkan pekerja Malaysia menjadi pekerja yang makan gaji
positive,"Semua orang tahu, semua pemilik tanah yang membuat perjanjian dengan pemaju untuk membangunkan tanah mereka menjadi unit terbina"
positive,kos pengangkutan dijangka akan terus mengalami peningkatan kerana harga minyak global yang semakin pulih namun kami menjangkakan perkara berkenaan tidak akan menjejaskan kadar inflasi negara
positive,majikan mempunyai pilihan untuk menggunakan agensi seperti biasa
positive,"Penempatan Pegawai Perubatan di K1M, membabitkan penambahan perjawatan anggota sokongan, khususnya di bahagian farmasi."
negative,"Apabila berlaku keadaan ini, murid terpaksa memilih sekolah yang jauh daripada kawasan kediaman mereka"
positive,Kerajaan berharap ini dapat dilakukan secepat mungkin bagi mencapai  sasaran jalur lebar negara menjelang 2020
positive,Kementerian memandang serius kes ini kerana bahan buangan daripada kilang itu telah menjadi punca pencemaran kepada empat Loji Rawatan Air (LRA) di Johor 
negative,"Kami syak mereka itu wakil tauke balak, sebab mereka cakap sebelum ini mereka pernah roboh blockade"
negative,Rizal turut menyanggah dakwaan bahawa Rosmah sebagai isteri perdana menteri pertama yang memiliki pejabat di Putrajaya.
positive,Saya ingatkan mereka jangan sesekali terlibat dengan najis dadah kerana akibatnya buruk sehingga boleh dibuang kerja jika didapati bersalah
positive,Kita mempunyai MoU (Memorandum Persefahaman) dengan Arab Saudi dalam bidang keselamatan dan kita akan terus berkongsi pengalaman dan kepakaran Malaysia dalam deradikalisasi untuk pengganas khususnya daesh
positive,Solidariti ini penting bukan sahaja semasa pilihan raya tapi selepas itu juga
negative,"walaupun dengan kelebihan struktural seperti persempadanan semula yang memihak kepada BN, persaingan antara dua gabungan politik itu masih sengit dan terbuka."
positive,Pusat Penetasan Penyu yang ditubuhkan di pantai tersebut menunjukkan kesungguhan kerajaan dalam usaha pemuliharaan spesies terancam ini
positive,"Pada masa sama, kerajaan negeri juga telah buat bayaran sebanyak RM700 kepada lebih 50,000 mangsa banjir."
negative,Saya sangat malu
negative,Jakim tidak berperlembagaan
negative,Pemain baharu tidak mempunyai banyak masa dan mereka perlu segera sesuaikan diri dengan pasukan dan liga
positive,kuala lumpur ekonomi malaysia bertambah baik disebabkan kesan positif daripada tadbir urus dan dasar kerajaan sejak beberapa tahun kebelakangan ini
negative,Kementerian Utiliti amat bimbang apabila insiden gangguan bekalan air semakin bertambah kerap
positive,Gabungan ini menjadi satu medium baharu untuk kaum lain seperti India
positive,"Sebagai tuan rumah, Malaysia harus mematuhi syarat-syarat yang ditetapkan termasuk membenarkan kemasukan diplomat Israel"
positive,"Sebab, jika anda terlalu sensitif, anda tidak seharusnya menyertai politik"
positive,Siapa di dunia ini yang menjalankan perniagaan dengan memarahi pengguna mereka?
positive,rizab negara bertambah kukuh
positive,Bila sudah peroleh segala maklumat disahkan itu baru kita boleh dakwa
negative,janji tersebut mustahil ditunaikan dan jika BN menjanjikan perkara serupa maka ia akan menjadi pengkhianatan kepada rakyat dan beliau tidak rela berbuat demikian.
positive,"Walaupun jumlah warga asing melakukan kesalahan ini rendah, tetapi kita tidak berkompromi dengan kes seperti ini"
negative,Usahawan kecil juga menghadapi kesukaran memohon kerana perlu mempunyai kilang sebagai syarat
positive,"Cadangan saya mudah saja, semua pihak harus bertemu bukan sekadar menghentam dan kita bina persepsi yang (baik)"
positive,Setiap hari saya mesti rajin
negative,membelakangkan kepimpinan negeri dan cabang dengan meletakkan calon luar di beberapa kerusi yang sepatutnya diwakili calon tempatan.
negative,Kenapa mereka yang bukan lagi ahli Bersatu menyibuk tentang urusan parti ini?
negative,"Saya tak fahamlah, dia tulis buku panduan untuk peniaga kecil tetapi bila ada orang nak meniaga dia kutuk"
negative,Program agama di TV dan radio mengutamakan komersial dan menjalankan indoktrinasi doa untuk ke syurga.
positive,pandangan ini dengan sendirinya menjadi seperti satu suntikan yang merangsang asean terutamanya bila berinteraksi secara bilateral dan multilateral di persada antarabangsa
positive,"Berbanding negeri lain, pusat tahfiz di negeri ini berada dalam keadaan baik"
positive,Ini isu yang perlu diberi perhatian
positive,"Di Sarawak kita ada perusahaan gula apong yang diusahakan penduduk setempat, dan pasarannya kini semakin meluas"
positive,"Bagi MNC, apabila mereka datang sini, mereka masih menganggap Malaysia sebagai kondusif untuk perniagaan"
positive,"Mengambil contoh sepanjang pemerintahan Pas di beberapa negeri sebelum ini, walaupun peruntukan negeri disekat oleh kerajaan pusat, namun masih boleh mentadbir dengan baik."
negative,"Gerakan ialah parti yang baik, tetapi orangnya (Liang) tidak baik kerana menipu, janji mahu tolong macam-macam, tetapi tidak buat"
negative,"Jika dilihat, kos sara hidup memang tinggi."
positive,Jangan ada yang jadi musang berbulu ayam kerana hari ini disebabkan kelahiran parti Bersatu telah cuba memperalatkan seorang dua dengan umpan wang ringgit untuk haru biru jentera parti dengan isu tak sepatutnya
positive,Kita mahu kemalangan ini dikurangkan
negative,Tindakan dipercayai dilakukan oleh seorang individu bagi menghalang SPR menurunkan poster itu mengikut peraturan baharu suruhanjaya berkenaan yang hanya membenarkan gambar calon dan pemimpin tertinggi parti sahaja dipaparkan. 
negative,"Idea ini dibawa oleh individu sehingga Pas yang begitu Melayu dan Islamnya boleh bekerjasama, tapi sekarang ini semuanya telah berubah apabila Pas keluar daripada PR"
negative,Banyak tragedi berlaku di sekolah agama bukan kerajaan
positive,penjenamaan semula perumahan mampu milik juga boleh membawa perubahan positif dari sudut psikologi penduduk supaya lebih matang dan tidak tertekan.
negative,Penolakan menyalahi undang-undang oleh speaker untuk menjawab soalan berkaitan 1MDB tidak berperlembagaan
negative,natijah daripada pegangan ini telah melimpahkan kesan ke negara jiran dengan masalah pelarian yang mempunyai impak politik ekonomi keselamatan dan sosial
negative,"Selain kos pembayaran gaji pekerja, kadar tarif elektrik dan air selain komisen bagi pembayaran kad kredit kepada pihak bank turut telah meningkat sejak 2008"
negative,"Tindakan dan hujah mereka itu memang jelas tak bersama-sama dengan kita. Saya tak rasa ralat, tak sesal kerana tindakan itu wajar diambil terhadap mereka."
positive,beliau turut mengumumkan bahawa rakyat Malaysia yang menderma kepada tabung tersebut layak untuk mendapat penolakan cukai.
positive,Dong Zong berharap kerajaan dapat membina sekolah rendah Cina di kawasan yang padat dengan penduduk serta membina sekolah baharu berhampiran dengan sekolah yang menghadapi masalah kepadatan murid
positive,peningkatan jumlah wanita dalam senarai calon BN merupakan testimoni kepada komitmen kerajaan dalam memperkasakan golongan itu.
negative,Mereka menjadi broker untuk memaksa PAS menurut cakap mereka
negative,Sepatutnya isu ini tidak timbul lagi kerana penjelasan telah dilakukan dan jelas ia merupakan perbuatan tidak bertanggungjawab oleh pihak tertentu dengan memutarbelitkan kenyataan dan mereka-reka fitnah
positive,Pihak konsulat juga akan memberi kerjasama penuh kepada polis dan pihak berkuasa di Malaysia bagi membantu kes itu
positive,"Kita dukacita dengan apa yang berlaku, namun oleh kerana kes dalam siasatan polis, NUTP berharap keadilan dapat diberikan kepada semua pihak"
positive,Arab Saudi pun hairan dengan Malaysia kerana negara kita ia lihat seperti tiada kesan walaupun kita salah sebuah negara yang turut bergantung kepada sumber petroleum
positive,kalau ahli ekonomi itu bekerja dengan kerajaan bank atau tabung pelaburan mereka tentulah akan mencuba sedaya upaya memberi gambaran positif berkenaan ekonomi
negative,"Kami percaya, pihak yang menjalankan penipuan ini cuba untuk memperdaya responden menggunakan jenama Pos Malaysia tanpa kebenaran"
positive,"Selepas menerima penjelasan berhubung perkara itu daripada TNB, kami semua bersetuju pindah ke kampung baharu di atas bukit berdekatan yang lebih selamat,"
negative,Apa yang Tun Dr Mahathir Mohamad (Pengerusi Harapan) cakap bahawa PRU14 akan jadi paling kotor mungkin betul kerana BN akan lakukan apa saja asalkan mereka menang. 
positive,"Meskipun personaliti kami berdua berbeza, kami mampu membawa perubahan bukan sahaja di bahagian, malah di negeri ini secara keseluruhannya"
positive,Gabungan ini semakin hari semakin kuat
positive,Mereka yang melakukan kesalahan akan diambil tindakan bawah Akta Kawalan Harga dan Antipencatutan 2011
positive,"Sekiranya mempunyai anak-anak yang bermasalah, doakan mereka agar bertaubat dan kembali ke pangkal jalan,"
negative,"Saya hanya jurucakap, bukannya tukang jawab. Saya memberi jawapan berdasarkan fakta dan maklumat dokumen syarikat"
positive,"Ketika ini memang tiada tindakan lagi, sebab kita dapati mereka yang berusia 16 tahun tidak ramai menunggang motosikal berkuasa tinggi."
positive,Saya juga berpuas hati dengan tindakan JKM Melaka Tengah yang terus mengambil tindakan proaktif selepas kes itu dipanjangkan kepada mereka pada hari sama
positive,Rawatan berkenaan adalah pencapaian terbaik negara kerana menjadi negara pertama dunia menggunakan compulsory licence (CL) untuk rawatan hepatitis C.
positive,selain itu isu pemilikan rumah mampu milik juga akan diberikan penumpuan oleh kerajaan dalam bajet rakyat tertunggu-tunggu apakah insentif dan inisiatif yang akan diumumkan oleh kerajaan melibatkan isu rumah mampu milik yang merupakan isu paling dekat di hati rakyat selepas kos sara hidup sejak beberapa tahun kebelakangan ini
positive,"Kebanyakan ugutan yang diterima tidak berpanjangan, ia hanya sekadar ugutan dan tidak ada tindakan daripada pihak yang mengugut"
negative,terdapat banyak statistik membimbangkan yang telah mendorong wacana orang ramai berubah dan angka-angka ini mencerminkan apa yang sedang berlaku
negative,"Kami menghantar permintaan terus kepada pengendali laman itu Ahad lalu untuk membuang fail itu, tetapi tidak mendapat sebarang respons"
positive,Malaysia perlu memainkan peranan untuk menyampaikan kebenaran kepada masyarakat dunia tentang kezaliman dan kekejaman yang dilakukan Israel yang berterusan mahu menakluki wilayah Palestin
negative,"Kalau saya nak apa-apa dari awal saya tak masuk PPBM sebab saya tahu PPBM bukan ada duit,"
positive,Tun Abdul Razak bawa kemajuan dan pembangunan kepada rakyat khususnya peneroka
negative,Golongan belia pula marah kerana mereka tidak dapat cari pekerjaan setaraf kelayakan
positive,"Kita pertahankan hak keistimewaan Melayu, agama Islam sebagai agama persekutuan, bahasa Melayu sebagai bahasa kebangsaan dan kedaulatan"
negative,kilas fitnah pembangkang yang hanya menimbulkan persepsi dan seranglah ketika pembangkang menunjukkan kelemahan dalam menjawab sesuatu isu
negative,Ia membabitkan soal diskriminasi terhadap dua golongan graduan.
positive,Usaha ini berkembang pantas kerana keutamaan ketika ini adalah keperluan bantuan dan perlindungan kemanusiaan untuk rakyat Yaman
negative,"Kalaulah masih mengharapkan Tun Dr Mahathir, Kit Siang atau Anwar, masa depan Malaysia sudah tentu tidak menjanjikan apa-apa !"
negative,Berilah sebanyak mana Tan Sri sementara boleh. Tidak lama lagi ia akan berakhir #fb
positive,Kami merayu kerajaan supaya tidak menjalankan pembalakan.
positive,Jangan biarkan SPRM dicemari tanggapan negatif berkenaan mereka yang menyalahguna kuasa
positive,Kita di peringkat parti mesti turun ke bawah memberi penerangan mengenai perjuangan kita
negative,Pakatan Harapan bimbang rakyat tidak keluar mengundi
positive,Saya sudah mengarahkan Pihak Berkuasa Penerbangan Awam Malaysia (CAAM) memaklumkan kepada media perkembangan terkini pencarian itu (untuk pesawat yang hilang) dari semasa ke semasa
negative,"Apabila kamu nampak ada sesuatu yang tidak kena, kamu mesti kata tempat itu tidak selamat."
positive,"Dalam mesyuarat kerajaan negeri baru-baru ini, kita telah membincangkan tentang peluang dan bagaimana pendekatan untuk memudahkan golongan ini memiliki rumah."
positive,"Pada saya kezaliman ini perlu diperjuangkan dan saya akan terus menuntut hak melibatkan beberapa kes lain, ke peringkat yang sewajarnya."
negative,tindakannya memecahkan sejumlah botol arak dengan penukul besi di depan bangunan Setiausaha Kerajaan Negeri
positive,Statistik Facebook menunjukkan PAS memiliki capaian paling lemah berbanding PKR dan DAP.
positive,"Kita sedar, orang muda kecewa dengan pembangkang yang hanya pandai berjanji tapi tidak mengotakannya"
negative,"Jika projek itu dibatalkan, sudah tentu kerajaan perlu bayar pampasan berbilion ringgit kepada kontraktor"
positive,Saya percaya pengundi Parlimen Sungai Besar lebih mengenali diri ini.
positive,Kami memfailkan semakan kehakiman untuk mendesak JPPM memberi respons berkenaan pendaftaran kami dan kami juga mahu mendesak mereka mendaftarkan PH seperti mana dalam permohonan.
negative,"Ramai graduan muda hari ini bekerja dalam bidang tidak sesuai dengan kelulusan, aspirasi dan gaji mereka"
negative,Melayu Johor akan bangkit untuk mempertahankan hak mereka yang telah dimusnahkan oleh pemimpin BN
positive,Kita akan laksanakan pertandingan 10 pasar tani terbaik di peringkat negeri dahulu dan kemudian akan dibawa ke peringkat kebangsaan
positive,Justeru iM Sarawak berusaha menangani masalah ini dengan memasang sistem paip graviti yang menggunakan paip jenis HDVE
positive,"seorang yang lurus, amanah dan bijak apabila menjadi anak Melayu pertama mendapat ijazah kelas pertama dalam pengajian bidang ekonomi."
positive,"Ini model yang kita guna pakai di Malaysia dan sangat berkesan,"
positive,adalah tanggungjawab kerajaan myanmar untuk menegakkan undang-undang dan memberhentikan serangan terhadap rakyat mereka sendiriseharusnya ada usaha melibatkan asean untuk memberhentikan keganasan dan menyalurkan bantuan kemanusiaan ke tempat-tempat konflik
negative,ia telah dikaitkan dengan pelbagai perkara seperti mendemokrasikan laporan berita hingga membantu menjatuhkan pemerintah diktator tetapi nampaknya kisah cinta dengan media sosial mungkin sudah berakhir
negative,"Masalah terbesar di negara ini, selain kleptokrasi, adalah berita palsu"
negative,berkata tiada siapa yang telah mengisytiharkan aset mereka dan tiada tempoh masa diberikan untuk berbuat demikian.
positive,Kita hendak jaga institusi mufti yang berperanan menyatukan orang Islam.
positive,beliau yakin akan meraih kemenangan selesa
positive,Antara agenda besar yang akan kita bincangkan dalam persidangan ini adalah pengenalan logo Produk Ummah yang berfungsi membezakan produk halal milik usahawan Islam dengan bukan Islam
negative,Orang dari luar bandar yang tidak kenal Wong mungkin percaya ini adalah saya seperti dipaparkan dalam catatan tersebut.
positive,barometer kepercayaan edelman yang diterbitkan pada isnin lalu menggambarkan hari-hari kegemilangan ketika sosial media dijulang sebagai pemangkin wartawan rakyat dan peranannya ketika insiden arab spring sudah berlalu
positive,ramai yang berpandangan bahawa kredibiliti sistem pilihan raya perlu ditingkatkan
positive,Kerajaan juga memperuntukkan subsidi kesihatan yang tinggi setiap tahun
positive,"Pilihan raya adalah pesta demokrasi, kami di Kepala Batas dah berzaman mempunyai tradisi melalui pilihan, calon sentiasa berdepan dengan kami adalah daripada Pas"
positive,"Selain pusat dialisis, saya lihat wad kanak-kanak dan wad bersalin antara yang boleh dinaik taraf bagi membolehkan pesakit mendapat rawatan yang baik dalam persekitaran yang selesa"
positive,"Pas bukan naif sangat dalam politik tanah air, namun kita tetap berpegang dengan dasar perjuangan Islam, kalau sendiri pun sendirilah."
positive,"Dapatan siasatan mereka turut diambil kira – lembaga pengarah syarikat dibubar, pasukan pengurusannya ditukar dan operasinya dikaji semula"
positive,mereka yang telah berjaya dan memiliki syarikat-syarikat besar perlu bertanggungjawab membantu pks dan usahawan muda serta mereka yang memerlukan
positive,"Bagaimanapun, kita akan bantu membangunkan penyelidikan dan pembangunan inkubasi keselamatan siber supaya kekal kompetitif, sekali gus mewujudkan lagi lebih banyak peluang pekerjaan"
negative,mahathir mohamad demi kelangsungan karier politiknya lebih-lebih lagi bekas perdana menteri itu masih lagi mempunyai pengikut yang taksub
negative,Harga daging lembu semakin mahal dan kebelakangan ini banyak keluarga tidak mampu pun untuk menikmati daging lembu
positive,Sebelum CMC beroperasi sepenuhnya kita sudah memantau melalui sistem sedia ada dan kita perkuatkan apabila CMC beroperasi
negative,"Malangnya Pas telah memilih untuk mengasingkan diri dari pakatan pembangkang, akibatnya mereka mula terasa kesunyian dan bimbang akan terus terpinggir"
positive,"Jadi bahasa Inggeris menguntungkan kita, lagipun sebagai bahasa ilmu, kita mudah menguasai ilmu kalau kita faham bahasa inggeris."
negative,Saya baru saja mengetahui berita penarikan pingat pagi tadi dan ia satu kejutan buat kerajaan negeri
negative,Tetapi hakikatnya tidak banyak pembangunan terlihat dan yang meningkat dengan tinggi ialah hutang.
positive,Kenal pasti aktiviti ekonomi pekerja tidak formal dan masukkan mereka juga ke dalam proses perancangan bandar
negative,"Pada saya ‘consultant’ sebegini hanyalah mengenai ‘con’, ‘insult’ dan ‘turn’."
negative,Janji harga barangan akan turun kerana GST hanya retorik untuk menipu rakyat.
negative,Setakat ini penemuan awal mendapati tambang semasa perayaan dinaikkan di laluan tertentu sehingga 4.7 kali ganda dalam tempoh 2 hari musim perayaan
positive,"Atas sebab itu, NGO-NGO juga tidak teragak-agak untuk membuat laporan polis seterusnya melakukan piket dari satu ke satu hotel di seluruh negara bagi menyatakan bantahan terhadap larangan tersebut"
negative,"Lazimnya, mereka (orang tengah) akan menaikkan harga barangan dan salahkan kerajaan kononnya harga naik disebabkan GST."
negative,berbohong kepada rakyat selepas manifesto dijanjikan berkaitan menurunkan harga minyak petrol masih belum dapat dilaksanakan
positive,Kami bersimpati dengan apa yang berlaku dan mengharapkan agar keluarga dapat menerima ketentuan tersebut
negative," Jadi, kenapa memperkenalkan langkah yang terbukti tidak berkesan?"
positive,"Malah, peningkatan pendapatan bagi 20% tertinggi juga lebih daripada dua kali ganda peningkatan pendapatan untuk kelas pertengahan rakyat Malaysia"
positive,"Kita tak akan mengalah, lawan tetap lawan"
negative,telah memulakan suatu permasalahan dalam pengurusan ekonomi negara sehingga membebankan rakyat.
negative,Dia duduk di belakang kelas dan hanya menangis sepanjang hari.
negative,maklumat yang disebarkan melalui media sosial sebenarnya terdedah kepada penipuan dan fitnah
negative,Ini tidak bermakna mereka menyokong kerajaan.
positive,"Pembangkang mengaitkan Najib yang juga pengerusi Lembaga Penasihat 1MDB sebagai orang yang bertanggungjawab dalam segala perkara yang berlaku berkaitan 1MDB, sedangkan pada hakikatnya jawatan berkenaan tidak mempunyai sebarang kuasa di bawah undang-undang dan Akta Syarikat."
positive,Syukur semua dapat dilakukan (selesaikan masalah).
positive,"Kami mengalu-alukan pertukaran idea, teknologi baharu dan amalan terbaik antarabangsa demi melindungi hakisan pantai"
positive,Tindakan ini wajar diikuti oleh Malaysia agar gejala songsang ini dapat dikawal
positive,Soseh-soseh tarikh PRU14 tidak menggentarkan kita kerana jentera sudah melaksanakan peranan dengan baik.
positive,Tindakan pengusiran boleh dilakukan jika mereka terus-menerus melakukan kesalahan mengikut APJ 1987
positive,penjawat awam taat dan patuh kerajaan kerana mereka yang menjadi jentera melaksanakan dasar kerajaan.
positive,Kita menjanjikan kepada mereka bahawa agenda itu tidak bermusim tetapi perlu mendapat mandat untuk merealisasikannya
positive,Kerajaan sedar dan telah mengambil langkah pantas.
positive,dua isu ini dijangka menjadi topik hangat dalam kalangan rakyat berpendapatan sederhana dan rendah dalam tahun-tahun akan datang sehingga dapat dirungkai pada situasi yang tidak lagi memberi kesan ekonomi yang besar terhadap mereka
positive,"Kita berjuang tak kira kaum, agama, latar belakang, tak kira prejudis atau pertimbangan peribadi mana-mana pihak"
positive,Penawaran kerja ini bertujuan membantu ibu tunggal mengatasi masalah kewangan mereka selain membangunkan mereka sebagai individu berjaya kerana mereka turut memainkan peranan sebagai bapa
positive,sentiasa berusaha untuk membawa peti undi pos ke dalam hutan untuk memastikan semua anggota dan pegawai tentera termasuk mereka terbabit dengan operasi dan menjaga sempadan negara dapat menunaikan tanggungjawab masing-masing sebagai pengundi berdaftar.
negative,Kedua-duanya mengalami krisis ekonomi dan politik
positive,"Secara tidak langsung, aktiviti penyeludupan dan keganasan berjaya disekat dan keselamatan penduduk juga lebih terjamin"
negative,Kes hudud pun tidak selesai jadi jangan buang masa
positive,"Setakat ini keperluan logistik seperti kenderaan, bot dan kemudahan lain untuk pusat pemindahan sementara (PPS) adalah mencukupi,"
negative,"Bila kami tekan mereka, mereka keluarkan surat kata nak roboh sekatan dan kami halang mereka masuk"
positive,"Dalam kebanyakan perdana menteri, Najib adalah perdana menteri yang begitu dekat dengan rakyat, beri BR1M, jaga ekonomi baik"
positive,"Sebab itulah kami fokus kepada pembangunan rumah mampu milik dan rumah rakyat untuk Pulau Pinang, tanpa mengira daerah"
positive,asean yang dianggotai sepuluh negara terletak di rantau asia tenggara yang mengandungi kepelbagaian agama bangsa dan budaya serta banyak jurang perbezaan dalam kalangan anggota asean dari aspek ekonomi politik keselamatan dan sosio-budaya
positive,"Kalau nak bagi tawaran, bagi pada semualah barulah ada keadilan"
negative,"Diangkut orang lain, diangkut pimpinan PKR untuk bercakap walaupun kita ada exco agama, diminta orang lain bercakap tentang agama, tentang bagaimana kejayaan kita merangsang program agama di Selangor ini."
negative,"Jangan undi dacing, jangan undi bulan."
positive,Saya nampak kawasan ini berpotensi besar dan saya fikir tumpuan yang kerajaan negeri berikan pada pelancongan desa di sini langkah yang betul.
positive,Kami akan memastikan bahawa kebajikan pekerja dari Kemboja dilindungi
positive,Begitu juga dengan keperluan dan kapakaran di hospital yang mana penting untuk penduduk tempatan dan pelancong sekiranya berlaku kecemasan.
negative,"Berdasarkan statistik Pasukan Tindak Balas Kecemasan Komputer Malaysia (MyCERT), sebanyak 7,962 kes ancaman siber dilaporkan sepanjang tahun lalu"
positive,Saya amat pasti dan menggunakan pertimbangan sewajarnya ketika menulis kenyataan tersebut
positive,Saya sudah mengarahkan Ketua Pengarah Imigresen (Datuk Seri Mustafar Ali) untuk meletakkan anggota bagi melakukan imbasan secara rawak.
positive,memberikan motivasi yang lebih tinggi untuk membekalkan warga Malaysia dengan nutrisi yang lebih baik yang boleh diperolehi daripada susu
negative,Ini semua rancangan rangkaian dedak teratur yang cuba kelirukan rakyat dan burukkan Bersatu
positive,Bagus untuk generasi sekarang kerana kemudahan Internet sudah jadi keperluan
positive,"Bagi merungkai polemik berkaitan pilihan raya dengan berkesan, cekap dan beretika, penerokaan potensi teknologi perlu diberi keutamaan"
negative,Sentimen Mahathir di Langkawi masih kuat.
positive,"Bagaimanapun, dengan ketekunan, proses pelaburan yang mantap dan kompeten serta pengurus yang profesional, KWSP mampu memperoleh pulangan pelaburan yang baik"
positive,"Pilihan raya dapat dilaksanakan dengan lebih murah, mudah dan cekap, malah keputusannya boleh diprogramkan dan dicapai secara langsung"
positive,banyak lagi boleh di senaraikan tentang kejayaan asean
negative,Boikot tidak akan bermakna kerana eksport Malaysia ke EU tidak cukup signifikan
positive,membidas para pemimpin pembangkang yang gagal hadir sesi penerangan beliau walaupun dianjurkan di kubu mereka
positive,"yang punya keistimewaan menjadi perdana menteri paling tua di dunia, menjelaskan bahawa otot-otot akan merosot jika tidak digunakan"
positive,"Pemimpin harus dibentuk dan bukan dilahirkan, Kami tidak dilahirkan sebagai pemimpin tetapi dibentuk sebagai pemimpin kerana sistem pendidikan negara ini yang baik"
positive,Bahagian penguatkuasaan sentiasa menjalankan operasi penguatkuasaan dan pemeriksaan ke atas PATI iaitu pemegang E-Kad bagi memastikan mereka ini mempunyai pasport yang masih sah bagi tujuan Rehiring
negative,pengkritik Anwar dan Mahathir sentiasa menuduh Perdana Menteri hari ini memperkayakan anak-anaknya menggunakan kedudukan dan kontrak kerajaannya.
negative,berkemungkinan menagih perhatian pengundi dengan cara membeli bilangan penonton Facebook Live
negative,Jangan pilih wakil rakyat hanya tahu 'potong reben'
negative,tindakan guna logo 'makan diri'
positive,"Kerajaan Sabah peduli semua orang dan kita terus menyokong masyarakat Cina selama ini, termasuk melalui peruntukan tahunan untuk rumah ibadat dan sekolah aliran Cina"
positive,Terima kasih FELCRA dan kerajaan kerana menetapkan harga rumah yang jauh lebih murah berbanding harga pasaran
positive,Jadi kita perlu kaji semula perjanjian ini (dan) beri mereka lebih kuasa untuk memastikan pembangunan di Sabah dan Sarawak lebih meningkat
negative,Saya fikir Umno bukan lagi (tentang) Melayu
positive,Najib perlu mengambil langkah-langkah yang serius jika dia ikhlas bagi membetulkan kesilapannya itu
positive,Kerajaan terus sediakan yang terbaik untuk rakyat
negative,Perdana Menteri telah melepaskan peluang untuk bercakap benar kerana enggan menjelaskan kepada rakyat Malaysia secara adil dan telus berkaitan fakta sebenar skandal 1MDB yang melibatkan perbuatan jenayah beliau
positive,Kami bukan hendak berlumba dengan warga internet dan laskar papan kekunci
negative,BR1M pula impaknya kecil dan tidak disesuaikan dengan saiz keluarga dan ia secara tidak langsung menyumbang kepada perkembangan harga
positive,Sebelum ini saya selalu berkunjung ke kedai KR1M untuk membeli barangan asas dan keperluan harian kerana ia lebih murah walaupun kadangkala kita dapati ia tidak berjenama
negative,Negara-negara Asean nampaknya gagal merubah situasi yang melanda masyarakat Islam di Rakhine walaupun bukti genosid dengan pengakuan tentera Myanmar yang menemukan kubur mangsa etnik Rohingya namun tiada tindakan dilakukan kepada pihak terlibat
positive,Kita juga perlu pastikan Dun Jeram dan Bukit Melawati kita kekalkan selain merampas semula Dun Ijok.
positive,"Selaku Ketua Koordinator AMK Kelantan, saya beri jaminan kami akan berlapang dada dan menerima apa juga keputusan yang akan diambil pucuk pimpinan berhubung hasrat ini"
positive,"Walaupun tidak ada kerusi, hubungan kami dengan PAS baik sepanjang masa dan sangat rapat"
positive,Mereka ini merupakan aset penting yang tidak boleh disisihkan begitu sahaja
positive,bersatu dan perlu ada rasa kebergantungan yang tinggi antara satu sama lain
positive,"Dalam konteks PRU14, kami menyeru anak muda mengundi berdasarkan nilai-nilai positif."
positive,"Ia tidak boleh dijual beli,"
positive,"Idea penganjuran ini terbit daripada kesedaran bahawa isu dan persoalan yang melanda negara boleh diperbincangkan di kalangan bekas-bekas pelajar MCKK, walaupun mereka mempunyai fahaman politik yang berbeza."
positive,"Saya akan mencadangkan ketua pembangkang, Datuk Seri Dr Wan Azizah Wan Ismail yang akan memulakan perbahasan untuk membuat pindaan usul terima kasih kepada Agong dengan meminta kerajaan membuat tuntutan terhadap aset berkaitan 1MDB"
positive,"Bagaimanapun, jika kadar faedah itu dapat diturunkan, ia akan mengurangkan beban rakyat"
positive,Mungkin dia ketakutan kerana tuan politiknya berdepan ‘kematian politik’
positive,Israel datang juga bukan kerana kerajaan Malaysia tetapi untuk menghadiri WUF.
positive,"1MDB berulang kali menjelaskan bahawa walaupun ia mempunyai urusan perniagaan dengan Aabar BVI, 1MDB tidak mempunyai sebarang urusan perniagaan dengan Jho Low dan yang lebih penting, 1MDB bukanlah pihak dalam tuntutan sivil DoJ"
negative,"Kami kecewa dengan keputusan itu kerana ia melibatkan isu kepentingan awam,"
negative,Sekarang ini kalau pergi hospital ubat kena bayar sendiri.
negative,"Jentera PH lemah, PAS masih kuat, kalau Datuk Husam Musa lawan Datuk Takiyuddin Hassan (Yang Dipertua PAS Kota Bharu) pun Husam akan kalah walaupun dia bekas exco"
positive,"Kalau dah bersara dan tiada kaitan lagi dengan Felda, kami akan gunakan tindakan sivil ke atas mereka"
positive,"Memang beza sangat dulu dan sekarang, banyak bantuan dihulurkan kepada peneroka"
positive,"Kalau ada kerosakan, kita baikinya dari dalam."
positive,masih mengekalkan momentum positif pada kadar peratus berbanding unjuran peratus pada menurutnya pertumbuhan baik itu kebanyakannya disokong oleh penggunaan swasta yang kukuh di samping aktiviti ekonomi domestik yang baik
positive,"Pasir yang dikorek bukan untuk kerja-kerja penambakan laut di Teluk Muroh, Lumut"
positive,"Di samping itu, beliau juga memberikan dana jutaan ringgit untuk pembangunan luar bandar, menyediakan antara lain elektrik dan jalan raya untuk rakyat."
positive,Sebenarnya mereka ini perlu dibantu dari segi emosi dan mind set agar tidak berterusan hidup berpeleseran tanpa tujuan
negative,tidak memerlukan pembelot malah ia juga tidak merugikan parti
positive,Kemudahan dan kemajuan teknologi digital seharusnya dimanfaatkan untuk kebaikan
negative,Orang Melayu yang tidak relevan tidak tahu dunia sebenar.
positive,"“Kita (Muslimat) tak ada masalah dengan baiah, kerana dapat kukuhkan Pas di Kelantan."
positive,"Kita lihat bagaimana orang di sini terima Islam dengan kasih sayang, bersama kasih sayang, demi kasih sayang"
positive,Niat kami jelas dan tidak ada sebarang rasa kesal
negative,selain menjadikan warga bangladesh sebagai kambing hitam cybertrooper pembangkang turut memainkan persepsi politik dengan membuat tuduhan berlakunya blackout di beberapa pusat kiraan undi semasa proses kiraan dan didakwa menjadi punca kepada kemenangan bn
positive,Hal ini selaras dengan pendekatan wasatiyyah dalam Islam yang sudah menjadi dasar kerajaan
negative,"Beliau berkata media sosial sukar untuk dikawal selia, tetapi mudah dimanipulasi, justeru pengamal media harus mempunyai etika dalam menyampai dan menyalurkan maklumat."
positive,"Sekarang pesakit tak perlu bersesak, waktu menunggu jauh lebih singkat, kos rawatan pun serendah RM103."
positive,Kita bukan nak wujudkan suasana negatif dalam perkara ini  tapi atas kesedaran akar umbi kami berhak untuk bersuara
positive,kadar pertumbuhan hingga peratus tidak cukup untuk menampung kenaikan kos sara hidup dan membahagikan kekayaan negara
negative,"sekarang bukan sahaja tidak membantu rakyat, malah membebankan orang ramai dengan kenaikan harga barangan berterusan."
positive,Kerja-kerja naik taraf mengatasi masalah banjir dan masalah pencemaran air di Sungai Benut yang menjadi nadi utama bekalan air bersih sedang giat dilaksanakan.
positive,Turut dalam perancangan adalah menambah baik perkhidmatan bekalan air bersih melalui beberapa pendekatan yang sedang dirancang.
positive,Ini bukan petanda negara dalam masalah
positive,"Maka adalah suatu kekeliruan (Kalau tidak pun penipuan) untuk menuduh penubuhan badan seperti Jakim kononnya tidak berperlembagaan, sedangkan ia sesuai dengan peruntukan-peruntukan yang disebutkan kerajaan persekutuan"
positive,"Saya ingin sarankan supaya penumpang beli tiket awal, kerana sudah tahu tarikh perayaan. "
positive,Kita mempunyai struktur dan ikut apa yang dikehendaki oleh ROS
positive,"Saya harap Raymond dilepaskan supaya beliau boleh bertemu dengan anggota keluarga, terutamanya di tahun baru Cina ini"
positive,"Selain subsidi barang, terdapat subsidi elektrik dan tol supaya kenaikan kadar elektrik dan tol dapat dielakkan"
negative,Itu adalah tidak betul dan perlu diubah bagi mengelak lebih banyak kecederaan atau lebih buruk lagi menyebabkan maut dalam kalangan mangsa
negative,Setakat ini mereka belum memberikan jawapan kepada cadangan inkues
positive,"Dengan adanya platform pengundian dalam talian, pengundi boleh mengundi pada tarikh dan tempoh yang ditetapkan sahaja secara serentak"
positive,malaysia telah melalui tahun ekonomi terbaik pada di mana pasaran buruh lebih stabil dengan banyak pekerjaan wujud terutamanya pada separuh kedua tahun lalu namun kami menjangkakan perkara berkenaan akan sedikit perlahan tahun ini ujarnya
negative,pemerhati politik kapten abdul rahmat tun haniff berkata perkara itu tidak memeranjatkan dan lumrah setiap kali pru yang mana kali ini cybertrooper pembangkang akan mula mengitar semula dakwaan bagi meraih simpati pengundi dan mencipta stigma bahawa pru akan menjadi paling teruk dalam sejarah
positive,Pada masa yang sama ia juga akan memberikan mesej yang jelas bahawa kerajaan tidak akan berkompromi dengan apa-apa perkara yang boleh memudaratkan ketenteraman awam dan keselamatan negara.
negative,"Kebanyakan orang Cina yang kamu temui di sini akan beritahu kamu, kebimbangan mereka tentang isu yang melanda negara."
positive,kesimpulannya asean mesti jujur berani dan tegas demi keadilan dan hak asasi manusia
positive,menggunakan kebijaksanaan masing-masing dalam membuat pilihan
negative,"Walaupun pelbagai kempen dianjurkan sebelum ini, statistk kemalangan terus meningkat dengan purata 6,000 kematian direkodkan sepanjang 10 tahun lalu"
negative,Beliau menasihatkan agar pengundi muda tidak mudah terpedaya dengan strategi pembangkang yang memanipulasikan mereka dengan sifat keghairahan untuk melalukan perubahan.
negative,Ini akhirnya akan meruntuhkan keharmonian kaum yang telah dibina selama ini
positive,"Oleh itu, adalah penting untuk mengamalkan pendirian  tidak campur tangan"
positive,"Felda diarahkan mengambil tindakan tatatertib dan/atau undang-undang ke atas mereka yang dinamakan dalam laporan audit itu, yang didapati cuai dalam menjalankan tugas, salah nyata dan tidak menjaga kepentingan Felda dan FICSB"
negative,"Saya tak benarkan untuk dibawa keluar,"
negative,secara tidak langsung kerajaan sendiri menyedari bahawa ekonomi sebenar adalah tidak sebaik yang diuar-uarkan
positive,Orang Melayu kini lebih matang dan bijak berbanding ketika zaman beliau
positive,Kelewatan juga mungkin berpunca daripada ke­su­karan parti mencari calon-calon berwibawa dan boleh menang serta beberapa isu berbangkit pada saat-saat akhir.
negative,"tapi saya rasa tidak, saya rasa kali ini Melayu akan tolak kerajaan hari ini"
positive,secara umumnya banyak orang beranggapan nilai mata wang yang kukuh adalah baik dan begitulah sebaliknya kerana adalah murah untuk melancong ke eropah jika kita mempunyai mata wang yang kukuh berbanding mata wang euro misalnya atau murah untuk membeli produk-produk import
positive,Yayasan akan membantu menyediakan dana dan keperluan
positive,beliau teruja untuk menunaikan tanggungjawab mengundi walaupun tidak berapa sihat akibat penyakit semput dan masalah penglihatan.
negative,Harga tambang biasa Semenanjung ke Sabah dan Sarawak antara RM160 hingga boleh mencecah paling mahal RM800 di mana kajian Mavcom mendapati ia boleh naik sehingga lima kali ganda.
positive,"Jadi, sehingga kami menyelesaikan siasatan, kami menasihati orang ramai supaya berhati-hati"
positive,jadi apabila ahli ekonomi atau penganalisis yang mewakili kerajaan badan-badan pelaburan bank-bank dan broker saham memberi gambaran positif mengenai ekonomi kita haruslah berwaspada dan tidak menelan bulat-bulat
negative,Hairanlah demokrat palsu nak bendung berita palsu!
positive,Ia di bawah bidang kuasa kerajaan Persekutuan
positive,"Untuk pengembalian semula kertas undi pos yang telah ditanda, pengundi boleh mengembalikannya semula dengan menggunakan perkhidmatan mana-mana syarikat penghantaran, dan kos pengembalian semula itu adalah ditanggung sendiri oleh pengùndi pos terbabit"
negative,"Kalau mereka dibiarkan bertugas dengan keadaan tidak sihat, kesihatan mereka akan bertambah teruk kerana mereka tidak selesa dan ini akan menjejaskan produktiviti perkhidmatan awam"
positive,dibebaskan oleh mahkamah dengan ikat jamin
negative,"Ia mendakwa saya anti-Muslim dan anti-Islam serta merancang orang Cina memerintah Malaysia,"
positive,Usahanya itu membuatkan Johari diterima baik masyarakat setempat.
positive,Kita juga akan membantu pengguna jalan raya yang mengalami masalah serta halangan yang menyebabkan kesesakan di kawasan terbabit kerana ia juga boleh menjadi punca berlakunya kemalangan
positive,Peluang untuk membuat pilihan ini tidak boleh disia-siakan dan dalam konteks pemilihan kepemimpinan bagi menggerakkan sistem demokrasi
negative,"Tidak ada apa yang patut dibanggakan oleh perdana menteri kita, yang pernah dilabel sebagai menteri kewangan paling buruk di Asia pada tahun 2015, kerana peningkatan kecil dalam nilai ringgit sejak beberapa bulan kebelakangan ini"
negative,spekulasikejatuhan mata wang dalam sistem urus niaga adalah sesuatu yang biasa kecuali sesuatu mata wang itu diancam serangan penyangak mata wang seperti yang berlaku semasa krisis mata wang asia pada apabila banyak negara menjadi muflis akibat spekulasi mata wang oleh penyangak-penyangak mata wang yang mengejar keuntungan
positive,Sudah sampai masanya akta berita palsu yang dicadangkan oleh kerajaan disegerakan perlaksanaannya bagi memastikan imej negara dipulihkan demi kebaikan negara dan rakyat.
positive,Jadi sekarang masyarakat Cina harus menentukan masa depan yang mereka mahu
negative,persepsi politik yang dimainkan pembangkang setiap hari dalam media sosial termasuk kononnya kehadiran kira-kira warga bangladesh yang dibawa masuk ke dalam negara untuk menjadi pengundi hantu berjaya melemahkan gerak kerja kerajaan
positive,Kami bersetuju rundingan mesti mengambil kira semua faktor seperti dicadangkan oleh (Timbalan Presiden Warisan) Darell Leiking
positive,"Jika anda tidak gunakan otak anda, anda tidak berfikir, anda tidak selesaikan masalah, anda tidak membaca, anda tidak menulis, otak merosot dan anda jadi nyanyuk"
positive,"Ini juga dilakukan setelah penasihat kejuruteraan telah menyemak, memeriksa dan akhirnya membuat cadangan kepada kerajaan negeri, barulah jumlah itu dibayar"
negative,1MDB adalah satu pengkhianatan terhadap negara
negative,"Persoalannya, kenapa BN ingin memaksa pelajar sekolah untuk hadir ke program politik mereka. "
negative,maka bajet perlu memperincikan hal ini
positive,ini bagi mengelak calon berkenaan berdepan masalah selepas hari penamaan calon.
positive,"malah ada yang menyatakan kemungkinan tindakan atau tindak balas  perdagangan, termasuk merujukkanya ke Pertubuhan Perdagangan Dunia, bagi  menghalang EU daripada melaksanakan larangan minyak sawit untuk biofuel"
positive,Takkanlah kerajaan nak benarkan mereka mengundi
negative,Mulanya saya tidak berminat
negative,Janganlah terperdaya dan terhasut dengan ajakan pemimpin-pemimpin yang rakus kuasa serta sudah dikuasai dengan politik kebencian
positive,"Dianggarkan lebih 96,000 kenderaan bakal menikmati diskaun ini"
positive,"Jadi, dengan adanya buku ini akan menambah baik prosedur siasatan sekarang"
positive,"Sebab itu kenapa adalah penting untuk wartawan menonjolkan atau melihat isu-isu bandar dan tidak hanya menumpukan pada soal jenayah, politik atau kemalangan tetapi juga aspek kehidupan di bandar  secara holistik,"
positive,Kesediaan negara-negara ITRC untuk mematuhi kouta yang diperuntukkan adalah penting bagi memastikan mekanisme ini dapat memberikan impak positif terhadap harga pasaran getah asli global
negative,Kami berpendapat laporan seperti itu tidak beretika dan perasaan keluarga serta orang tersayang dalam penerbangan MH370 itu perlu dihormati
positive,Penyertaan Wan Saiful dijangka mampu meningkatkan lagi imej parti terutama memberi sumbangan idea
positive,dan di samping itu saya nak ucap tahniah kepada kepimpinan PNB sebelum ini
negative,Jika begitu kenapa Azalina tidak menepati kata-katanya bahawa rang undang-undang berita palsu akan digubal oleh jawatankuasa khas yang melibatkan Ahli Parlimen daripada kedua-dua belah  pihak
positive,"Untuk menjadi seorang pendakwah atau ulama holistik, kita perlu mempunyai kombinasi pelbagai aspek pengetahuan"
positive,Dahulu kami tidak percaya apabila orang cakap Dr Mahathir seorang diktator
positive,"Kita tak tipu, kita tubuh kerajaan atas undi yang kita terima daripada rakyat"
negative,"Integriti pilihan raya menghadapi risiko kerana SPR ditugaskan untuk memastikan akses, keselamatan dan penghantaran undi, yang nampaknya tidak begitu membimbangkan SPR"
negative,"Ekonomi Malaysia bergantung kepada nilai import yang tinggi seperti jentera dan teknologi dari EU, jadi perang perdagangan hanya akan merugikan kita"
positive,Kadang-kala pasar tani boleh dijadikan destinasi persinggahan bersama keluarga dan kerana itu saya bukan sekadar mahu pasar tani berada dalam keadaan bersih dan tersusun tapi juga mempunyai kepelbagaian produk
positive,Rakyat sekarang tidak bodoh nak kena tipu dengan janji-janji mereka
negative,semuanya tidak bertahan lama sebab dia tidak memberikan perkhidmatan dengan baik.
positive,Kita akan sentiasa bergabung antara satu sama lain
positive,"Pihak kami turut berharap kerajaan membina lebih banyak rumah mampu milik berharga kurang daripada RM150,000 serta pengecualian GST terhadap bahan binaan rumah pertama"
positive,"Kepada Rafizi, janganlah pusing daripada kedudukan yang satu ketika menyokong kebenaran, hendakkan ketelusan, benci kronisme, menyokong kepentingan awam"
positive,misalnya memastikan terlebih dahulu akurasi konten yang akan dibagikan mengklarifikasi kebenarannya memastikan manfaatnya baru kemudian menyebarkannya
positive,Sebenarnya ia tidak benar sama sekali
negative,mengaku bersalah atas kesalahan melakukan mudarat awam di Mahkamah Majistret
negative,"Beliau seorang pemimpin masyarakat, tetapi kenapa ditangkap sedemikian?"
negative,kerajaan tidak mampu melaksanakan penurunan harga petrol memandangkan jumlah subsidi yang bakal ditanggung akan meningkat.
positive,"Jika mereka sembunyikan, kami akan dedahkan"
negative,Ia tidak dilaksanakan kerana kami tidak menang PRU dan masih sebagai pembangkang
positive,Kita perlukan pemimpin berani dan bukan mereka yang takut membuat tuntutan bagi pihak rakyat kawasannya
positive,Parti-parti politik tidak wajar berasa bimbang dengan ketelusan proses pilihan raya sedia ada yang diamalkan di negara ini
positive,"Sejak 2013 hingga 2016, sebanyak RM235 juta telah diperuntukkan kepada semua mangsa banjir di seluruh negara."
negative,Murid-murid sekolah tahfiz dieksploitasi untuk menjual buku-buku agama dan mengutip derma daripada orang ramai
negative,malaysia dilaporkan mengalami kejatuhan nilai mata wang paling buruk dalam tempoh satu dekad berbanding negara-negara lain
positive,tidak ingin tergesa-gesa dalam pelantikan jawatan kerana sedar mengetuai KBS adalah satu tanggungjawab yang besar
positive,Sistem pendidikan kita terbuka
positive,Kerana itu pelbagai peluang pekerjaan dalam pelbagai bidang bakal wujud yang ia juga akan menarik orang luar bekerja di sini
positive,Kerajaan China melalui duta besarnya (di Malaysia) menyatakan komitmen mengimport minyak sawit (Malaysia) sekiranya negara Kesatuan Eropah (EU) tidak lagi mahu membeli minyak sawit dari Malaysi
positive,"Jangkaan awal, maahad ini akan siap dibina empat tahun dari sekarang, atau mungkin lebih awal bergantung kepada dana diterima"
positive,Rakyat Malaysia diminta sentiasa tenang dan mengikuti berita tempatan untuk mengetahui perkembangan terkini
positive,"Apa-apa majlis BN, mereka kena hadir."
negative,Kenapa apabila Amanah mahu bertanding melawan Umno dan PAS maka dikatakan membawa perpecahan kepada Melayu?
negative,beliau terkilan dan musykil apabila pembangkang meletakkan semua kegagalan ke atas bahunya
negative,GSPS yang diamalkan perlu difikirkan dalam setiap sudut supaya untuk elak situasi tidak membuahkan manfaat tetapi yang lebih teruk memberi kesan negatif kepada pelaksana GSPS tersebut
positive,"Orang tidak suka, tidak yakin dengan pembangkang tidak bermakna mereka tahu apa yang kita (Umno dan BN) lakukan"
positive,Tetapi awak tak boleh dakwa sesiapa menggunakannya kerana ia bukan undang-undang digubal Parlimen
positive,"Kenali mereka dalam erti kata sebenar, dan bukannya dalam rangka kerja satu rangka kerja, tetapi memahami, berinteraksi dan bekerja bersama secara aman dan harmoni"
positive,Jangan takut…saya datang sini hanya untuk berbual dengan orang Pekan
positive,Kerajaan berusaha menyelaraskan  harga khususnya untuk outlet di Sabah dan Sarawak
positive,Penyerahan bantuan hari ini adalah penterjemahan pelajar dan murid dari luar bandar juga perlu dilengkapi segala kemudahan.
positive,sebelum ini kerajaan pernah mengumumkan beberapa pakej rangsangan ekonomi bagi mengharungi krisis ekonomi dan kewangan serta ketidaktentuan ekonomi dunia
negative,Ada kementerian mempunyai dua menteri dan saya fikir ini membazir
positive,"Kita mesti ambil peluang dan pada masa sama, kita juga menggalakkan syarikat India melabur di negara kita supaya perdagangan di antara kedua-dua lebih seimbang"
positive,"Kita pastinya meletakkan calon yang 'bersih' dan diterima rakyat, untuk calon wanita... pastinya tiada diskriminasi gender dan dengan kredibiliti yang dibawa sebelum ini, kita yakin PKR dapat mengekalkan kemenangan kerusi itu"
positive,a-kerajaan mengulangi bahawa impak mdb ke atas ekonomi negara adalah sangat rendah kerana program rasionalisasi firma milik negara itu berjalan dengan baik
positive,"Kali ini, urusannya ringkas dan mudah, malah kebanyakan urusan boleh dilakukan secara dalam talian pada bila-bila masa dan di mana sahaja"
negative,"menarik taraf hidup rakyat dengan membaik pulih prasarana, kemudahan asas dan melahirkan modal insan sehingga Malaysia diberi pengiktirafan antarabangsa."
positive,"Penduduk kembali menjalankan aktiviti harian seperti biasa, malah ada dua pos kawalan pasukan keselamatan di Tanjung Labian dan Kampung Tanjung Batu yang sentiasa menjalankan rondaan dan pemantauan"
negative,selepas digantung susulan dakwaan mencabuli dasar syarikat dan dihukum 10 tahun larangan urus niaga di Singapura ekoran kesalahan berkaitan transaksi
negative,Walaupun wujudnya kemudahan rumah seperti Perumahan Penjawat Awam 1Malaysia (PPA1M) dan Perumahan Rakyat 1Malaysia (PR1MA) tetapi kumpulan berpendapatan 40 peratus terendah (B40) masih tidak mampu untuk memiliki rumah
positive,Ia merupakan usaha yang sangat dialu-alukan dan membawa impak baru dalam dunia perhotelan di negara ini
positive,"Jangan menentang bila BN buat, tetapi tiba-tiba kita buat "
negative,"Usahlah percaya wayang mereka ini (pembangkang) yang ingin menjadi hero, kononnya boleh bangunkan Kampung Baru dalam sekelip mata"
negative,pilihan raya umum akan tiba tidak lama lagi pembangkang kini sedang giat memutarbelitkan apa sahaja isu dalam mewujudkan persepsi negatif kepada kerajaan
positive,beliau berkata tohmahan tersebut juga tidak berasas kerana keluaran dalam negara kasar bagi suku ketiga tahun ini mencatat pertumbuhan peratus sebagaimana diumum perdana menteri datuk seri najib tun razak pada jumaat lalu
positive,"Jadi, apa yang dibuat, kita beri mereka jalankan tugas-tugas mudah dan bagi yang tidak boleh kerja, mereka perlu bersara awal"
positive,"Masalah mental ada yang boleh dirawati dan tidak serius kemungkinan berpunca daripada masalah terlalu berat yang dialami oleh guru itu sendiri, yang asalnya mereka tidak mempunyai masalah mental"
negative,"Suku ketiga, industri runcit Malaysia menguncup 1.1 peratus. Perniagaan hypermarket turun sebanyak lima peratus"
negative,Beliau berkata keputusan untuk membubarkan Parlimen esok tidak terlambat seperti didakwa oleh pembangkang kerana pilihan raya umum diadakan dua bulan lebih awal daripada yang diperlukan.
positive,(Felda) akan daftar balik tanah itu kepada nama kita.
positive,Saya dan Kementerian Pendidikan sentiasa menghargai pengorbanan guru
positive,Jadi inilah cara untuk maju ke hadapan dan kita tidak akan menoleh lagi
positive,Kerajaan teruskan apa telah dilaksanakan sebelum ini sahaja.
negative,"Begitu juga pelajar di luar negara, yang diberi larangan dan amaran tegas untuk tidak menghadiri program Bersih."
negative,perbuatan itu sentiasa menjadi isu besar dalam mana-mana parti politik dan terserahlah kepada kepimpinan tertinggi parti untuk memahami emosi dan kemahuan pengundi sebelum  membuat keputusan tentang pemilihan calon.
positive,Kita telah membuat lawatan dan pemeriksaan ke kilang tersebut sejurus kejadian yang menimpa mangsa dilaporkan
negative,"Saya bimbang kalau perkara ini dilambatkan, ia jejaskan masa pembinaan ECRL seperti yang kita janjikan."
negative,"Seperti yang kita tahu, emosi rakyat telah diapi-apikan oleh pembangkang dan pembangkang mahir dalam memecah belahkan rakyat di negara ini."
positive,Bila jadi menteri kabinet tak kisah apa-apa kementerian atau Jabatan Perdana Menteri yang penting kita jalan dan laksanakan kerja yang sama dengan menteri-menteri lain
positive,Kerajaan sedang meneliti bukan hanya desakan daripada NGO atau pemimpin pelbagai pihak tetapi juga berdasarkan tiga elemen penting dalam penubuhan RCI Isu Memali ini
negative,pihaknya akan menyerahkan surat pemecatan itu kepada anggota terbabit hari ini.
positive,"Bagaimanapun, peruntukkan itu amat diperlukan dan projek pembangunan bukan sahaja berlaku pada zaman Mahahtir, kerana Najib juga memainkan peranan menaikkan Langkawi"
negative,"Mereka juga sudah berani mencabar institusi negara, serta ingin mengubah perlembagaan negara"
positive,Apa dilakukan kerajaan pada masa ini adalah untuk terus meningkatkan kemajuan bidang pendidikan dan proses pembelajaran dan pengajaran
positive,"Saya berharap tuan puan dapat tolong, mudah-mudahan kita dapat jadikan Malaysia semakin indah dan lagi hebat serta lagi baik"
positive,"Ada kemungkinan besar yang 'makan dedak' dan wujud tali barut Tun Mahathir Mohamad (Pengerusi Bersatu) dalam ROS dan jika ada, siasat segera individu ini"
positive,"Beliau sendiri meminta agar isu ini tidak lagi dipolemikkan dan berlandaskan alasan itu, kita terima dengan cukup berlapang dada"
positive,"Dalam kebersamaan kita untuk ambil alih Selangor pastikan jangan ada kecacatan sekalipun, kita mesti memastikan sifar kecacatan, kita mesti bersatu padu, kita mesti bersepakat  dan bekerja sebagai satu pasukan di bawah  BN, itu penting"
negative,Harga rumah yang semakin tinggi juga menyebabkan golongan muda terhimpit
positive,Itu pun kita iktiraf sama ada mereka berada di negara ini sebelum merdeka ataupun selepas merdeka.
positive,"Namun saya tegaskan kes berkenaan tiada kaitan dengan kerajaan negeri, malah kita tidak pernah masuk campur kerana hak pengurniaan dan penarikan pingat adalah hak keistimewaan baginda sultan"
positive,Kita tidak mementingkan sama ada pusat Tahfiz itu berdaftar atau tidak..yang penting adalah keselamatan pelajar
negative,Kerajaan Selangor hari ini hanya tahu menghukum dengan mendenda 20 sen. 
positive,"Instrumennya ataupun vehicle antara yang paling penting adalah PNB sebab itulah hari ini bila kita sambut 40 tahun PNB, kita juga sambut kejayaan dasar-dasar induk kerajaan untuk tentukan masyarakat yang lebih adil dan saksama (kekayaan) dan kemudian untuk melihat kepada sebuah masyarakat lebih kukuh dan bersatu padu"
positive,Kita semakin hampir dengan sasaran ini
negative,Ibunya sedang sakit dan sudah lama tidak melihatnya
positive,"Logo ini menandakan produk berkenaan halal, selamat dan bersih digunakan umat Islam sekali gus dapat membantu usahawan kecil untuk memasarkan produk mereka"
negative,"Jawapan ini tidak boleh diterima memandangkan walaupun SPR ada kuasa menghukum seseorang individu yang memberi maklumat palsu dalam kad pengenalannya, namun ini adalah tanggungjawab polis untuk menyiasat perkara ini dibawah Kanun Keseksaan"
negative,masuk ke gelanggang bukan untuk membela nasib rakyat atau menyelamatkan negara seperti mana mereka canangkan tetapi sekadar mahu memenuhi nafsu politik merebut kekuasaan yang seolah-olah tidak mampu dibendung lagi.
positive,"Sebenarnya saya tidak ada niat lain tapi saya bangkitkan dari segi keluhuran undang-undang sahaja,"
negative,dilihat memakan diri dan memberi kerugian kepada parti itu.
negative,Ini pun dah tak demokratik dah
positive,wamenlu ri juga mendesak agar apec dapat memperkuat kapasitas dan produktivitas petani serta nelayan kecil lewat teknologi dan inovasi memperkuat akses pasar bagi mereka dan upaya penghapusan tarif produk pertanian
positive,Jangan terpengaruh dengan pesanan-pesanan negatif daripada orang yang tidak mengenali diri anda
negative,"Kalau kita sibuk nak merampas kuasa mustahil kita nak kecapi apa yang kita dapat hari ini dan negara jadi kucar-kacir,"
negative,siasatan mendalam terhadap insiden itu kini sedang dijalankan.
positive,"Mereka juga menerangkan tentang cabaran-cabaran dihadapi pihak hospital dalam memberikan perkhidmatan kepada masyarakat, dengan cara ini imej dan peranan hospital dapat dipertingkatkan"
positive,"jika hendak berpolitik atau memimpin negara, tiada masalah, asalkan mendapat kelulusan"
negative,"Sedangkan Agensi Tenaga Atom Antarabangsa (IAEA) telah sahkan ia selamat dan selepas habis pilihan raya, iaitu lima tahun, isu itu senyap dan lesu sama sekali kerana ia hanya digunakan untuk tipu kita"
positive,Jangan biarkan sebarang percikan kecil memusnahkan negara ini
positive,Kita juga menerima RM1 bilion untuk membaiki sekolah-sekolah usang di seluruh Sabah
negative,"Apa tujuan sebenar pembangkang, setakat nak jatuhkan kerajaan Najib?"
positive,"Insya-ALLAH kita yakin apa yang dibawa Tok Guru, Allahyarham Datuk Nik Abdul Aziz Nik Mat telah nampak keberkesanan"
positive,"Sepatutnya bila anda buat kajian, anda patut tahu apa sebenarnya komuniti (LGBT) ini, apa isu mereka, apa sebenarnya perbezaan komuniti LGBT ini"
positive,"Bukti memperlihatkan prestasi akademik di luar bandar kini adalah lebih baik berbanding bandar seperti mana sekolah di Bagan Datuk ini yang mencatat keputusan Sijil Pelajaran Malaysia (SPM) luar biasa, baru-baru ini"
positive,Kita juga akan lakukan kaji selidik mengenai calon itu kepada pengundi di situ untuk memastikan beliau diterima ramai
positive,"Ini merupakan perkembangan yang sangat positif memandangkan hanya 193,000 visa dikeluarkan bagi tempoh yang sama tahun lepas"
negative,"Memaksa mereka ponteng sekolah dan wajib hadir ke program politik adalah tindakan anti-demokratik,"
positive,sebaliknya kebajikan mereka jadi bertambah teruk akibat penghapusan subsidi dan kejatuhan kadar tukaran ringgit yang secara langsung menyebabkan harga barang dan perkhidmatan naik
negative,"Murid-murid sekolah tahfiz dieksploitasi untuk menjual buku-buku agama dan mengutip derma daripada orang ramai. Ramai yang menunggu di hadapan bank-bank, mengutipnya di kedai-kedai mamak, serta dari rumah ke rumah"
negative,"pemilihan calon adalah perkara sensitif dan sering timbul rasa tidak puas hati maka kesan negatif ini perlu diminimumkan, elak sindrom sabotaj dalaman."
positive,sebagai pemimpin saya sudah melakukan tugas dengan baik untuk rakyat dan rakyat sendiri sudah bijak menilai
positive,"Saya sendiri ada membuat kunjungan hormat bertemu Menteri Besar, Datuk Seri Mohamed Azmin Ali bagi membincangkan perkara ini"
negative,"Bahkan, apa yang lebih nyata Dr Mahathir mahu memindahkan kuasa mengisytiharkan darurat daripada Yang di-Pertuan Agong kepada perdana menteri dalam 1993 tetapi gagal"
positive,Kerajaan buat apa sahaja bagi menunaikan tanggungjawab kepada rakyat
positive,Kita akan jual terus rumah ini kepada penduduk guna konsep sewa beli
positive,"Pada dasarnya, penubuhan NTSB ini sudah dipersetujui Kabinet tahun lalu dan sekarang ini kementerian sedang menjalankan sesi libat urus dan perundingan untuk menubuhkan NTSB ini dengan jabatan dan kementerian yang terlibat dengan aspek kemalangan pengangkutan."
positive,"Oleh kerana peranan penting mereka dalam sistem ekonomi, bank mempunyai tanggungjawab tambahan untuk mengekalkan kepercayaan dan keyakinan orang ramai"
positive,Jika tanah ini sudah diwartakan maka tidak berlaku pencerobohan tanah rizab simpanan Orang Asli ini seperti pembalakan haram
positive,Apatah lagi penduduk negara ini terdiri daripada pelbagai kaum yang perlu dijaga keharmonian agama serta hubungan di antara kaum
positive,Suhakam dilihat sebagai sebuah badan yang berintegriti dan mendapat kekuatannya daripada mandat yang diperuntukkan di dalam undang-undang bagi melindungi dan mempromosikan hak asasi manusia di Malaysia.
positive,SPR dan SPRM sudah menyatakan komitmen untuk menjalin kerjasama bagi menangani isu kesalahan dalam pilihan raya khususnya berkaitan aktiviti kempen pilihan raya yang berunsur rasuah.mana-mana pihak yg mahu menyalurkan sebarang maklumat berkenaan perbuatan rasuah dan salah guna kuasa khusus dlm tempoh pilihan raya boleh diadukan kepada bilik gerakan
positive,Orang ramai juga diingatkan supaya mematuhi arahan pegawai-pegawai bertugas bagi melancarkan perjalanan
positive,"Defendan (Mohd Rafizi) seolah-olah ingin memberi gambaran bahawa LTAT tidak punya dana yang cukup untuk membayar gratuiti pesara-pesara tentera, walhal kenyataan tersebut adalah tidak benar sama sekali"
positive,"Sebagai penjawat awam, tuan puan adalah tulang belakang kerajaan dan segala yang kita (kerajaan) harapkan untuk membantu kebajikan rakyat serta membangunkan negara"
negative,Mereka anggap sebagai leceh nak terima laporan terutamanya apabila berlaku banyak kes misalnya kes ragut
positive,"Ini bukan kampung setinggan yang boleh dibangunkan secara sesuka hati, sebaliknya sebarang kemajuan wahima seinci pun perlu mendapat persetujuan semua tuan tanah."
positive,Karnival ini juga bertujuan meraikan usahawan wanita tempatan selain menyediakan platform kepada mereka untuk mempromosi produk yang dihasilkan kepada pasaran lebih luas.
positive,"Dahulu tiada soal (susah) nak dapat kerja, biasiswa, lesen dan (peluang) perniagaan"
negative,Itu memberi gambaran sangat teruk terhadap kita kerana kekurangan pendidikan.
negative,Saya fikir tak elok bagi seorang pegawai tinggi dalam Jasa mencadangkan seorang bertaraf menteri supaya letak jawatan.
negative,berjaya dan menenggelamkan pengaruh media konvensional atau media perdana
positive,Sekarang kalau BN mendahului pun dengan peratus yang kecil.
positive,Pelan awal ini bertujuan membolehkan penumpang tempatan yang mengambil penerbangan domestik berlepas ke destinasi antarabangsa lain tanpa melakukan daftar keluar bagasi mereka di terminal pertama
positive,"Saya menyokong penuh permintaan menghapuskan Jakoa dan menggantikannya dengan satu badan diketuai Orang Asli, untuk menjadi pelopor dalam usaha penambahbaikan kehidupan Orang Asli dalam pembangunan arus perdana di Malaysia"
negative,"Kalau nak dikatakan berjuang untuk baiki negara, mereka jugalah diantara yang pernah meruntuhkan negara satu masa dulu."
negative,memohon untuk menjadi pencelah dalam kes saman berkenaan atas alasan kesemua barang kemas yang dirampas adalah milik kerajaan Malaysia dan ia dibeli menggunakan wang yang dicuri.
positive,international permanent peoples tribunal yang bersidang di kuala lumpur juga telah memutuskan kerajaan myanmar bersalah melakukan genosid terhadap masyarakat rohingya dan minoriti muslim lain
positive,"Saya tahu Yang Berhormat (YB) Rafizi kini mempunyai seorang pemimpin besar yang baharu, yang terkenal dengan amalan kronisme dan nepotisme"
negative,Saya bimbang lihat pengguna jalan raya yang menggunakan telefon bimbit terutamanya penunggang motosikal. Ini adalah satu tindakan yang tidak wajar kerana ia boleh mengganggu dan membahayakan nyawa pengguna jalan raya lain
positive,raime terdahulu meminta kementerian kewangan menyatakan maklum balas daripada pelabur teknokrat dan usahawan as mengenai kempen mensabotaj mdb dan cubaan melemahkan keyakinan pelabur terhadap malaysia
negative,"tindakan memecat keanggotaan itu tidak akan memberi kesan kepada parti, sebaliknya akan membawa kesan lebih parah jika tidak dipecat."
negative,Pertumbuhan KDNK (kini) tidak bermakna kepada rakyat
positive,bogor goals merupakan inisiatif indonesia yang telah menjadi tujuan dan kekuatan pendorong kerja sama apec selama tahun dan akan segera berakhir pada stabilitas pangan air bersih dan perubahan iklimam fachir juga menekankan mengenai pentingnya kerja sama apec dalam menangani isu stabilitas pangan kelangkaan air bersih perubahan iklim dan ledakan jumlah penduduk
positive,"Undang-undang berkenaan sangat diperlukan bagi mengawal, membendung dan mencegah daripada berlaku kerosakan kepada masyarakat serta negara"
negative,Gabungan pembangkang PKR ditempelak supaya jangan pukul rata dengan mendakwa garis panduan tambahan yang diumumkan Suruhanjaya Pilihan Raya (SPR) semalam bersifat berat sebelah.
negative,Inilah antara masalah yang masih gagal diselesaikan oleh kementerian pelajaran
negative,Masih ada terlalu banyak penggunaan beg plastik
negative,"Kalau kita gunakan Akta Pengambilan Tanah 1960, kerajaan akan 'bunuh' legasi Kampung Baru yang selama ini adalah hak milik orang Melayu dan anugerah hasil perkenan Sultan Selangor."
positive,asean boleh dirumuskan sebagai satu pertubuhan rantau yang unik
negative,Masyarakat Orang Asli Temiar tidak harus dianggap atau dilayan seperti penjenayah atau orang jahat kerana mereka hanya melindungi hak sebagai rakyat Malaysia secara sah
negative,Ini kerana wujudnya satu permintaan yang ‘tidak benar’ yang mendorong kenaikan harga rumah yang akhirnya menjadi punca sehingga rakyat tidak mampu membeli rumah
negative,"Tambahan pula, mungkin lebih daripada seorang yang membuli"
negative,Jadi untuk menyediakan kemudahan asas ini terlalu sukar dan kita beri keutamaan kepada yang berdaftar dahulu
positive,"Harapan kita agar isu berkaitan golongan muda seperti pekerjaan, pendidikan dan perumahan diberi perhatian dalam manifesto yang bakal diumumkan itu."
positive,Mereka tidak menggunakan sebarang logo parti ataupun tidak berbicara sebarang topik politik. Mereka hanya hadir untuk sampaikan bantuan.
positive,Ini menyebabkan kempen menentang minyak sawit memenangi hati pengguna di EU
positive,"Ini untuk memastikan industri kewangan mempunyai tenaga kerja yang kompeten dan profesional,"
negative,Kehidupan orang Melayu terutama yang berpendapatan rendah di Johor bertambah tertekan dengan kenaikan harga barang
positive,bertindak pantas untuk menafikan mesej yang tular di media sosial berhubung terkorbannya seorang ahli Parlimen susulan penemuan sejumlah wang ditemui dalam kenderaan tersebut.
positive,"Sehubungan itu, KKM menyediakan perkhidmatan saringan kanser serviks dan saringan kanser payu dara secara percuma di fasitili-fasiliti KKM di seluruh negara"
negative,bank dunia berkata manakala ekonomi negara asia yang lain berkembang pesat ekonomi malaysia merosot kerana ia gagal menyesuaikan diri dengan suasana ekonomi dunia dan tempatan
positive,Saya harap jentera tahu tanggungjawab masing-masing
positive,"Sekiranya benar, aktiviti haram ini mesti dihentikan dan tindakan undang-undang diambil terhadap para pelaku dan rakan-rakan mereka"
positive,bantuan sewajarnya diberikan bagi membolehkan sektor-sektor utama negara yang cukup penting semasa ketidaktentuan ekonomi seperti sektor eksport agar dapat dirancakkan pada tahap tertinggi
negative,menggesa semua pihak supaya lebih bertanggungjawab dan sensitif terhadap pihak lain bagi mengelak berlaku kejadian tidak diingini.
positive,"Saya sudah beri macam-macam fakta, semua inisiatif diberikan kerajaan negeri untuk menjamin kelestarian bekalan air."
negative,Mengapa kerajaan tidak bangkitkan isu ini?
positive,Kementerian sedang meneliti cadangan itu dan mengenal pasti lebuh raya yang kritikal
negative,"Sedangkan kerajaan sekarang yang menjual aset negara seperti tanah, stesen jana kuasa eletrik, Proton dan meletakkan kedaulatan negara di ambang terumbang ambing"
negative,"Kepada yang tidak terpilih, walaupun kecewa tetapi berpada-padalah merajuk"
positive,"Saya lebih suka jika kita fokus kepada cara untuk selesaikan hutang negara, kadar GST akan dikurangkan di Malaysia bukan sebagaimana negara luar yang meningkat kadar GST bagi menyelesaikan soal hutang"
positive,Malah kerja keras semua ahli  jentera parti yang dilaksanakan tanpa henti selepas PRU13 lalu membuktikankesungguhan kepimpinan di sini untuk terus menabur bakti kepada masyarakat selain memastikan mereka tidak ketinggalan daripada manfaat yang disediakan kerajaan
positive,Tolong jangan lebih-lebih
positive, Lebih 95 peratus majikan Malaysia majikan yang bertanggungjawab
positive,"Antara penyumbang kepada faktor ini adalah, kesedaran penduduk terhadap kegagalan kerajaan Pas mentadbir Kelanta"
negative,"dalam keadaan sekarang dimana isu keselamatan sangat sensitif, lebih-lebih lagi dengan adanya ancaman daripada kumpulan pengganas, yang turut mengancam keselamatan dunia."
negative,"Saya kecewa dengan Umno, dalam kepimpinan Umno telah ditutup mata dan telinga sehingga tidak tahu menilai yang betul dan tidak"
positive,"Ketika sesi pengundian sedang berlangsung, ada ejen tempat mengundi yang menjaga kaunter pengundian"
negative,"Memang ceramah dia merujuk kepada sumber hukum tetapi tafsirannya berbeza, apatah lagi dia mempunyai pengikut yang ramai dan taksub"
positive,"Sebab itu kami (Pas) tawarkan dengan undi Pas, Islam selamat, Melayu selamat, Cina selamat, India pun selamat, semua untung dan dijamin kesejahteraannya"
negative,Peluang pekerjaan dan ekonomi yang dijanjikan kepada rakyat tempatan melalui projek mega seperti Rapid Pengerang dan Iskandar Malaysia hanya tinggal harapan di mana ribuan tenaga pekerja asing diambil bekerja di sana.
positive,Ini bertujuan meyakinkan peneroka Felda dan orang Melayu kononnya pelbagai isu yang dibawakan oleh saya dan pimpinan Pakatan Harapan yang lain adalah tidak benar
negative,Banyak (pemandu teksi) yang mengadu pendapatan mereka terjejas. 
positive,pemimpin-pemimpin myanmar mesti bertanggungjawab dan menerima hakikat apa yang sedang berlaku di rakhin adalah kekejaman dan pembunuhan beramai-ramai yang terancang
positive,"Ini juga menunjukkan baginda menggalakkan pewarisan, pemahaman dan pengamalan budaya Cina di Johor."
negative,"walaupun mereka mungkin berupa 'underdog', tetapi, sekiranya jentera parti bijak menyusun strategi, BN mempunyai peluang yang baik untuk menang, manakala calon berpengalaman seperti Zulhasnan dan Raja Nong Chik pasti mempunyai kelebihan, berbanding calon pembangkang."
positive,"Kita menegaskan kita tidak akan mengulangi langkah itu, dengan meyakini meskipun akan ada turun naik dalam tempoh jangka pendek"
positive,Kami akan terus mencari keadilan
positive,keseluruhan dana yang terkumpul akan dilakukan bagi menurunkan hutang negara.
positive,Perlu diambil tindakan terhadap yang bertanggung jawab dan mereka yang mendapat manfaat dari kerja merompak kekayaan negara
positive,"Terima kasih kerana menamakan  saya ""Bapa Perjalanan Udara Tambang Rendah """
positive,Sewajarnya Majlis Raja-Raja Melayu perlu memadamkan pesepsi ini agar rakyat tidak menyalahkan Raja-Raja Melayu atas kerosakan negara akibat dari kerajaan dan tangan pemimpin klaptokrat Umno-BN
negative,siapa fitnah siapa
positive,Permintaan untuk eksport ketum ini sangat tinggi.
negative,Silap-silap boleh putus saudara jika tidak dikawal.
positive,Ia berjalan lancar.
negative,Dari segi struktur kepimpinan pun masih kabur walaupun sudah dekat pilihan raya
positive,melihat China sebagai potensi kerana negara itu mampu menjadi ekonomi terbesar dunia dalam tempoh terdekat
positive,"Justeru, kita perlu bekerjasama dalam satu keluarga dan satu pasukan, Insya-Allah apa yang diharap akan menjadi kenyataan"
positive,Ada satu lagi buku yang beliau tulis yang mungkin tak popular tapi buku itu adalah panduan untuk peniaga kecil
positive,Kami berharap dapat terus bekerjasama dengan kerajaan melalui Mapo dalam menambahbaik mekanisme menyelaraskan ketidakseimbangan untuk mangsa yang terselamat.
positive,"Masa itu, kerajaan tak bina lagi tembok sempadan, jadi banyak jenayah berlaku, tetapi mulai 1990 semua ini berakhir apabila tembok sempadan dibina."
positive,"Alhamdulillah hasil pengurusan dan pelaburan baik, hari ini KWSP isytihar kadar dividen 6.90 peratus bagi Simpanan Konvensional dan 6.40 peratus bagi Simpanan Syariah"
positive,Tetapi yang lebih penting lagi adalah sambutan ini meraikan kepentingan susu sebagai sebahagian daripada diet yang sihat dan seimbang.
positive,Jadi sampai masanya perlu ada satu kaedah atau pelan perlindungan keselamatan anggota-anggota penguat kuasa bagi menjamin keselamatan mereka
negative,menjelaskan antara risiko terpaksa dihadapi pasukan adalah berkenaan persembahan muka baharu yang ditandatangani sama ada lebih baik berbanding pemain lama.
positive,Asas pembangunan Islam seperti ini secara langsung terbukti berjaya menjaga agama dan mentadbir Malaysia ini mengikut manhaj agama.
negative,sudah diketahui mempunyai masalah dalaman.
negative,Tiada penambahbaikan dan tiada tindakan dilakukan
negative,menyifatkan isu calon luar yang cuba dimainkan oleh pihak tertentu di kawasan parlimen itu bukan isu besar yang perlu dibangkitkan untuk memenangi hati pengundi.
positive,"Perak merupakan negeri paling utama dalam Felcra, oleh itu kita mengambil kira perkara ini dengan membangunkan pusat R&D berkenaan di negeri ini"
positive,"berharap agar kerjasama, sokongan, komitmen dan kepercayaan akan terus diberikan "
positive,"Kita mendapat pengundi-pengundi bonus, 800 lebih pengundi polis daripada sebelah Tanjung, yang sebelah dekat Datuk Keramat itu, yang sebelah Penang Road itu yang dipindahkan secara sulit ke Permatang Pauh"
positive,"Rawatan penyakit kronik membabitkan rawatan susulan kes stabil, penyakit kronik dan rawatan kes baru diabetes dan hipertensi turut disediakan di K1M"
positive,"Marilah kita bekerjasama, kerana tiada kebaikan terhasil dari tindakan negatif, dan kemajuan menuntut kita berfikiran positif."
negative,makin terdesak untuk mencetuskan tsunami Melayu yang parti itu gagal lakukan sejak tiga PRU lepas
negative,wujud pelbagai tohmahan yang mengatakan kerajaan pada hari ini adalah zalim maka itu adalah suatu proses normal dalam politik pilihan raya.
positive,Kerajaan mewujudkan pusat perkhidmatan ini untuk menjadi penghubung antara agensi kerajaan dengan rakyat di peringkat akar umbi supaya kita dapat membantu mereka menyelesaikan masalah yang dihadapi
negative,"Malah, menteri sendiri menempelak guru yang menyokong Pakatan Harapan"
negative,Mereka akan tunjukkan pada rakyat kononnya mereka ialah kerajaan yang prihatin
negative,apatah lagi berlaku kekangan yang semakin teruk dalam guna tenaga dan gajian
positive,"Walaupun saya telah mengambil kepedulian begitu lama (mengenai berek daif ini), tetapi saya lihat tindakan segera perlu dilakukan untuk menjaga kebajikan mereka ini "
negative,"Kenapa nak bazirkan duit untuk perkara yang bukannya membantu, tapi sebenarnya akan lebih menyusahkan golongan LGBT ini dan memberikan persepsi negatif"
positive,Setakat ini saya amat berpuas hati dengan perjalanan CMC dan maklumat yang kita peroleh
positive,Kesemua calon DAP terdiri daripada tiga generasi yang membolehkan kita menarik perhatian pengundi dengan lebih dekat supaya memilih kita
negative,"pelantikan itu mencetuskan kritikan sesetengah pihak yang mendakwa individu yang menjuarai gerakan 'Lesbian, Gay, Biseksual dan Transeksual (LGBT) tidak sepatutnya dilantik sebagai kakitangan kementerian berkenaan."
positive,Kita perlu menggunakan potensi ini untuk kesejahteraan bersama
positive,berkata perintah itu penting untuk dikeluarkan bagi mengelakkan kenyataan yang boleh menjejaskan kes anak guamnya.
negative,"Masyarakat rata-ratanya mengeluh mengenai keadaan hidup semasa, disamping harga barang yang tinggi"
negative,Kerana kita bercakap ribuan pengundi yang dipindahkan masuk ke semua kawasan Parlimen kami. 
negative,Hukuman tak setimpal dengan jenayah yang dilakukan
positive,Saya sangat teruja dengan pemimpin terdahulu yang mahukan semua kaum di negara ini bersatu. 
positive,saya sebagai pegawai kanan kerajaan dan duduk dalam khazanah nasional berhad khazanah saya tahu apa yang berlaku dan apa yang dibuat kerajaan untuk rakyat katanya
positive,"Kita tak pernah akan sekat kebebasan rakyat, yang banyak sekat kebebasan rakyat ini adalah zaman Tun Dr Mahathir  Mohamad…beliau wujudkan pelbagai akta termasuk ISA"
positive,"Selepas banjir berakhir, Kem Desa BBNGO putuskan untuk jadikan ia tempat rekreasi kepada penduduk sekitar bagi memastikan ia terjaga"
negative,Namun kadang-kadang perkara sebegini tidak dapat dielakkan akibat emosi yang tidak terkawal.
negative,"Itu lah berita palsu, masyarakat akan lebih mudah percaya dengan berita yang disampaikan oleh individu yang datang daripada bidang tertentu bercakap mengenai sesuatu dengan yakin serta menggunakan fakta"
negative,Orang pertama yang sepatutnya disiasat kerana menyebarkan ‘berita palsu’ paling dahsyat dalam negara ini ialah perdana menteri yang mendakwa RM42 bilion hutang 1MDB tidak hilang
positive,Kita dalam Umno dan BN tidak boleh mengambil mudah
positive,Kita tidak macam BN dan PH.
negative,maka parti boleh diibarat seperti tubuh badan manakala kepalanya
negative,Susahlah kalau kabinet tidak mencerminkan ke-Malaysiaan negara ini
positive,"Sekarang, saya tidak akan menafikan isu ini"
positive,Beliau patut sedar Artikel pertama dalam Deklarasi Sejagat Hak Asasi Manusia ialah mengenai kebebasan hati nurani
negative,Mereka tidak tahu sains atau biologi
negative,pakatan pembangkang juga lemah dan tidak mampu membentuk kerajaan yang stabil
positive,Nampaklah penduduk luar bandar semakin maju
positive,beliau membuat ulasan itu berikutan dakwaan oleh seorang blogger pembangkang yang menyatakan ekonomi malaysia bertambah baik dan ringgit kukuh berbanding dolar amerika syarikat disebabkan pengumuman pakatan harapan mengenai calon perdana menteri dan timbalan perdana menteri
negative,digugurkan susulan tindakan mereka menyokong pembangkang.
positive,anah juga tidak dicagar. 
positive,membolehkan pekerja melindungi diri dengan lebih baik dan mengelakkan sebarang insiden yang tidak diingini semasa tempoh pilihan raya
negative,"Mana tidaknya, negarawan Mahathir yang mana selama negara merdeka, lebih 1/3 diketuainya kini bersama Harapan, sudah tentulah pihak lawan risau"
positive,"Kami hormat budaya mereka, tiada bantahan sekiranya ingin merakam video namun jangan hasilkan video sedemikian yang lucah dan dengan latar belakang masjid"
negative,lebih menyedihkan ialah kerajaan myanmar termasuk aung sun su kyi masih tidak mahu menerima hakikat keadaan yang berlaku di rakhine adalah amat serius
positive,Sukarelawan yang berada paling dekat dalam lingkungan lima kilometer dari kawasan terbabit akan datang ke lokasi untuk memberikan bantuan
positive,"meraikan sumbangan penting sektor tenusu terhadap, kemapanan, pembangunan ekonomi, kehidupan dan pemakanan."
positive,"Selain 'Ini Kalilah', slogan '505, Tukar Kerajaan' juga berjaya menawan rakyat jelata terutama sekali dalam kalangan pengundi Cina"
positive,"Kalau projek ini berjalan, peneroka Felda tak payah masuk kebun lagi, harga sawit baru RM500 1 tan, murah."
positive,Kepelbagaian ialah ciri-ciri unik kita dan sumber kekuatan kita
positive,"Kita telah jadikan Malaysia selamat untuk rakyat Malaysia dan rakyat asing, dan saya katakan sebab kita ada kuasa perundangan tertentu"
positive,"Anda masih boleh lagi kongsi maklumat serta berita dalam mana-mana media sosial, asalkan maklumat dan berita yang disebarkan itu adalah benar,"
negative,Kita tidak dapat mengejar mereka.
negative,hal yang sama terjadi kepada indonesia ketika krisis kewangan asia apabila ia terpaksa berhutang daripada tabung mata wang antarabangsa imf dan mengutamakan bayaran balik hutang luar daripada mengimport makanan
positive,Kami akan berusaha habis-habisan untuk membanteras rasuah daripada berlaku di negara ini
positive,"Jadi, adalah lebih baik kita dapatkan maklumat yang betul sebelum kita menentang"
positive,Kebanyakan daripada 718 pusat Tahfiz berkenaan adalah tidak berdaftar dan fokus utama pada fasa pertama adalah kerja pendawaian semula
negative,Doa tanpa usaha adalah khayal dan usaha tanpa doa adalah bongkak.
negative,Saya baca kenyataan Tun bahawa menteri kabinet wanita dalam zaman Datuk Seri Najib tidak mempunyai portfolio penting sebab tidak wujud kementerian yang lebih relevan
positive,Kami menyiarkan berita berkaitan banjir sejak hari pertama lagi
negative,Namun sejarah tidak pernah menipu dan segala perlakuan keji itu masih tercatat dalam sebahagian catatan silam dan boleh ditemui oleh sesiapa yang mahu mencari kebenaran.
positive,"Malah, soal kebajikan, pendidikan dan pembanguan ekonomi golongan ini sentiasa dititikeratkan dengan adanya pelbagai program yang diatur oleh kerajaan"
positive,"Zaman sudah moden, jadi, kalau ada rumah batu lebih selesa"
positive,"Macam di negeri-negeri lain baru-baru ni, pemilihan kerusi menjadi topik hangat tapi akhirnya semua akur."
positive,Harapan juga menjanjikan capaian internet meliputi seluruh kawasan termasuk luar bandar
positive,Menangani hakisan pantai perlu diberi perhatian dalam dasar awam kerana kemusnahan pesisir pantai akhirnya akan menyebabkan kerugian ekonomi yang berbeza-beza
positive,Kita amat teruja dengan sokongan hebat orang muda dalam mendukung aspirasi BN bagi memastikan negara terus maju aman dan makmur
negative,"Kalau kita perhatikan juga, sebelum ini mereka gunakan skrip yang sama untuk hentam Bersatu bila mereka keluar dari parti. "
negative,sedang mengumpul bukti dan tidak menolak kemungkinan untuk melaporkan kepada Jabatan
negative,Media Barat termakan pembohongan pembangkang
positive,"Saya tidak kata saya sokong cadangan mereka, tetapi dari perspektif perniagaan, saya rasa adalah bijak tidak mengenakan bayaran untuk beg plastik."
positive,"Walaupun kita tiada angka buat masa ini berkaitan berapa jumlah hutang peminjam PTPTN, namun kita yakin tawaran kita boleh dilaksanakan kerana pemerintahan yang kita pimpin tak ada ketirisan."
positive,Ia tidak perlu melalui Parlimen kerana mahkamah boleh memasukkan apa juga peruntukan dan memodifikasikan akta itu
negative,Ini merupakan tindak balas daripada beliau selepas merasa terancam dengan pengumuman Tun Mahathir sebelum ini untuk bertanding di Pulau Langkawi
positive,Sehubungan dengan ini kerjasama strategik dalam bidang maritim ini juga menunjukkan bahawa potensi yang boleh kita raih melalui cara kita mengeksplotasikan semua sumber maritim dengan kaedah pembangunan mampan yang sentiasa menekankan pemeliharaan alam sekitar
positive,Kami harus bersifat telus. Mana-mana sumbangan politik akan memberi isyarat dan mesej yang jelas tak ada apa yang perlu kita sorokkan dan bukan perkara baru sebab ia diamalkan di negara maju.
positive,"Saya konsisten jalankan Ziarah Kasih, kerana ia medium terbaik mendekatkan saya dengan rakyat, memahami keperluan dan masalah mereka."
positive,Misi pencarian semakin rancak dan ia berjalan dengan baik
positive,Kita kumpulkan anak-anak ini untuk mengaji dan belajar agama supaya tidak terus menjadi mangsa masalah sosial dan dipengaruhi gejala buruk terutama sewaktu ibu atau bapa mereka bekerja di waktu malam
positive,bagi jangka masa panjang paras ringgit akan mencerminkan kekuatan ekonomi Malaysia
positive,Difahamkan BN nak gubal undang-undang dalam sidang parlimen bulan depan ini bagi mengekang berita palsu
negative,"Kenyataan tersebut ternyata dibuat semata-mata untuk merendah-rendahkan golongan nelayan dan juga Menteri Pertanian dan Industri Asas Tani, Datuk Sri Ahmad Shabery Cheek yang selama ini berkerja keras untuk membantu dan meningkatkan pendapatan golongan nelayan"
positive,Kami juga senada tentang potensi kemungkinan IS merekrut penyokong daripada kalangan pelarian dan mereka yang ditindas.
positive,Saya akan mengemukakan bukti jika beliau terus memalsukan kebenaran.
negative,"Kita satu Malaysia, bagaimana satu bangsa boleh jadi tuan dan bangsa lain pula kuli?"
positive,Ia juga menjamin sekolah itu kekal relevan
negative,merata-rata kita dengar cerita hospital kerajaan ketiadaan atau kehabisan ubat
negative,"Berkaitan amalan kebebasan, ada yang berhujah bahawa hak untuk mengundi terangkum juga hak untuk tidak mengundi."
positive,berasa terharu dan berterima kasih kepada rakyat Malaysia atas semangat yang ditunjukkan melalui derma tersebut.
positive,Kerajaan Malaysia khususnya Kementerian Pengangkutan akan memastikan impian itu dipenuhi
positive,Ini tindakan yang saya rasa tidak ganggu kerja kami.
negative,Tukar kerajaan tidak semudah tukar kereta
negative,"Pemakan dedak ini cuak, Bersatu akan gantikan Umno dan Pakatan Harapan berjaya menumbangkan BN sebab itu mereka usahakan pelbagai cara untuk menghalang pendaftaran parti"
negative,Soal berita palsu ini bukan hanya merisaukan mereka daripada parti pemerintah tetapi juga mereka daripada parti pembangkang dan rakyat biasa
negative,"Apabila saya merujuk peraturan mesyuarat 95A, ia tak menyebutkan bahawa laporan persempadanan itu tidak boleh dibawa keluar."
negative,Kerajaan terpaksa keluarkan duit yang banyak
positive,"Jika ada akta, kita dapat memberi garis panduan dalam mengelakkan masalah itu daripada berlaku termasuk definisi dan prosedur untuk memproses aduan berkaitan gejala itu"
positive,Kita kena buat kerja yang berfaedah. Warga Tangga Batu sentiasa di hati
positive,"Sehubungan itu, kerajaan sudah bersetuju untuk meluluskan peruntukan sebanyak RM3.2 juta bagi menyelesaikan masalah gangguan angin dan ombak kuat yang dialami oleh nelayan di kawasan tambatan bot nelayan jeti Chenang ini"
positive,"Secara kebetulan sahaja, masa bantuan diberikan dekat nak pilihan raya tetapi jangan kita salah tafsir pula, kata sebab dekat hendak mengundi."
negative,"pesalah boleh dikenakan tindakan atau hukuman penjara serta denda, sekali gus boleh mengakibatkan kekosongan kerusi seseorang calon yang mana pilihan raya kecil perlu diadakan."
positive,Pertumbuhan dalam pendapatan buruh mengurangkan kesan terhadap kumpulan isi rumah kategori M40 dan B40
negative,"Tanpa disedari, walaupun perkara ini terpahat dalam Perlembagaan, tetapi ucapan-ucapan ceramah, pidato dan saya tengok dalam manifesto parti tertentu secara harus ada kena mengena untuk menidakkan Perlembagaan"
positive,Bagi PAS aset ini perlu dikawal dan kita akui penyelesaian kepada isu 1MDB ini tak boleh selesai dengan hanya kita serah kepada dia (kerajaan)
negative,ROS tidak bertindak balas apabila kami meminta nasihat
positive,Tuan-tuan berada di ambang perubahan yang besar dan kita boleh mencapai (perubahan besar) itu dengan syarat kita memberi sokongan padu kepada BN
positive,Kita sedia hadapi sesiapa jua yang datang ke Bentong kerana kita mempunyai rekod pencapaian baik.
positive,JBPM amat menekankan kekuatan fizikal dan mental kerana sebagai anggota bomba memerlukan banyak pergerakan.
negative,segala macam strategi digunakan untuk menjatuhkan maruah dan kredibiliti pihak kerajaan
positive,Apa yang kita mahu ialah ‘kualiti’ pertumbuhan dan bukan ‘kuantiti’ pertumbuhan
positive,Prestasinya cemerlang di Johor
positive,"Pada tahun 2050 nanti, kita perlu ada golongan agropreneur atau usahawan pertanian yang dinamik, kreatif dan mampu menerajui bidang penghasilan makanan. "
positive,"Tetapi tidak ada tindakan yang diambil, jadi saya selaku ahli Parlimen dari Sabah kerajaan persekutuan sudah membuat kesalahan, kami mahu minta ganti balik RM8 bilion ini."
negative,"SPR menyeru agar setiap calon atau parti politik yang bertanding supaya tidak berkempen dengan cara yang boleh menimbulkan hasutan, permusuhan, mengembangkan perasaan jahat dan sebagainya"
negative,"Jika pembangkang di negara ini berseterusan bersikap destruktif, saya percaya tidak ada satu kebaikan yang dilakukan oleh kerajaan akan disokong oleh mereka kerana usaha mereka hanyalah membangkang sahaja"
positive,menarik sokongan penduduk luar bandar yang terdiri daripada pelbagai kaum.
negative,persoal tujuan lawat kubur
negative,Jadi kalau bagi kumpulan tertentu nanti orang lain ambil kesempatan
negative,tahu memang sukar hendak mengasingkan kanak-kanak kerana memang sifat mereka suka bermain bersama-sama
positive,"Saya tandatangani kerana kita perlu ingatkan mereka yang kaya, wang tak boleh beli undang-undang"
positive,"Selain itu, Muslimat Pas juga ingin mencadangkan agar pihak pengusaha dan persatuan berbincang secara lebih mendalam berkenaan isu pelanggaran hak Muslim yang bekerja di hotel yang mengakibatkan polemik yang terjadi sebelum ini"
positive,"Tapi kejadian ini melibatkan keselamatan jalan raya, jadi MIROS akan terlibat"
negative,Puncanya tidak dapat dipastikan sama ada mereka kekurangan atau ketiadaan calon berwibawa yang berupaya membawa cabaran
positive,Kita perlu memastikan pasaran modal Malaysia kekal berdaya saing
positive,"Satu perkara yang tidak harus dikompromikan oleh orang Bumiputera Islam ialah asas perlembagaan iaitu Islam agama persekutuan, Bahasa Melayu bahasa kebangsaan, kedaulatan raja-raja Melayu, hak istimewa dan hak kerakyatan."
negative,Ia juga menambah beban pekerja pembersihan untuk membuang sampah yang tersangkut di jaring
positive,PBS juga akan bekerja keras untuk terus mempertahan kesemua 13 kerusi diperuntukkan kepada parti
negative,namun di pihak sana telah meletak batu pemisah dan berterusan membuat serangan dengan melabel kita dengan pelbagai gelaran
positive,Terdapat kumpulan Penyelidikan dan Pembangunan (R&D) bersama antara China dan Jerman yang membangunkan standard bagi pembuatan kepintaran
positive,Justeru saya putuskan untuk kekal di sini dan mendepani cabaran
negative,Kerajaan percaya Melayu akan sokong mereka kerana mereka kata Melayu ini mudah dibeli
positive,Ikatan akan bantu PAS dan calon-calon GS nanti.
positive,kelihatan sikap asean yang berasaskan konsep tidak campur tangan telah mengizinkan pemerintahan tentera di dua buah negara asean tanpa memberi komentar supaya perkara itu hanya untuk tempoh sementara
positive,Petronas telah dapat menjangkau dan berhubung dengan penonton kami dengan mesej yang memberi tumpuan kepada nilai-nilai sejagat yang boleh dikaitkan dengan kita semua
positive,Tetapi saya berpendapat lebih baik jika perdana menteri tidak pegang jawatan menteri kewangan
positive,"mungkin daripada segi dasar kerajaan mahu buat pengkhususan dalam aspek hukuman atau dalam aspek bayaran pampasan, itu semua kita kena kaji"
positive,Peguam juga yang kaya tetapi apa yang lebih penting kepada saya ialah membuktikan kepada mereka (pembangkang) bahawa kita boleh selesaikan segala isu berkaitan 1MDB ini
negative,Kita tidak nafikan pembinaan itu tidak mengikuti pelan aspek keselamatan bangunan yang ditetapkan
positive,"Ini berlaku walaupun sudah berulang kali saya katakan tiada satu sen pun dibayar kepada kontraktor, dan tiada seinci pun tanah diberikan untuk projek dasar laut itu"
positive,Itu bukan cara betul
positive,Tindakan pantas akan memberikan impak dan meningkatkan keyakina orang ramai kepada perkhidmatan polis
positive,berterima kasih kepada pihak yang menularkan video terbabit kerana dalam sehari produknya yang membantu menurunkan berat badan habis terjual
positive,Hari ini juga perdana menteri telah bersetuju untuk menaikkan kadar elaun kepada anggota bantuan bomba daripada RM6 kepada RM8 sejam. 
positive,Saya berpegang teguh kepada kenyataan awal saya berkenaan dengan hal ini.
positive,"Jika ada perbezaan, bincang secara dalaman"
negative,terdapat segelintir penyokong membantah keputusan pucuk kepemimpinan parti
negative,Tindakan Speaker tidak membenarkan usul dan soalan-soalan berkenaan skandal 1MDB dibentangkan atau ditanya memberi tanggapan bahawa beliau menjadi sekutu untuk menutup skandal rasuah
positive,"Selain itu, majikan yang disenarai hitam juga membabitkan mereka yang terbabit dalam apa juga jenayah yang tidak memungkinkan mereka mengambil pekerja asing lagi, bukan hanya terhad kepada pembantu rumah"
negative,Ini jelas menunjukkan mereka tak konsisten dan ia (dakwaan negatif) sengaja dicetuskan semata-mata untuk membangkitkan kemarahan masyarakat
negative,Tiada penguatkuasaan dijalankan untuk memastikan semua syarikat membayar gaji minimum
positive,"Kerajaan juga memberikan geran RM5,000 untuk mereka berhijrah kepada ‘e-hailing"
negative,Biasanya cuma janji saja tapi tak pernah buat pun
positive,ini sekali gus membuktikan malaysia berkembang pantas di rantau ini katanya
positive,Sesiapa (calon) yang tidak tersenarai pun buatlah kerja... Kita sudah lama bekerja dan kita berhak menang
positive,Tiada usaha sabotaj perlu dilakukan mana-mana pihak
positive,Beliau ada keinginan untuk membetulkan kesilapannya dan itu boleh dianggap caranya bertaubat
negative,"Apabila dokumen tidak sah, menyebabkan apabila kelahiran berlaku anak-anak tidak dapat didaftarkan. "
positive,Tapi sekarang saya nampak mereka yang kini menegur pelancong dahulu.
positive,"Sebelum nak suruh Kelantan berterima kasih kepada pusat, belajarlah berterima kasih dulu pada Kelantan"
positive,justeru dengan mengambil semangat tahun baru hijrah diharapkan bajet dapat merungkai pelbagai isu ekonomi berasaskan keseimbangan antara ekonomi modal dan ekonomi keperluan rakyat demi kesejahteraan semua pihak
negative,Ini tidak seharusnya berlaku
positive,"Tahun ini, lebih 4,500 institusi telah dinilai dalam 48 subjek dan lima Bidang Subjek Luas, menjadikan Ranking Subjek QS 2018 sebagai yang paling komprehensif."
positive,"Bagaimanapun, seperkara yang ditunjukkan penyokong PAS ialah mereka tidak begitu aktif memuat naik status mengenai parti itu di Facebook atau Twitter"
negative,Mana ada orang Arab yang terkenal di dunia dalam bidang profesional kerana bahasa Arab sendiri terbantut kemajuannya dalam bidang ilmu.
positive,Ia akan membantu melahirkan anak-anak murid yang bukan sahaja mempunyai kemahiran untuk berbicara di khalayak ramai tetapi juga berkeyakinan tinggi
positive,percaya dua menteri ini yang mempunyai latar belakang akademik yang seimbang dan boleh menjadi contoh pembinaan masyarakat Islam yang berkualiti dan terhormat di negara ini.
negative,Portal berkenaan disaman berikutan laporan yang diterbitkan­nya berhubung dakwaan penduduk Bukit Koman bahawa penggunaan bahan kimia mengandungi sianida bagi aktiviti perlombongan emas di kawasan itu telah menjejaskan kesihatan mereka.
positive,"Sebab itu kita perlu kerja lebih gigih bukan saja untuk menang kerusi DAP, tapi pada masa sama turut bantu rakan-rakan Harapan."
positive,"Bila kerajaan kita kuat, baru kita boleh meneruskan usaha membantu rakyat"
negative,"Orang Melayu yang tidak relevan macam beliau hidupnya umpama burung kakak tua, mengulangi apa yang diarahkan tuan mereka"
negative,kerajaan tidak lagi boleh diharapkan untuk melindungi mereka
negative,Peluang pekerjaan makin merosot sehingga ada kalangan mereka yang terlatih dalam bidang jurutera tiada kerja dan terpaksa jual nasi lemak
negative,"Semalam, kami dengar rampasan kapal layar Equanimity bernilai hampir RM1 bilion didakwa milik ahli perniagaan, Low Taek Jho, di mana jet Bombardier Global 5000 dia disita awal Februari lalu"
positive,"Sebagai ibu tunggal, kita memberi nilai tambahan kepada mereka yang memohon"
positive,Bagi saya masalah itu telah selesai
negative,kerap menghina Islam dan Melayu tetapi ghairah pula mengemis undi demi kuasa
negative,"orang sebegini dah boleh tembak tapi dalam parti, kena buang pembelot."
positive,Sebab itu pendidikan penting untuk meningkatkan kemahiran mereka
positive,"Justeru janganlah mendengar fitnah, janganlah percaya kepada tohmahan dan jangan terperdaya dengan hasutan yang pastinya akan dihambur dan bergentaya­ngan sepanjang kempen bermula pada malam ini"
positive,Itu yang saya mahu tunjukkan.
positive,menteri komunikasi dan multimedia datuk seri dr salleh said keruak berkata ekonomi negara telah bertambah baik untuk beberapa ketika dan ini tidak berlaku semalaman
negative,meniruskan fokusnya kepada 'ketidakadilan semula jadi' media asing terhadap kerajaan tetapi bersikap sebaliknya terhadap pembangkang.
negative,Ada anasir luar yang intai kita tapi apa penting ialah kita jaga rumah tangga kita.
positive,Jalan ke syurga bagi anak-anak Islam masa depan adalah dengan pencapaian cemerlang dalam semua bidang ilmu termasuk penguasan Bahasa Inggeris yang baik yang boleh meninggikan martabat orang Islam di negara sendiri.
negative,"Melalui wang ini kita akan membayar hutang…hasil diperoleh bukan membabitkan sehari dua, sebaliknya akan memakan masa lebih 10 tahun untuk menjana pendapatan daripada pembangunan jangka panjang terbabit."
positive,"Dalam sejarah perjuangan PAS, kita tidak pernah meminta campur tangan orang luar."
negative,"PH Johor terkejut dengan berita penangkapan Mazlan Aliman di kediamannya dekat Felda Sungai Ramun, Kulai 1.53 pagi tadi."
negative,Apa yang berlaku di bahagian dunia lain juga memberi kesan kepada Malaysia
negative,"Tetapi wujud pula parti kecik yang mahu bertanding di Kelantan, sedangkan parti tersebut tidak punyai ramai ahli"
negative,Ini bahaya dari segi keselamatan
negative,Tiada pengumuman terperinci tentang langkah seterusnya yang akan diambil Kajian itu terus terbenam bersama terbenamnya kerajaan
positive,"Kalau kita tidak bersalah, kenapa kena takut"
negative,memohon maaf susulan keterlanjuran katanya apabila membuat kenyataan bahawa mangsa tragedi Memali sebagai 'mati katak'.
negative,"Isu pesawat disabotaj, semua pihak berkaitan termasuk syarikat pemilik pesawat itu sudah memberi kenyataan bahawa tiada unsur sabotaj"
negative,"Tetapi apabila kita tubuhkan Malaysia, kita tidak menganggap Sabah dan Sarawak sebagai (rakan setara) tetapi seperti negeri yang sama taraf dengan Perlis, Kedah, Kelantan dan lain-lain"
positive,"Ini bermakna jika mahkamah dihadapkan dengan persoalan sama ada sesuatu akta itu bercanggah dengan Perlembagaan atau pun tidak, ia perlu ditentukan mahkamah itu sendiri"
positive,Soalan kami amat mudah untuk dijawab jika kita berada dalam kedudukan jujur serta baik. 
positive,Saya rasa dan percaya parti lain mungkin mempunyai perasaan yang sama
negative,"Kalau lihat barangan lain juga meningkat, hari ini kita lihat ramai mengeluh"
negative,kegagalan di pihak syarikat terbabit akan berdepan risiko tahap kepercayaan dan seterusnya sokongan orang ramai semakin terhakis
negative,Ini menjelaskan mengapa kumpulan itu tidak dapat menerima faedah daripada pertumbuhan pendapatan
positive,"Hari ini mereka mula terasa bahang tersebut, Pas mula ditolak kerana rakyat telah ada alternatif baharu. "
positive,"Lima kali tewas, calon Bebas guna logo pen tak serik"
negative,kedudukan mereka sebagai pihak yang mengkritik pastinya sangat popular dan mudah kerana secara lumrahnya manusia dengan mudah dapat melihat kelemahan dan kekurangan orang lain berbanding segala kebaikan dan manfaat yang telah dicurahkan kepada rakyat.
negative,a melanggar Akta Perlindungan Data Peribadi 2010.
positive,Sebab itulah saya sangat bersimpati dengan anak perempuan Anwar dengan apa yang terjadi pada 1998.
negative,mendakwa menggunakan taktik kotor dengan memaksan penerima bantuan kerajaan supaya bersumpah untuk mengundi calon
negative,"Mereka (pembangkang) sangat suka berkata ‘sue me’ atau ‘samanlah saya’ tetapi apabila mereka disaman, mereka akan gunakan pelbagai alasan seperti peguam mereka sakit, dokumen mereka tidak ada, dan macam-macam alasan untuk melambatkan perbicaraan"
negative,Usia jadi penghalang bawa pembangunan di Langkawi
positive,Kita ada agenda yang penuh namun ia turut menjadi peluang untuk memperluas kepentingan bersama kita
negative,"Ini amat mendukacitakan kerana Selangor satu-satunya negeri yang belum melakukan IBR namun, kita tidak putus harap dengan kerajaan negeri untuk mendapatkan tarikh sesuai bagi IBR itu"
negative,Terlalu banyak pembalakan sekarang ini.
positive,Beliau menyambut baik dan akan membuat kenyataan bagi menyokong tuntutan terbabit dalam satu kenyataan dalam tempoh terdekat dan kami rasa terharu dengan sokongan yang diberikan
positive,"Pertubuhan Makanan dan Pertanian, sebuah agensi Pertubuhan Bangsa-Bangsa Bersatu, menjangka pada tahun 2050 penduduk dunia akan mencecah 9.1 bilion orang dan untuk menepati permintaan, pengeluaran makanan perlu ditingkatkan sebanyak 70 peratus."
negative,"PROTON beri tawaran tanpa perkiraan yang wajar, sekarang tak berapa kena"
positive,"Apabila PRU hampir menjelang tiba, kerajaan pun terus umum bina sekolah rendah Cina"
positive,membincangkan usaha menambah peruntukan bagi mengembangkan industri ternakan 
positive,beberapa penganalisis politik percaya parti gabungan itu mempunyai peluang yang baik untuk merampas sembilan daripada kerusi yang disandang pembangkang melalui pilihan raya umum lepas
positive,"bila semua aspek kewangan dalam 1MDB diselesaikan, memang 1MDB tidak mempunyai fungsi lagi, jadi wajar ia ditutup."
positive,Usaha kerajaan mendorong lebih banyak pelaburan swasta dalam meletak atur fiber baru-baru ini adalah bagi  mencapai matlamat negara untuk meningkatkan kelajuan jalur lebar dan menurunkan harga
positive,"Mulai 1 Julai 2016, gaji permulaan terendah pegawai bomba dan penyelamat telah dinaikkan dari RM936 kepada RM1,360 iaitu peningkatan 45.3 peratus."
negative,Kami mendapati terdapat sejumlah besar pekerja dengan diploma dan ke atas tetapi bekerja dalam jawatan perkeranian.
positive,Mereka perlukan idea baru yang lebih segar dan baru.
positive,"Ada kajian mendapati, Cameron Highlands kini menyumbang kira-kira RM5 bilion kepada KDNK"
positive,"Jadi bayangkan, akhirnya kalau semua rakyat ini memikirkan kalau bawa beg plastik dapat 20 sen."
positive,Pemikiran masyarakat nelayan sekarang lebih matang yang boleh memikirkan yang mana benar dan yang baik untuk mereka.
positive,"Ubat generik ini memberi makna besar kepada negara dan pesakit kerana ia boleh membunuh virus, pada masa sama menghalang ia daripada menjangkiti orang lain"
positive,"Ini hanya baru permulaan bagi lebih banyak potensi kerjasama, ketika e-dagang sedang pesat membangun"
positive,"Kalau nak dibandingkan dengan PRU yang lepas, kali ini jauh lebih bersedia untuk kita menghadapi PRU-14"
positive,"Bagi pembukaan KRIM 2.0 ini, kita akan meneruskan kerjasama dengan syarikat peruncitan KK Mart sebagai rakan strategik untuk menyalurkan barangan pada harga yang murah selain turut mempelawa penyertaan lebih ramai pembekal bagi memastikan bekalan sentiasa mencukupi"
negative,Pembangkang tidak boleh berikan anda hak anda bawah Perjanjian Malaysia 1963 tetapi kami sedia menyerahkan hak yang mungkin secara tidak sengaja terambil daripada kerajaan negeri.
negative,Saya fikir dia akan dipenjara
positive,Kita sudah lengkapkan siasatan dan tindakan lanjut kita serahkan pada peguam negara
positive,"Perdana Menteri pada Julai tahun lalu umum 94,000 peneroka bersama FELDA tetapi dalam tempoh enam bulan sahaja iaitu sehingga Januari lalu, 11,000 lagi peneroka kembali bersama FELDA menjadikan keseluruhan seramai 105,000"
positive,Bayaran hibah sebanyak 6.25 peratus ini akan memberi manfaat kepada 93 peratus atau 8.7 juta pendeposit yang belum menunaikan ibadat haji
positive,Sokongan pengundi ini sangat baik kerana kita sendiri dapat lihat penglibatan mereka menerusi program atau aktiviti yang diadakan.
negative,Manifesto PAS saya baca sekali sahaja saya tahu dah retorik sahaja. 
positive,"Akses bebas tarif ke pasaran serantau, kos operasi rendah dan insentif cukai adalah antara tawaran menarik yang menarik pelabur-pelabur ini"
positive,Kawasan bandar yang majoriti Melayu pula Pas mungkin ada peluang.
positive,"Ternyata sekali, apa juga kebimbangan kita seperti berlaku di masa-masa lampau seperti Ops Lalang tidak akan berulang lagi"
positive,asean ditubuhkan untuk melahirkan satu rantau yang aman dan stabil
negative,“Tempoh hutang itu diselesaikan bergantung kepada projek-projek yang dilaksanakan sekarang untuk mewujudkan sumber kewangan sebab kita dah lakukan kesilapan. 
positive,Jadi mereka (Mavcom) sedang merangka kajian tersebut untuk bekerjasama dengan pihak industri untuk mengurangkan kadar keuntungan yang mungkin kita akan turunkan kepada kadar sewajarnya
positive,"Saya rasa, bukan Datuk Mufti yang ucapkan (kata-kata itu)"
positive,Dia (Wan Ahmad Najmuddin) tidak dibuktikan bersalah dan kenapa kita perlu hukum dia.
positive,"Dengan mana-mana parti baru, akan ada masalah tetapi kami patuhi"
positive,"Oleh itu, kita harus berbangga kerana berada di dalam sebuah parti yang berjiwa rakyat, membantu rakyat dan berhidmat untuk rakyat"
positive,Pihak kami memandang serius isu ketirisan dan penyalahgunaan data peribadi susulan daripada beberapa kejadian yang telah berlaku baru-baru ini.
positive,apa pun ketika ini mereka yang dikenali sebagai cybertrooper atau tentera siber pastinya mahu memenangkan pemimpin masing-masing sehingga ada yang memainkan persepsi sebagai bahan untuk mereka berlawan antara satu sama lain
negative,"Dalam PKR misalnya, kumpulan yang menyokong timbalan presiden PKR merangkap Menteri Besar Selangor Datuk Seri Azmin Ali tak berminat sangat"
negative,Pelbagai isu sengaja dibangkitkan oleh pihak tertentu untuk menimbulkan kegusaran dan kemarahan di kalangan rakyat kepada kerajaan.
positive,fakta ini begitu jelas dan tidak dipertikaikan oleh pelabur teknokrat dan usahawan amerika syarikat kata kementerian kewangan menjawab soalan datuk raime unggi bn-tenom
negative,Ini benar-benar menjadi salah satu krisis kemanusiaan paling hebat pada zaman ini
negative,"Ramai orang kita, walaupun dalam perkhidmatan awam, tidak boleh menulis surat ringkas"
positive,Kita juga menawarkan pusat rawatan ini berdaftar dengan AADK untuk pemantauan dan bantuan kewangan bagi menjalankan program bersesuaian
positive,"Negara kita (jika) terus dipimpin oleh kerajaan BN, impian orang muda akan dapat kita penuhi"
negative,"Ini tidak pernah berlaku dalam sejarah negara ini,"
positive,"Untuk mengetahui lebih, kamu perlu membaca, menulis, berani mengemukakan pandangan kepada umum"
positive,Faham atau tidak biar rakyat yang menghukum
positive,Selain menyampaikan sumbangan kita cuba berkongsi masalah dan cuba membantu pesakit mendapatkan rawatan yang sewajarnya
positive,Ini membuktikan negara kita memiliki infrastruktur dan transformasi digital yang semakin maju membabitkan sektor perbankan dan teknologi
positive,"Pelajar kita, komuniti kita, institusi pendidikan, kebudayaan dan sukan kita juga saling terlibat dan belajar daripada satu sama lain bagi manfaat bersama"
positive,Masyarakat Malaysia perlu mempunyai kesedaran tinggi terhadap golongan autisme supaya dapat membezakan karakter golongan itu dengan seorang individu normal.
positive,Prestasi dan kejayaan PNB adalah satu kebanggaan kepada seluruh rakyat Malaysia.
positive,"Sehingga kini kita telah berjaya menarik pelabur ke TRX seperti HSBC Bank Malaysia Bhd yang bakal membina ibu pejabat terbesar di Asia Tenggara selain Prudential, Affin Bank Berhad, Lembaga Tabung Haji dan banyak lagi"
negative,pernah tampil menyatakan rasa kurang senang dan sedih dengan keputusan bertanding tanpa menggunakan logo roket.
positive,terutamanya tatkala pendapatan kerajaan melalui sektor minyak semakin berkurangan
negative,"Saya fikir balik memang rasa bersalah, menyesal kerana saya dah mula faham kerana ketika dalam Umno, DAP ini (dijadikan) ‘bogeyman"
positive,"Saya tak marah mereka, cuma buat kenyataan sebagai sebahagian daripada parti komponen BN. "
positive,"Walaupun kita tidak menunjukkan prestasi yang baik pada pilihan raya umum yang lepas apabila kita hanya mempunyai tujuh kerusi ketika itu, tetapi pada masa yang sama anda dapat melihat kita mempunyai potensi untuk memperbaiki pencapaian,"
positive,masyarakat diharapkan lebih bijak dalam memanfaatkan media sosial
negative,"Tapi berlaku salah faham… bila sebut ketum  sahaja, ingat minum ketum."
negative,susulan sokongan masing-masing terhadap pembangkang dan mengeluarkan kenyataan menghentam parti.
positive,"Kita yakin dua calon ini akan bekerjasama untuk menghadapi PRU nanti,"
positive,"mengharapkan penjawat awam yang sudah mendaftar sebagai pemilih, melaksanakan tanggungjawab mereka dengan sebaiknya"
negative,"Walaupun tindakan ini membawa hasil yang positif, ia masih tidak berjaya menangani kemerosotan jualan dan penguasaan pasaran di Malaysia serta seberang laut."
negative,"Tidak mustahil dalam lima hingga enam bulan ini, vendor-vendor bumiputera Proton pula yang akan ‘mati’, bisnes tutup tak boleh berniaga"
positive,"sambil mengakui agak sukar untuk melakukan itu pada mulanya, tetapi jadi mudah selepas beberapa ketika."
negative,Sepatutnya orang tepuk tangan sokong saya tapi sebaliknya. Itu tak betul
negative,"Anak-anak kita menjadi bahan uji kaji dan akhirnya tubuh mereka lebih awal bongkok sebelum usia kerana beban yang dibawa, bukan sekadar beban pemikiran, tetapi beban buku yang membongkokkan mereka."
positive,Bukan untuk menghalang kami membuat penelitian untuk menjadikan ia sebagai perbahasan nanti. 
positive,"Difahamkan, mereka akan datang dalam tempoh terdekat untuk meninjau dan mengambil tindakan sewajarnya bagi mengelak kejadian berulang"
positive,"Kita tidak boleh tunggu sehingga insiden yang tidak diingini berlaku baru mahu bertindak, kerana individu yang mengalami masalah mental boleh mengundang pelbagai risiko terhadap orang di sekelilingnya"
positive,Mungkin ada nada dan tafsiran berbeza dari pihak Singapura dan kita (Malaysia) akan memberi penjelasan sewajarnya kerana cadangan ini untuk mempercepatkan perjalanan keluar dan masuk sama ada di Malaysia atau di Singapura
negative,"Jika Amini sendiri berhujah atas jalur rasis, mana nak betul-betul integrasi dalam kepelbagaian"
positive,"Pada saya, keperibadian Tok Mat itu boleh menambat hati rakyat."
positive,Kita yakin pengundi Permatang Pauh akan terus beri sokongan pada PKR
negative,menyokong kempen undi rosak adalah kerana dipengaruhi sentimen parti pembangkang yang disertainya ketika ini.
negative,Tukar calon saat akhir gara-gara 'skandal'
positive,bahangnya sudah mula terasa apabila mereka yang berhasrat untuk bertanding berusaha sedaya upaya memenangi kerusi yang diidamkan.
negative,"Kepada calon-calon yang ada niat seum­pa­ma itu lupakanlah sahaja, politik cara ini sudah tidak laku dan ketinggalan zaman."
negative,amat lantang dan langsung tidak berselindung dalam menyatakan pandangannya mengenai cara media asing membuat liputan Pilihan Raya Umum
positive,Jadi ia tidak ada kaitan dengan pilihan raya
positive,"Saya amat berharap spekulasi, andaian yang bukan-bukan tidak dibuat berhubung perkara yang amat sensitif ini"
negative,"Dari dulu sampai la, lot ladang dan juga rumah peneroka belum lagi menjadi hak milik kami."
positive,"Kepada warga peneroka dan generasi baharu Felda, ayuhlah kita bersatu dan berpadu kerana sesungguhnya Felda ini benteng kita, Felda ini legasi kita dan semestinya Felda inilah maruah dan tanggungjawab kita bersama"
positive,"Saya nak lihat kakitangan melakukan tugas dengan tiada ketirisan berlaku, mencapai KPI yang ditetapkan dan mematuhi peraturan dengan penuh integriti"
positive,Saya menggesa netizen menghentikan penyebaran berita palsu ini dan agar masyarakat tidak mempercayai sewenang-wenangnya berita palsu dan fitnah tanpa menyemak dengan sumber sahih
positive,berbangga dapat berkenalan dan menjalin hubungan dengan masyarakat pelbagai kaum.
positive,"Buat masa ini, pasaran  saham global mengalami pembetulan yang besar dan perolehan bon di AS juga meningkat  disebabkan kenaikan kadar faedah Rizab Persekutuan AS, yang dijangka berlaku lebih dari tiga kali tahun ini,"
negative,"Mereka yang berjuang demi rakyat dan keadilan dizalimi, manakala mereka yang menghabiskan wang rakyat terus bebas dan langsung tidak dikenakan apa-apa tindakan"
positive,"Cuma ada penyelenggaraan yang dijadualkan, sudah tentu kita perlu selenggara kemudahan kita."
positive,"Ini kerana peranan kami adalah mendengar, 'mengutip' masalah dan diangkat ke peringkat atasan untuk membantu rakyat selain memberi penerangan dan penjelasan dasar dan program kerajaan"
positive,Saya melahirkan rasa kagum dengan sikapnya
positive,"Sebab itu kalau dikira dari segi bilangannya, ia satu proses yang berterusan untuk didaftar kerana ada dalam kalangan mereka masih belum memahami kerana mereka boleh memanfaatkan ‘e-hailing’ ini"
negative,"Ia bukan lagi Umno, ia adalah parti Najib, dia telah merampasnya"
negative,Itu yang terjadi apabila seseorang yang ambil dadah campuran ini yang mana mempunyai dos yang sangat tinggi lalu menyebabkan mereka berkelakuan berbeza daripada orang lain dan di luar jangkaan
positive,"Sebagai rakyat, kita sepatutnya berbahagia dengan nikmat keamanan ini"
negative,"(Kenapa) timbalan perdana menteri bersandar kepada aduan, sama ada aduan itu kredible atau tidak, terpulang kepada ROS untuk tafsir"
positive,Orang ramai dinasihatkan agar sentiasa waspada serta berhati-hati dan menyemak kesahihan tawaran-tawaran seperti ini dengan menghubungi pihak kementerian atau jabatan berkaitan melalui saluran komunikasi rasmi
positive,"Apa yang diumumkan, mereka (pembangkang) kata semuanya ‘dedak’ tetapi mereka perlu sedar apa yang diumumkan oleh Datuk Seri Najib itu adalah atas kapasiti beliau sebagai Perdana Menteri"
negative,Kerajaan Myanmar cuba mengalih fokus dunia kepada persetujuan penghantaran balik pelarian dari Bangladesh ke negara itu namun isu utama yang tidak mahu diberi perhatian ialah mengenai jenayah genosid serta pemusnahan perkampungan Rohingya secara berterusan berlaku sehingga kini
positive,"Walaupun menyedari kemungkinan wacana ini akan menjadi berat sebelah, saya bagaimanapun memilih untuk hadir bagi membolehkan saya mengemukakan beberapa fakta alternatif mengenai kemampuan Tun Dr Mahathir ini"
negative,pembangkang hanya menabur fitnah
negative,"Aset bukan barangan, barangan milik kami, kos operasi juga milik kami, harga kami, kerugian kami, kos logistik tidak ada, saya kerugian sebanyak RM100 juta"
positive,Latihan dan pembangunan usahawan masa depan ini kami mulakan daripada usia muda
positive,"Tidak mengapa, ada ubi ada batas"
negative,"Apa yang kita lihat hari ini adalah perasaan campur baur, gembira dan sedih"
positive,"telah menghalang percubaan beberapa menteri untuk ""memberi ganjaran"" kepada penyokong politik mereka dengan menawarkan mereka jawatan tertentu"
positive,"Kita telah mengenal pasti 6 atau 7 rumah yang dibeli atas nama suspek dan ahli keluarga masing-masing di Sabah, Kuala Lumpur dan Johor dengan jumlah nilai RM2.7 juta"
negative,Tidak mustahil ia juga akan jadi ikutan kepada orang lain untuk menghina bangsa lain pula untuk dijadikan alat bagi mempopularkan diri mereka
positive,"Akhirnya pada hari ini, saya cukup puas hati dengan tindakan yang dilakukan MCA."
negative,"Malah, saya difahamkan oleh ahli PPBM yang pergi ke pejabat ROS untuk bertanya hal ini bahawa mereka dimaklumkan ada dokumen berkaitan PPBM hilang"
negative,walaupun demikian tatkala itu hal ini kurang mendapat perhatian disebabkan perhatian pihak pembuat dasar lebih mengutamakan hal-hal seperti perkembangan industri getah kelapa sawit dan keperluan asas sahaja seperti pembangunan projek kecilan di luar bandar
negative,"Kanak-kanak dilihat tidak seperti pekerja seks dewasa yang banyak kali mengadakan hubungan seks,"
negative,Tetapi tidak dibayar sepenuhnya.
positive,"Ketika saya perdana menteri, Bank Negara beberapa kali berkembang secara fizikal"
positive,Ia dapat dilihat berdasarkan kepada sambutan orang ramai terhadap perancangan pembangunan di kawasan penempatan mereka dan ia jelas menunjukkan apa juga yang telah dilaksanakan sebelum ini diterima.
negative,Takkan dia tak tahu?
positive,"Secara asasnya, dua pertiga pengguna media sosial di Johor tidak menunjukkan minat terhadap Dr Mahathir di halaman dan paparan Facebook disukai mereka"
positive,"Walaupun asasnya sama dalam semua demokrasi, dalam konteks aplikasinya ia hendaklah berbeza antara negara disebabkan setiap negara mempunyai citra ketatanegaraan dan cita-cita sebagaimana yang ditetapkan dalam perlembagaan mereka sendiri."
positive,"Mungkin itu adalah apa yang Mahathir sedang lakukan, beliau rasa perlu bertanggungjawab"
positive,"Saya berjanji kepada diri saya, PDRM akan berada di barisan hadapan sekiranya ada yang menjual perlawanan terutamanya bookie yang campur tangan dan mengaut keuntungan bagi poket sendiri"
negative,"Tanpa tindakan undang-undang, maruah negara dan pemimpin akan terus tercemar"
negative,berhadapan beberapa kekangan termasuk usia dan kekuatan parti baharunya dalam usaha membangunkan Langkawi seperti dinyatakan di dalam kempen Pilihan Raya Umum
positive,"Berdasarkan nisbah keseluruhan murid, ia masih terkawal dan segala tindakan yang dilakukan termasuk mewujudkan Pegawai Perhubungan Sekolah (PPS) hanyalah untuk memperbaiki keadaan"
positive,semakin mendapat perhatian terutama daripada golongan yang sentiasa mahu mengikuti perkembangan terkini
positive,Mana ada negara Islam lebih baik daripada Malaysia dalam kebebasan bersuara rakyatnya
negative,beberapa calon gabungan parti pembangkang hilang kelayakan bertanding
negative,juga didakwa atas kesalahan melarikan diri daripada tahanan polis ketika dibawa Mahkamah Majistret
positive,Perjumpaan malam ini (semalam) bukan arahan dari kepimpinan bahagian sebaliknya kami ambil inisiatif sendiri untuk berkumpul dan menyatakan dan hasrat  supaya Umno kekal di Kuantan.
positive,Pilihan raya yang bebas dan adil atau tanpanya merupakan faktor integrasi hak asasi manusia
positive,"Oleh kerana speaker tidak benarkan kami untuk bertanyakan soalan di Parlimen, kami cadangkan supaya beliau menjawab soalan-soalan kami."
positive,"Geran saya pegang, Felda pegang"
positive,Program anjuran Barisan Nasional (BN) Kota Belud itu juga membuktikan keprihatinan parti tersebut dalam membantu mengurangkan kos sara hidup dan beban rakyat terutama dalam soal barang keperluan asas
positive,Biasanya bantuan disalurkan kepada sekolah berdaftar
negative,"menjalankan tugas-tugas timbalan presiden, berkata tindakan tegas perlu diambil kerana kumpulan itu telah mengkhianati parti."
positive,"Kita ada ramai penagih dadah, mungkin kita boleh guna ketum untuk rawat mereka"
negative,"Atas pagar, tak mahu mengundi"
positive,"Kami menggesa pihak berkuasa terlibat iaitu Polis Diraja Malaysia (PDRM), Suruhanjaya Komunikasi dan Multimedia Malaysia (SKMM), Suruhanjaya Pencegahan Rasuah Malaysia (SPRM) dan Kementerian Luar mengambil tindakan tegas ke atas Namewee supaya tidak berulang lagi"
positive,"Saya fikir kalau kita satu masa menentang BN gunakan pelajar sekolah, kita kena konsisten."
negative,"Menurut statistik yang dikeluarkan Trading Economics menunjukkan, hutang rakyat Malaysia adalah 84.6 peratus berbanding KDNK iaitu RM1.144 trilion"
positive,untuk tidak terlibat dalam pasukan pendakwaan kerajaan terhadap Najib.
positive,ebab itulah negara demokrasi sebenar menetapkan peraturan ketat berkaitan sumbangan badan korporat kepada parti politik
negative,bukan saya yang mahu meninggalkan pasukan itu sebaliknya mereka yang menggugurkan saya tanpa alasan yang kukuh.
positive,Kita berharap semua agensi dan jabatan persekutuan di Sabah juga berbuat demikian ke arah melengkapkan atau menjadikan semua jabatan dan agensi menandatangani IBR
negative,seterusnya asean sudah mengizinkan rantau ini menjadi pentas persaingan kuasa besar dalam pertikaian wilayah dan maritim di laut china selatan
negative,"Kenapa di Malaysia yang mana segala-gala masalah berpunca di sini, satu tindakan tidak diambil? "
positive,Pola pengundi kini lebih ke arah melihat kepada kehidupan rakyat ketika ini
positive,Cuma apa yang kita harapkan ia tidak menjadi isu kepada BN pada saat akhir kerana persiapan yang dibuat sudah cukup cantik
positive,menegaskan supaya anak muda untuk keluar mengundi calon berwibawa bagi membela nasib dan kebajikan rakyat.
positive,"Tetapi, apabila sudah biasa, rasa seronok"
positive,asean perlu bangkit bersama untuk mengiktiraf kebenaran yang sedang berlaku di myanmar dan mencari jalan penyelesaian yang adil dan saksama
positive,Kerajaan membentuk program khusus bersama dengan industri di peringkat  R&D
negative,"Saya nak tanya, mereka ini nak lumpuhkan Bersatu bagi manfaat pihak mana dan siapa yang untung dalam hal ini?"
negative,tiada bukti saintifik menunjukkan media sosial menjejaskan kesihatan mental
positive,dinasihatkan supaya lebih mengutamakan perkara wajib berbanding sunat dalam amalannya.
negative,individu bertanggungjawab atas pernyataan media baru-baru ini oleh pasukan polis negara yang berkaitan tentang berita mengenai Macau adalah tidak sejajar dengan fakta.
positive,"tidak mahu lagi panggil rumah murah, barang kali boleh panggil rumah rakyat ceria atau 'council home'."
positive,PPM bersetuju supaya laporan penuh pelaksanaan pemilihan semula tersebut disimpan oleh firma Grant Thornton mengikut tempoh masa wajar sepertimana keperluan perlembagaan Parti
positive,Ini adalah kerana pendidikan tidak patut ada elemen rasis
positive,Gerakan mereka mula berkembang dan berpegang dengan hak undang-undang
positive,"penduduk kampung boleh menumpukan kepada pilihan raya umum ke-14 (PRU14) yang akan berlangsung bulan depan, dengan aktiviti menggantung bendera dan sebagainya. "
negative,"Di Malaysia, ia digunakan untuk menghilangkan (berita) rasuah."
positive,Dakwaan itu tidak tepat dan isu itu sengaja digunakan sebagai permainan politik parti pembangkang
negative,"Sekiranya dia terlibat dalam kerja-kerja pengintipan semasa PRU13, dia mungkin akan menutup mulutnya dan tidak mengatakan dia telah melakukannya untuk Mukhriz Mahathir."
positive,"Bersatu masih menanti panggilan ROS, dan kami bersedia dan akur dengan cadangan yang bakal dikemukakan ROS jika terdapat sebarang masalah"
positive,Keperluan kumpulan individu dengan kemahiran dan keupayaan berkaitan adalah penting untuk menyokong dan melaksanakan apa yang dirancang kementerian
positive,Ini bukan lagi  masa kita untuk melobi menjadi calon... era itu sudah berubah. 
positive,Pengiktirafan Amerika Syarikat adalah bukti bahawa kita berada di landasan yang betul
negative,Ada konon seorang hamba Allah itu cakap saya tak hormat hak asasi
positive,Inisiatif yang dibangunkan dengan peruntukan kerajaan sebanyak RM100 juta ini membolehkan penduduk menikmati manfaat 
positive,"Sejajar usaha meningkatkan peluang pekerjaan dalam kalangan masyarakat India, SEDIC sudah mengadakan perbincangan dengan beberapa agensi kerajaan."
positive,"Antara langkah kita selalu tekankan kepada kakitangan, ialah memadamkan sumber oksigen dan hentikan bekalan elektrik bagi mengelakkan risiko lebih teruk daripada berlaku"
positive,Kita tidak boleh ambil ringan isu kemalangan jalan raya sebab itu disarankan semua agensi kerajaan tubuh unit keselamatan jalan raya supaya mereka boleh ingatkan satu sama lain dan bantu rakyat adakan kempen kesedaran
negative,"Misalnya hasil kerja tangan BN telah mengakibatkan pembaziran wang negara, kecurian, rasuah, kenaikan kos sara hidup akibat GST dan kejatuhan nilai mata wang"
negative,Pada saya ini cuma alasan
negative,Yang didakwa ialah pemberi maklumat
negative,Kementerian Dalam Negeri telah mula menghantar pegawai dan anggota polis ke beberapa kawasan panas yang mana pergaduhan dan kekacauan dijangka tercetus semasa PRU-14.
negative,"Aduan itu tak pernah sampai kepada pejabat Bersatu, mereka hanya adu pada ROS"
positive,"Umur tidak menggambarkan apa-apa, yang paling utama calon kita ini boleh buat kerja dan sentiasa ada dekat dengan rakyat"
positive,Kita akan pantau perjalanan perusahaan peserta yang dibantu dari semasa ke semasa hingga mereka mampu stabil dan menjana pendapatan lebih baik.
positive,"Bakat ini bukan sahaja harus berpengetahuan, tetapi juga mampu membezakan mana yang betul dan salah, untuk menjalankan kajian mengenai sains bagi menambah baik kesejahteraan masyarakat dan bukan untuk keuntungan peribadi"
negative,"Saya perasan beberapa projek dilaksanakan di tempat yang salah, dan harganya bagi saya bukan betul-betul murah"
negative,"(Tuduhan) Melayu akan hilang, azan tak berkumandang (dan seumpamanya)."
positive,Tiada apa yang boleh menidakkan kita kalau kita bersatu.
positive,"Apa pun kita serah kepada Perdana Menteri untuk buat keputusan, kita MCA dalaman memang sudah berbincang"
positive,"Mungkin saya bukan pakar ekonomi tetapi kita membawa bersama pakar ekonomi dan mereka mendapat penjelasan, orang yang mengadu (di kalangan pembangkang lain) ini tak dapat penjelasan."
positive,lebih terbuka dan matang untuk membezakan mana yang intan dan mana yang kaca
negative,diingat tak main 'politik kotor'
positive,"Malah, ada sesetengah sekolah luar bandar didapati menunjukkan prestasi lebih baik berbanding sekolah bandar seperti di Bagan Datuk, apatah lagi jika peralatan (komputer) digunakan, pasti prestasi pada masa depan lebih cemerlang"
negative,Beliau berharap agar para penyokong bagi calon-calon yang bertanding dalam PRU14 menjaga perlakuan dan sentiasa bersabar bagi memastikan proses penamaan calon berjalan lancar tanpa sebarang provokasi
negative,berkata beliau tidak mahu sebarang masalah dalaman yang boleh menjejaskan peluang untuk memenangi Pilihan Raya Umum
negative,setiap kali bertemu mulalah bertengkar disebabkan hal-hal politik
positive,"Jadi saya akan bermula dengan ucapan jutaan terima kasih , penghargaan tan sri dipertua, dan kepada datuk seri-datuk seri, timbalan-timbalan dipertua yang selalu memberi ruang dan pertimbangan yang sebaiknya kepada saya untk berhujah. "
positive,GANT1 dan seluruh rakyat Malaysia percaya bahawa ruang-ruang keadilan masih ada dalam sistem kehakiman untuk bertindak sebagai benteng terakhir menyelamatkan wang negara daripada terus diseleweng oleh kleptokrat terburuk dunia
positive,"Umno parti Melayu, kerajaan ini satu-satunya kerajaan Melayu di atas muka bumi ini, yang diperintah oleh marhaen Melayu, tiada lain di dunia, kenapa perlu diruntuhkan demi kepentingan peribadi, saya tak setuju"
negative,peguamnya sudah diarah mengambil tindakan selanjutnya selepas tempoh yang diberi supaya beliau menarik balik tuduhan jahat itu tidak diendahkan.
negative,penjawat awam perlu mengelak perbuatan seperti merakam gambar kertas undi dan menyebarkannya di media sosial kerana ia maklumat sulit yang tidak sepatutnya disebarkan.
positive,Ini bagi mengesan sama ada kad pengenalan yang digunakan itu palsu atau tidak.
positive,"Sejak zaman pemerintahan Penjaga Dua Kota Suci Raja Abdulaziz Al Saud, tidak pernah ada pihak bersaing dengan Arab Saudi dalam pengurusan Haramain ini."
negative,"Kalau tidak ‘disunting’ sehingga hari mengundi, maka berputih mata dan bersedialah untuk hilang wang pertaruhan"
negative,Sikap double standard ini memperlihatkan kerajaan tidak serius membela nasib umat Islam di Palestin khasnya Baitulmaqdis yang telah diisytiharkan oleh Presiden Amerika sebagai ibu negara haram Israel
positive,calon wanita juga mempunyai kelayakan kerana telah melalui saringan yang ketat daripada senarai calon berpotensi lelaki dan perempuan.
negative,Jabatan Kehakiman (DOJ) Amerika Syarikat sebelum ini juga turut mendakwa pelbagai aset mewah dibeli menggunakan wang dicuri daripada 1MDB berjumlah AS$540 juta
negative,"Pada Februari, Felda meminta untuk kaveat di tanah itu tetapi kami tidak berjaya dan ditolak oleh PTG"
positive,tiada yang berhak menentukan pendirian seseorang untuk memilih sesiapa pemimpin seterusnya.
negative,"Tidak sepatutnya bekas Perdana Menteri mengeluarkan kata-kata begitu, kita ahli UMNO pernah bersamanya semasa zaman beliau berhadapan pelbagai tohmahan."
positive,"Tidak kira sesiapa sahaja yang terpilih kelak untuk bertanding di Parlimen Kuala Selangor dan ketiga-tiga Dun berkenaan, kita janji akan beri perkhidmatan terbaik untuk seluruh rakyat di Kuala Selangor"
negative,Kalau ada pun cuma dibagi pada kalangan mereka
negative,Mereka bukan seorang tetapi ada anak dan isteri yang turut terabai dan ikut jejak mereka
positive,Kita juga mempunyai rekod yang baik dalam pengurusan dengan menggunakan kepakaran tempatan
positive,Kadar Cukai Barangan dan Perkhidmatan (GST) negara sebanyak enam peratus merupakan kadar paling rendah berbanding kadar GST yang dikenakan negara lain
positive,Kita tidak akan berkompromi dengan sikap pegawai seperti itu yang menjejaskan imej JPJ dan kementerian pengangkutan
positive,Kisah kejayaan AirAsia adalah baik untuk Malaysia dan menyumbang kepada peningkatan taraf hidup yang disasarkan perdana menteri
positive,selepas menerima pelbagai bantuan kerajaan sehingga berjaya mereka ini menyarankan agar golongan sasaran yang miskin ini tidak dibantu wajarkah realitinya kerajaan tidak boleh sesekali mengabaikan bantuan kepada mereka yang miskin dan kategori btidakkah kita mengetahui begitu ramai rakyat malaysia yang berlatarbelakangkan keluarga miskin telah dibantu sejak tahun -an lagi sehingga berjaya keluar daripada kepompong kemiskinan
positive,Usaha ini secara tidak langsung mengurangkan kebergantungan kepada pihak polis terutama dalam keadaan hanya untuk mencegah jenayah daripada berlaku
positive,“Kestabilan politik yang kita nikmati sekarang mesti dikekalkan agar kita boleh bawa lebih banyak kemajuan kepada negeri ini dan pastikan semua program yang sedang berjalan dan dirancang diteruskan dengan lancar
negative,"Saya juga sangat tahu bahawa moderator, Nazri Kahar, adalah seorang penyanjung Tun Dr Mahathir dan pengkritik Datuk Seri Najib, dan ini terbukti dari soalan yang diberikan sejam sebelum wacana bermula yang meminta dibandingkan tokoh muda yang penuh korupsi dengan tokoh tua yang penuh inovasi"
positive,Saya bersedia menggalas tanggungjawab ini bersama beliau (Budiman). 
positive,"Sebelum ini, Datuk Seri Azalina (Menteri di Jabatan Perdana Menteri) telah mengumumkan bahawa kerajaan akan mengubal sebuah akta bagi membendung berita palsu"
positive,"Sepatutnya tak payah fikir politik kalau sudah tua bangka, nak dekat mati ini"
positive,Itu inisiatif saya
negative,nak suruh saya makan pasir?
positive,"Malaysia telah menjadi negara satu parti selama berdekad-dekad, memberi kuasa kepada Umno melakukan persempadanan pilihan raya, dijuarai sekumpulan korporat dan jentera bagi menjana sokongan besar-besaran"
negative,Mat Bashah dah boleh bersedia ‘pack’ barang-barang dia untuk kita Bersatu ambil alih Kedah
positive,Pelajar perlu rebut peluang ada dan NGO Antarabangsa akan mempertimbangkan menaja mereka yang berjaya
positive,"para ibu dan pengendali tadika perlu membersihkan alat permainan, tandas dan kain lampin yang telah digunakan oleh bayi atau anak-anak mereka bagi mengelak penyakit itu daripada merebak"
positive,dalam jawapan parlimen bertarikh november kementerian kewangan juga menyatakan isu mdb tidak memberi kesan kepada kemasukan pelaburan langsung asing fdi dan mereka masih mempunyai keyakinan terhadap ekonomi malaysia
positive,Saya akui saya tidak mengemukakan sebarang cadangan yang konstruktif dalam mengesyorkan penutupan sekolah-sekolah tahfiz persendirian ini kerana memikirkan perakuan yang komprehensif berasaskan kajian dan perbincangan semua pihak dengan kepakaran masing-masing telah pun dikemukakan kepada jawatankuasa berkenaan tetapi semuanya hanya hangat-hangat tahi ayam dan mahu disapu di bawah tikar.
negative,"Pelan tersebut didraf pada 2012 dengan kos RM30 juta tetapi gagal diwartakan dan telah diketepikan oleh Menteri Wilayah Persekutuan pada tahun lepas, boleh memastikan pembangunan bandar yang mampan, termasuklah memelihara kawasan hijau dan awam"
positive,"Kalau kita boleh tangguhkan dulu untuk letak ketum di bawah Akta Dadah Berbahaya, kita boleh buat kajian tanpa batasan"
positive,"Kalau pun orang asing bawa modal dan teknologi, dia mesti guna tenaga kita, barulah jurutera kita ada peluang kerja"
positive,Kita juga tidak boleh lupa bahawa sistem demokrasi kita ialah demokrasi yang meletakkan institusi beraja pada suatu tempat yang strategik
negative,"semua pihak termasuk pemimpin dan penyokong parti politik serta calon-calon yang bertanding diminta untuk mematuhi undang-undang, peraturan, tataetika dan arahan-arahan yang dikeluarkan dari semasa ke semasa oleh SPR, PDRM atau pihak berkuasa yang lain. SPR berharap semua aktiviti berkempen pada PRU14 akan berjalan dengan lancar serta tidak mengganggu ketenteraman awam dan keselamatan negara."
negative,Jadi saya merasa terkilan kerana usaha sedemikian memberi tekanan emosi dan mental kepada keluarga khususnya isteri dan anak-anak.
negative,Teruk sangatkah sokongan rakyat kepada BN sehingga terpaksa mewajibkan pelajar sekolah untuk meramaikan majlis mereka dan menyalahgunakan kuasa Kementerian Pendidikan sebagai alat propaganda politik kepartian mereka?
positive,Tidak perlu (meminta bantuan negara luar).
positive,"Lebih-lebih lagi tidak lama lagi sambutan Tahun Baharu Cina, bolehlah kami dapat barang murah sebagai persiapan meraikannya"
negative,dalam pada itu pakar geostrategis azmi hassan berkata kegagalan pihak kerajaan menjawab isu yang dibangkitkan pembangkang dengan cepat dan berstrategi menyebabkan timbul persepsi buruk terhadap pentadbiran serta kepemimpinan negara
negative,memandangkan impak terhadap perubahan mata wang ke atas sesebuah ekonomni sukar dibaca kebanyakan orang tidak memberi perhatian kepada perubahan kadar pertukaran asing kerana perniagaan dan transaksi dilakukan dalam mata wang domestik
positive,wujud ruang terbuka untuk perbincangan dan menyuarakan pendapat kepada pimpinan negara.
positive,Negara ini juga menjadi pusat penyebaran Islam
positive,"Malaysia dan AS telah bekerja keras berhubung langkah-langkah keselamatan perjalanan, dari segi memastikan pengembara adalah sah dan berusaha tentang maklumat pasport yang hilang atau dicuri"
positive,"Notifikasi produk-produk kosmetik terlibat telah dibatalkan oleh Pengarah Kanan Perkhidmatan Farmasi, Kementerian Kesihatan berikutan pengesanan bahan racun berjadual dalam produk berkenaan"
negative,Kerajaan Pas Kelantan bakal tumbang
negative,Saya menerima banyak laporan sejak kebelakangan ini ramai pengusaha stesen minyak yang menanggung kerugian dan terpaksa gulung tikar akibat isu ini
positive,Srikandi ingin menzahirkan rasa bangga dan terharu atas keberanian seorang anggota kami yang telah tampil menyerahkan bukti tawaran imbuhan terhadapnya daripada pihak tertentu
positive,Kunci utama mengatasi perbezaan kami ialah bahasa.
positive,Ini cara untuk keluarkan mereka daripada kemiskinan
positive,"Mana-mana dana yang tidak mencapai skor minimum penilaian tahunan, akan digantung dan tidak boleh ditawarkan dalam tempoh berkenaan.”"
negative,perkara itu disamakan pemimpin yang mengambil mudah isu setempat dan seolah-olah datang ke mana-mana majlis cuma untuk memotong reben dan tidak mengiktiraf penat lelah jasa bakti orang lain.
positive,"Penceramah bertanggungjawab untuk meyakinkan rakyat bahawa lima masalah teras iaitu isu air, perumahan rakyat, banjir, cukai yang membebankan rakyat dan pengurusan sampah selain isu lokal boleh diselesaikan jika BN diberi mandat"
negative,Masih tidak ada kawalan berkesan terhadap pertumbuhannya.
negative,"Berpakat dengan Harapan pun boleh, tapi dia marah. "
positive,Dulu tak tahu baca tapi sekarang boleh mengaji dan belajar solat dengan kawan-kawan
positive,mampu perkasa kaum India di Malaysia
negative,"Mereka bukan bersaing untuk pasaran lebih, mereka bersaing sesama sendiri untuk dapatkan pelanggan sama"
negative,Beliau turut menegur syarikat yang mengendalikan perkhidmatan itu dan menganggap tidak cekap dalam pengurusan bil air.
positive,Anak-anak Melayu lebih maju di bidang profesional berbanding orang Arab yang hanya maju dalam bidang berbunuhan sesama sendiri.
positive,Saya cukup beri perhatian berat kepada orang Sabah.
positive,"Rakyat juga mungkin akan menjadi juri pertandingan ini melalui Mobile Apps yang kita akan lancarkan nanti,"
positive,Tiada isu tertentu yang disentuh mengenai peruntukan kerusi
positive,"Saya telah bincang dengan Perdana Menteri dan beliau bersetuju untuk membawa lebih ramai pihak-pihak berkepentingan seperti NGO-NGO, pengamal undang-undang, ahli akademik dan juga ahli-ahli Parlimen dari kedua-dua belah pihak"
positive,"Jika undang-undang ini hanya bertujuan menangani berita palsu di alam siber, saya rasa ia agak sempit, namun jika ia turut digunakan untuk menangani masalah lain berkaitan alam siber dan media sosial, ia amat sesuai."
positive,"Projek ini bertujuan untuk memanfaatkan kawasan pesisir pantai sepanjang 45.38 km, 250,000 orang yang tinggal di sepanjang pantai dan juga melindungi  kerosakan harta benda awam sehingga RM75 juta"
positive,Mereka juga boleh tambah pendapatan jika R&R (hentian Rehat dan Rawat) dibuka di sini kerana ia (Bilut) jalan utama ke Raub
negative,Kerajaan juga sudah cukup memfitnahnya
positive,berkembang pada kadar memberangsangkan
positive,ini merupakan penegasan sokongan penuh Malaysia terhadap usaha Gabungan Global dalam menentang keganasan dan ekstremisme ganas
negative,"Ini bermakna lebih baik, cuma jadi buruk apabila pergi ceramah pembangkang dengar kata mereka, kita sihat boleh jadi demam"
negative,kekal sama dari segi matlamat dan agenda setiap parti pembangkang yang berusaha untuk menjatuhkan kerajaan.
negative,Pelbagai agenda dirancang untuk menyelitkan kebencian rakyat kepada BN di mana-mana sahaja.
positive,"Jadi apa yang saya cakap, kalau BN menang di Selangor, kita akan adil. "
positive,"SPR rayu, minta parti politik hantar ejen secukupnya di tiga tempat iaitu tempat mengundi, pengiran undi dan barung semakan"
positive,kedatangan pilihan raya kali ini perlu diraikan dengan menunjukkan kematangan kita sebagai warganegara Malaysia yang layak mengundi untuk melihat citra ketatanegaraan dan cita-cita negara tercapai.
positive,"Semuanya mesti ikut proses perundangan negara, kalau salah biarlah mahkamah tentukan"
positive,Kami tidak menyentuh mana-mana bahagian kawasan ibadah dalam muzik video tersebut dan saya minta semua pihak yang berkaitan agar tidak salah faham disebabkan oleh laporan berita yang tidak tepat
positive,Beliau sudah berubah dan komited terhadap agenda reformasi
negative,"segala bentuk rasuah yang dinyatakan adalah berkaitan aktiviti penyamaran; jamuan; pengaruh tidak wajar dan penyogokan yang mana ia mungkin boleh berlaku sama ada sebelum, semasa atau selepas tempoh pilihan raya diadakan."
negative,justeru itu amat susah sekali untuk diukur sumbangan asean bagi menjalin dan melahirkan kerjasama keselamatan di asia tenggara
positive,"Saya jangkakan 2020, projek memanfaatkan rakyat ini mampu membawa Bemban kepada bandar utama di Jasin kerana lebih 20,000 penduduk bakal 'diimport"
negative,Bila umum bubar (Parlimen dibubar) maka masa itu mereka akan keluarkan semua peruntukan itu dan akan berlakulah hiruk-pikuk jentolak tolak batu-bata untuk baiki jalan berlubang. 
negative,Perkara ini memalukan dan menjejaskan saya dengan teruk. 
positive,"Sebagaimana penyerahan tablet hari ini (kelmarin), jangan anggap Yang Amat Berhormat Perdana Menteri (PM) bagi sebab hendak PRU, kerana ini antara perkara diucapkan sewaktu pembentangan bajet tahun lepas."
positive,JKM akan pastikan baki 32 PDK yang masih belum didaftar akan diselesaikan dalam tempoh tiga bulan ini
positive,"secara makro melihat kepada petunjuk data yang diberikan, ekonomi kita masih berada pada landasannya dan ini juga menjadi kriteria dalam menarik pelabur asing untuk terus melabur di negara ini"
negative,Kehadiran lori balak yang keluar masuk sepanjang masa termasuk pada waktu sesi persekolahan bermula dan tamat membuatkan ibu bapa di sini risau akan keselamatan anak-anak mereka
positive,"Keadaan sekarang, Alhamdulillah sudah selesai, tidak ada apa-apa. Dalam kampung juga aman, cuma ada yang datang bertanya khabar sahaja. Mungkin semua sibuk tumpu pilihan raya"
positive,"Itu hak PAS untuk bertanding, kita hormati keputusan dia"
negative,"Sebab itu dihujahkan se­tiap perkara berlaku terutama se­kali berkaitan politik, ia tercetus bukan secara tidak sengaja tetapi disusun sedemikian rupa"
negative,"Semasa Pilihan Raya Umum Ke-13, dakwaan tentang 40,000 rakyat Bangladesh dibawa masuk ke Malaysia bukankah berita palsu?"
positive,Kemajuan yang ada juga dapat membuka peluang kepada usahawan muda untuk membuka minda serta pendedahan berguna kepada perniagaan mereka supaya lebih inovatif.
positive,"Beliau ikhlas mahu mengubah pemikiran umat Islam negara ini agar mampu menghadapi cabaran zaman dengan membina pendidikan agama dan indoktrinasi Islam yang bersifat universal, progresif, dinamik dan profesional."
positive,kalau mereka memberi gambaran yang muram masyarakat akan hilang keyakinan dan pertubuhan yang mereka wakili susah untuk berniaga dan mencari keuntungan
positive,asas pengundian dalam demokrasi matang
positive,"Kami masih mempunyai perniagaan lain, termasuk perniagaan digital kami serta Santan, yang mana Santan menerima minat di seluruh Asia dan beberapa pihak telah menghubungi kami untuk aktiviti francais sebagai restoran makanan segera Asia"
negative,tetapi sejak krisis kewangan asia hingga sekarang ekonomi negara secara purata berkembang kurang dari peratus setahun
positive,"Jadi saya yakin masyarakat Cina akan terus memberi sokongan kepada kerajaan sedia ada kerana mereka sedar mengenai kepentingan mempunyai sebuah kerajaan yang kuat dan stabil untuk melaksanakan pelbagai pembangunan lagi,"
positive,"Semoga dengan adanya aset-aset baharu ini, PGU mampu menggalas tanggungjawab yang lebih besar dan memainkan peranan sebagai sebuah unit kepolisan udara bertaraf dunia."
positive,"Permohonan ini juga bertujuan memohon penjelasan CRCC, sama ada syarikat berkenaan adalah pemegang saham bagi syarikat tujuan khas (SPV) bagi projek berkenaan"
negative,"Sekiranya berlaku kejadian seperti orang ramai membaling batu atau perlakuan ganas yang lain, petugas pilihan raya dan pengamal media perlu tahu bagaimana untuk melindungi diri mereka."
positive,"Kelebihan ini wajar dimanfaatkan bagi menumbangkan BN, kerana kesepakatan itu tidak ada dalam parti lawan"
negative,Alasannya ialah Pulau Pinang hanya alami monsun pada 2013.
positive,ketika ini harga bagi seliter petrol ron ialah rm manakala ron dan diesel masing-masing rm dan rmsementara itu ketua setiausaha perbendaharaan tan sri mohd irwan serigar abdullah dalam ucapannya menggesa rakyat supaya tidak mempercayai tohmahan pihak tertentu yang mengatakan negara akan muflis
negative,Saya agak terkilan dengan kenyataan beliau kerana setakat ini ada tiga wanita di kabinet
negative,"Jururunding sudah lakukan kajian berhubung bentuk pembangunan di situ, namun bila timbul isu pemerdagangan manusia, ia membantutkan cadangan itu."
positive,Saya juga telah berpesan kepada agensi pelaksana supaya projek yang dijalankan mengikut spesifikasi yang ditentukan agar tidak ada isu-isu yang boleh menimbulkan rasa tidak puas hati dalam kalangan rakyat
negative,Dulu beliau menganggap DAP adalah musuh Melayu.
positive,menurut kamus bahasa melayu dewan bahasa dan pustaka persepsi bermaksud gambaran atau bayangan dalam hati atau fikiran tentang sesuatu pandangan dan juga tanggapan
negative,"Dengan kemahiran dan kepantasan teknologi, mereka akan sentiasa jauh di hadapan pasukan penguatkuasa bagi meraih untung besar dan cepat, termasuk membelakangkan segala undang-undang dan peraturan"
negative,menggunakan fitnah sebagai bahan untuk menanam budaya kebencian dalam kalangan rakyat khususnya untuk mempengaruhi pengundi di atas pagar.
positive,Jumlah majoriti ahli Parlimen bersetuju meluluskan usul kajian semula persempadan kawasan pilihan raya
positive,tidak pernah penat dan menyesal dengan apa yang saya telah lakukan untuk penduduk taman
positive,"Ini tak benar kerana GST telah kita laksanakan sejak dua tahun lalu, sepatutnya tidak ada kesan sama sekali (pada harga barangan)"
negative,laporan mengenai projek stadium tersebut pernah dibuat di SPRM Terengganu sebelum ini namun pihaknya tidak mendapat apa-apa maklum balas mengenai kes itu.
positive,Sukarelawan ini terdiri daripada ahli-ahli yang secara sukarela ingin berkhidmat untuk membantu petugas menjelang PRU nanti
positive,Ia juga untuk mengelak pihak yang tidak bertanggungjawab mengambil kesempatan atas isu ini
negative,Antara cabaran yang kita hadapi untuk mengajar anak pulau ini adalah terpaksa mengulang subjek yang sama sehingga seminggu atau lebih kerana tahap kecerdasan (IQ) mereka yang rendah.
positive,"“Kita bukan mengugut pihak terbabit sebaliknya mahu memastikan perjalanan PRU14 lancar dan rakyat berasa selamat,"
negative,majikan perlu memikul tanggungjawab menjaga keselamatan dan kesihatan pekerja mereka agar dapat melaksanakan tugas tanpa sebarang masalah
positive,Jika ini tidak dilayan oleh Myanmar  maka tindakan drastik yang terakhir ialah dengan memboikot dan memecat negara itu daripada Asean
negative,Model bisnes yang pengurusan Proton laksanakan sebelum ini masih tidak ada pulangan
negative,turut bertindak menanggalkan bendera parti yang dipasang di sekitar kawasan itu selain menutup bilik gerakan.
positive,"Tujuan kita jumpa tak lain tak bukan, berkaitan isu ketua pengarah SPRM"
positive,realiti sebenar ialah impak isu mdb ke atas kedudukan ekonomi negara adalah rendah sekali kerana program rasionalisasi syarikat itu berjalan baik
negative,"Kecurian, penyeludupan memang berlaku dan dilakukan penjenayah dari negara jiran, sampaikan kalau buat kerja kat ladang, kami tak boleh tinggal barang, kalau tak habis hilang."
positive,Kita juga ingin menekankan kepada mereka bahawa usaha membangunkan koperasi juga memerlukan komitmen daripada ahlinya sendiri termasuklah anggota lembaga dan pengurusannya
negative,persepsi adalah segala-galanya ke­rana lazimnya maklumat jika dipersembahkan de­ngan pintar boleh mengaburi dan mempe­ngaruhi pemikiran kumpulan sasaran dalam menilai isu ter­tentu
positive,"adi, apa sahaja kerjasama yang kita rasa patut dilakukan oleh senat universiti kerana selaras dengan kehendak industri negara, kita amat galakkan"
positive,"BN Parlimen Bagan Serai berterima kasih di atas usaha Kemas, Jasa dan ketua kampung yang sentiasa berusaha mengesan pengundi baharu itu didaftarkan sebagai pemilih baharu sehingga menjayakan penambahan 11,000 orang."
positive,pesawat itu sebenarnya mendarat sempena penerbangan komersial sulung ke Malaysia setelah melalui kerja menaik taraf lebih setahun lepas.
positive,Kita tahu Jempol kubu kuat Umno di Negeri Sembilan kerana ada kawasan-kawasan Felda
negative,asean sekarang ini berhadapan dengan cabaran hebat kerana terdapat negara anggota asean yang mengenepikan cabaran urus tadbir yang belum lagi boleh dibanggakan amalan demokrasi yang jauh daripada sempurna dan kebebasan rakyat serta hak asasi manusia yang masih terkongkong kerana pembangunan ekonomi dianggap lebih utama
positive,"namun tetap punya stamina untuk menjalankan tugas sebagai perdana menteri, hingga mengagumkan ramai orang, baik rakyat Malaysia mahupun asing."
positive,dalam hasrat kita meneliti pencapaian wawasan dan menjenguk matlamat baharu transformasi nasional tn hasrat mencapai tahap kesaksamaan ekonomi yang kukuh dan mantap tidak boleh diabaikan
positive,"Mazlan adalah individu yang dikenali ramai dan dari rekod lalu, beliau telah memberikan kerjasama yang sangat baik terhadap pihak berkuasa serta tidak pernah melarikan diri."
negative,Tiga veteran dipecat keahlian
negative,Mustahil untuk memansuhkan pemeriksaan imigresen dan kastam bagi orang ramai yang keluar dari Singapura
positive,"Kalau dia isytihar, kita akan kenakan cukai"
positive,Saya secara konsisten menyatakan hasrat ingin menjadi ketua bahagian dan mengekalkan jawatan ini selepas pilihan raya akan datang.
positive,"Selepas berbincang dengan Asafal, kami sepakat mewujudkan PKK RELA di kawasan laluan masuk ke Simpang Kampung Tanjung Batu"
negative,"Beliau sudah kehabisan elemen kejutan. Sejak hari pertama bermulanya kempen pilihan raya, beliau sudah gagal seperti isu pesawat yang kononnya disabotaj dan cubaan membunuhnya"
positive,SPR sepatutnya memudahkan pengundi dan bukannya menyusahkan lagi
positive,"""Kita bertuah kerana Pahang memiliki pelbagai khazanah alam yang cukup berharga termasuk pantai, tanah tinggi, sungai, taman negara dan pelbagai makanan yang juga merupakan produk pelancongan"
negative,"Kita telah ada orangnya (untuk buat kajian), kita ada pengalaman, kita ada mesin tetapi lesen tidak ada."
positive,1MDB sebelum ini menyatakan dan mengulangi ia tidak kehilangan wang dan semua wangnya diambil kira sepenuhnya
positive,Sudah  tentu bakal calon akan mengambil waktu ini untuk berjumpa dengan seramai mungkin pengundi mereka untuk mendapatkan sokongan
positive,"Tak ada apa, ...dia (Namewee) selalu buat apa kita bersetuju dengan dia. It's a joke (gurauan)... video itu untuk kasi (beri) orang ketawa, nyanyi."
negative,Ini sama juga dengan rakan mereka dalam pakatan iaitu DAP yang pernah beritahu nak buang 50 peratus penjawat awam jika mereka jadi kerajaan
positive,"Untuk sambut 40 tahun ini, bukan senang bukan selalu kita boleh sebut 40 tahun, jadi sempena menyambut ulang tahun ini, saya ingin umumkan sagu hati istimewa sebanyak RM2,000 kepada setiap warga PNB yang akan dilaksanakan pada Mei ini."
positive,Saya hanya menjalankan tugas sebagai seorang pegawai keselamatan
positive,PRU14 saksi lebih ramai calon wanita bertanding
positive,Kita turut menganjurkan program berkaitan keusahawanan sebagai usaha meningkatkan pendapatan mereka sekali gus meringankan beban keluarga di masa hadapan
positive,"Dengan kehadiran ejen-ejen calon sebagai pihak ketiga, ia merupakan bukti bahawa SPR tidak menafikan hak pemerhati untuk turut serta dalam proses pilihan raya"
positive,Jalan keluarnya ialah menubuhkan suruhanjaya diraja untuk menyiasat
negative,Pembangkang pandai tabur janji saja
negative,Ini mungkin kali terakhir saya di Dewan ini memandangkan saya mungkin tidak bertanding pada pilihan raya akan datang.
negative,"mendedahkan apa yang didakwa mereka ""perjanjian sulit"" dengan pemimpin"
positive,Kami menjadi orang yang amat mempercayai dasar anda
positive,"Kini telah banyak manfaat pembangunan yang kita nikmati termasuk pembinaan Lebuhraya Pan Borneo yang sedang rancak dijalankan di samping penubuhan pelbagai institusi pengajian tinggi, pusat kemahiran dan hab pendidikan"
negative,Kalam faham keterujaan mereka untuk memenangkan parti yang disokong namun janganlah sampai ke peringkat putus silaturahim.
positive,melahirkan keyakinan untuk memenangi kes saman fitnahnya ke atas Sarawak Report
positive,Amanah tidak pernah mengeluarkan sebarang kenyataan mahu memusuhi Pas apa lagi memusnahkan parti Islam tersebut.
positive,Saya minta mereka yang menjadi mangsa kepada pegawai terbabit membuat laporan kepada pihak JPJ bagi memudahkan mereka melakukan siasatan dan mengambil tindakan terhadap pegawai berkenaan
positive,orben bagaimanapun menjelaskan tidak banyak bukti kukuh untuk menyokong tindak balas tersebut
positive,amalan pembangkang perlu dilihat secara sihat sebagai satu teguran untuk memperbaiki segala macam kelemahan yang ada.
positive,Rakyat perlu sedar dan bijak memilih pemimpin yang benar-benar memperjuangkan nasib Melayu.
negative,"Kebanyakan mereka yang tinggal di Wilayah Persekutuan ini sebenarnya mampu dan sanggup membeli rumah berkenaan, cuma mereka tidak pasti mengenai program berkenaan"
positive,Polis akan memberi fokus kepada kawasan yang dijangka ada pertandingan sengit pada PRU14 ini demi menjaga ketenteraman awam
positive,"Kadang-kala ada salah faham seolah-olah apabila kita wujudkan undang-undang baharu ini, kita akan menggunakannya demi kepentingan politik semata-mata, itu tidak benar sama sekali"
positive,"Sebelum ini IKM ada di Alor Setar, Sungai Petani dan Sik dan tempat yang dilihat sesuai untuk bina IKM baharu adalah di Bukit Kayu Hitam kerana kita lihat jumlah penduduk akan bertambah selepas BBC dilaksanakan"
positive,"Jika (bekas pengerusi Felda) Tan Sri Isa Samad ditahan dan diambil keterangan oleh Suruhanjaya Pencegahan Rasuah Malaysia (SPRM), mungkin SPRM selepas ini perlu memanggil Shahrir kerana hak milik bagi lot terbesar tanah dipindahkan ketika beliau sudah menjadi pengerusi"
negative,seharusnya asean dan negara anggota tidak boleh terus mendiamkan diri dengan mengatakan masalah keselamatan tidak tradisional dan krisis kemanusiaan yang tercetus dalam negara masing-masing adalah soal dalaman negara mereka yang boleh ditangani secara unilateral
negative,menyatakan kekecewaan terhadap SPRM kerana tidak menyokong pengisytiharan aset awam untuk menteri.
negative,Sekolah tahfiz mula bertumbuh ustaz yang tidak mempunyai nilai ekonomi menyedari inilah satu cara mudah untuk mendapat sedekah atau memperdagangkan agama.
positive,"Tapi sekarang setelah pokok ditebang dan ditanam semula, setiap peneroka dibayar RM1,300 sebulan pinjaman sara hidup."
positive,(Dalam) Akar umbi tiada masalah.
positive,Saya seronok di sini kerana kedatangan saya sangat dialualukan penduduk.
positive,"Perkara ini sudah diselesaikan Perdana Menteri (Datuk Seri Najib Razak) dan beliau sudah memberitahu bukan hanya kepada rakan dalam parti komponen, malah Jemaah Menteri supaya apa yang sudah diperjelaskan oleh Robert Kuok itu diterima baik."
positive,"Walaupun terdapat kekurangan, kesemua mangsa dijaga dengan baik"
positive,Apa yang jadi di Gelang Patah mungkin boleh terjadi di Ayer Hitam. 
negative,saya rasa hakikat inilah yang menyebabkan kerajaan menggugurkan wawasan dan menggantikannya dengan agenda transformasi nasional wawasan menyasarkan sebagai tahun malaysia mencapai taraf negara maju
positive,Ini cara kita membantu rakyat kerana kerajaan BN mahu anak-anak kita berjaya
positive,(Dasar) yang baik dikekalkan dan yang buruk perlu diperbetulkan atau dihapuskan. 
positive,"Kita tetap negara demokrasi, malah lebih tinggi berbanding negara berdekatan dengan Amerika Syarikat"
positive,"LHDN tidak kira siapa, selagi ada pendapatan di Malaysia, syarikat yang didaftar di Malaysia dan ada pendapatan, kalau tidak bayar, ‘income tax’ akan kejar anda."
negative,"Antaranya lagi, penyebar berita palsu juga akan guna logo atau gambar yang menggairahkan yang boleh menjemput kita untuk terus terpengaruh dengan berita tersebut"
positive,"Sebenarnya, program kerajaan  tidak bermusim, kita bekerja  untuk rakyat  tanpa memilih masa tertentu sahaja sebaliknya sentiasa melakukan yang terbaik untuk rakyat dan memanfaatkan orang ramai"
negative,Ia satu penghinaan kepada istana.
positive,"Sekarang rumah RM300,000 habis 'sekelip mata'"
positive,"Ini memang terkawal tidak naik harga, maka jika kata kos sara hidup naik sebab barangan, ini tidak betul"
positive,spontan dan paling penting mencuit hati ramai peminat termasuk mengenai Pilihan Raya Umum
positive,Yang paling penting ialah orang itu mesti melindungi harga diri sebanyak mungkin kerana itulah perkara pertama yang terjejas apabila anda dibuli
negative,Pengerusi negeri tapi tak kenal ahli bahagian.
negative,kerana greece tidak mampu mengimport manakan dan harganya melambung
positive,"Jika mood ini dikekalkan, kita berupaya menghadapi lawan dengan penuh tanggungjawab dan beroleh kemenangan cemerlang"
positive,Mereka merancang untuk memperkenalkan semula subsidi yang biarpun popular namun boleh menjejaskan ekonomi
negative,berkata demikian mengulas laporan berita mengatakan bahawa kerajaan secara konsisten enggan membenarkan pemerhati luar semasa PRU14
negative,Adalah malang Mohamed Azmin tidak ambil peluang ini untuk membuktikan komitmen anti-rasuah Harapan di negeri itu
positive,walaupun paras sesuatu mata wang sebahagian besarnya sepatutnya ditentukan oleh ekonomi yang berubah-rubah tetapi keadaan sering berlaku sebaliknya apabila perubahan sesuatu mata wang turut membuka peluang-peluang ekonomi
negative,Dengan pertambahan pendapatan yang begitu besar apa perlunya cukai tambahan seperti GST
positive,"Kita (kerajaan negeri) memerlukan bekalan air tambahan sehingga 310 juta liter sehari pada tahun 2020, namun sistem ini (ORS) mampu menampung sehingga 500 juta liter sehari."
positive,membenarkan permohonan pihak pembelaan supaya perintah tutup mulut sementara diberikan dalam kes dakwaan pecah amanah dan salah guna kuasa melibatkan bekas perdana menteri
positive,"Kita bersedia bekerjasama dengan rakan media dalam apa jua tindakan diambil, media adalah pihak yang sentiasa berada di lapangan dan mendengar keluhan rakyat yang boleh dikongsikan dengan SPRM Pahang untuk tindakan lanjut"
negative,"Selain daripada kebakaran, kemalangan dan penderaan, hukuman dan tekanan juga dikenakan ke atas pelajar oleh ustaz yang tidak mempunyai latihan pendidikan yang sempurna dan profesional."
negative,Saya benar-benar takut.
positive,Kita mahukan pembangkang yang konstruktif dan bukannya destruktif kerana tiada pembangunan dapat dilaksanakan dengan kehadiran pembangkang yang sentiasa bersikap negatif
positive,"BN Kota Belud akan berusaha untuk mengadakan program ini sekerap yang mungkin bergantung kepada keadaan dan kita akan menentukan lokasi berbeza bagi memberi peluang kepada penduduk yang tinggal di pedalaman Kota Belud menikmati program ini,"
positive,"Firma itu juga memohon perintah mandatori supaya barangan berkenaan dikembalikan atau secara alternatif, jika ia tidak dapat dipulangkan, Rosmah wajar membayar jumlah yang dinyatakan berdasarkan nilai barangan kemas tersebut."
negative,dijangka meruncingdalam laporan terbarunya bank dunia berkata daripada negara asia yang ekonominya dianalisis malaysia adalah di antara beberapa buah negara yang ekonominya dijangka meruncing
positive,Aplikasi ini turut menyediakan analisa keputusan bagi membolehkan pemohon memadankan keputusan mereka dengan program yang bersesuaian
negative,"Sebelum ini, saya sering dikeji dan dituduh pelbagai perkara dan ia adalah perkara lumrah dalam politik"
negative,"Lebih malang, sebahagian besar daripada dana awam bernilai RM250 juta hilang begitu saja"
positive,Mereka kata mereka mahukan pendidikan yang baik untuk anak
positive,BN sapu bersih 10 daripada 12 PRU
negative,ekonomi sesebuah negara yang dibina selama berpuluh-puluh tahun runtuh dalam sekelip mata akibat tindakan tidak bertanggungjawab penyanggak mata wang ini yang memanipulasi nasib berjuta-juta rakyat sesebuah negara kata dr mahathir
negative,kalau betul apa yang dikatakan oleh pihak myanmar bahawa mereka sedang memerangi terorisme mereka patut membenarkan media dan bantuan kemanusiaan untuk masuk ke kawasan konflik bagi mengesahkan tuduhan mereka
positive,memajukan Tasik Kenyir sebagai hab pelancongan yang mencipta peluang ekonomi untuk penduduk.
positive,Hutang negara juga tidak begitu tinggi.
negative,Terlalu banyak fitnah dan berita palsu untuk meniup kebencian terhadap kerajaan
negative,Mereka yang buat aduan tak faham
negative,"Walaupun rakyat semakin bijak menilai baik dan buruk, namun saya bimbang perkara berulang menyebabkan mereka terpengaruh"
negative,jumlah pampasan lebih besar mungkin terpaksa ditawarkan sekiranya pemain tidak bersetuju untuk menamatkan kontrak mereka.
positive,'onsoi' yang bermaksud baik dalam bahasa Murut
positive,kerajaan perlu terus membantu golongan sasaran ini
positive,"Sejak saya mengambil alih (Selangor) sudah hampir empat tahun, tiada catuan air, saya tidak benarkan."
positive,Manakala bagi pegawai bantuan pula elaun RM7.80 dinaikkan kepada RM9.80 sejam.
positive,"Kita menyasarkan CP Kejar mempunyai 500,000 keahlian di seluruh negara menjelang akhir tahun ini."
positive,"Syukur dengan pendekatan (diambil kerajaan) yang kukuh dan pro-aktif, kami pulih dengan cepat daripada krisis global antara tahun 2008 hingga 2009, dan kami menikmati tempoh pertumbuhan yang kukuh"
positive,Mereka akan menyediakan bantuan kemanusiaan selain menyumbang kepada usaha membina semula Yaman sekiranya diperlukan
positive,"Sebab itu saya berani turun ke kem- kem sekarang ini, untuk menjanjikan kepada anggota tentera bahawa agenda ini tak bermusim, tapi kita perlukan mandat utuk merealisasikannya"
negative,Apa yang dapat saya katakan adalah Mukhriz dan Mahathir sama saja.
positive,"Mungkin ini tanggunjawab sosial (CSR) untuk kami, ini adalah pengalaman pembelajaran"
positive,Rancang perjalanan awal kalau tidak mahu mahal
positive,Saya ucapkan syabas dan tahniah atas tindakan segera yang mereka lakukan
positive,"Kita berharap segala persediaan dan program kemasyarakatan yang dilakukan selama ini dapat memberi kepuasan kepada semua pihak, sekali gus memilih calon MCA pada PRU14 nanti"
negative,Had perbelanjaan calon pilihan raya langsung tidak mampu mengawal perbelanjaan parti politik.
positive,Sebenarnya pendapatan kerajaan tiap tahun sejak 2009 hingga 2017 jauh lebih tinggi (3 kali ganda) daripada pendapatan Kerajaan pada 1995-2002. 
negative,"Lebih merumitkan dinamik ini, PAS membawa agenda Islamnya sendiri...yang disokong dalam diam oleh Umno"
negative,masyarakat Melayu sememangnya tidak boleh menerima kenyataan ekstremis
negative,"Ini tidak masuk akal, dengan pemilik berbeza, sistem berbeza dan tentunya tiada integrasi"
positive,kadar inflasi negara dijangka berada pada tahap terkawal dengan mengalami penurunan kepada peratus tahun ini berbanding peratus pada disokong oleh kestabilan harga minyak global
negative,Sejumlah wang yang besar ada bertukar tangan
negative,"Berdasarkan kepada pemerhatian yang kita buat memang setelah kerajaan persekutuan tarik balik aliran bebas, kawasan Wang Kelian sebelah Malaysia merosot dari segi ekonominya dan penduduk hilang mata pencarian"
positive,"Kerajaan beri bantuan tidak kira waktu, tidak perlu tunggu dekat PRU baru bagi."
negative,Sudah sampai masa dan ketikanya hayat BN sampai penghujungnya dan akan berakhir pada PRU14
positive,"Dulu misi saya kekal Pas undi Harapan, hari ni saya seru kalau berani keluar Pas bersama mana-mana parti komponen Harapan"
negative,jumlah tanggungan hutang adalah besar dan ia memerlukan masa untuk menyelesaikanya
positive,"Kita sediakan RM6.8 bilion untuk agihan BR1M tahun ini dan (daripada jumlah itu) di Sabah, RM561 juta untuk Sabah"
negative,tidak berani menyentuh senstiviti agama.
positive,Kami tidak akan berada di mana kami hari ini jika tidak disebabkan kebijaksanaan dan wawasan anda dan kami mengharapkan pertimbangan baik anda mengenai cara terbaik untuk membentuk persekitaran kos ideal untuk syarikat penerbangan kos rendah 
positive,Kita ada struktur dalam kementerian di mana ada kerja-kerja yang perlu dilakukan pegawai yang lebih cekap
negative,Jabatan-jabatan agama yang terlibat juga mendiamkan diri seolah-olah mahu melepaskan diri daripada tanggungjawab ini
negative,Isu 1MDB adalah isu lama tetapi pihak tidak bertanggungjawab terus menghebohkannya
positive,Saya dapat rasakan perasaannya seperti apa yang saya rasai semasa berumur 11 tahun untuk memahami apa yang sedang berlaku
positive,"Kita juga perlu mewujudkan pekerja atau anak muda Malaysia yang menceburi bidang keusahawanan yang mencipta pekerjaan untuk orang lain, menjadi seorang usahawan"
positive,Saya harap ahli Pas  yang berpendirian sebegitu akan memberi undi kepada Pakatan Harapan (Harapan) pada PRU14 ini
positive,Masalahnya adalah Umno nak cari kemenangan kelirukan pengundi
positive,Mereka menerima dengan positif kenyataan yang saya keluarkan.
positive,Dan tentu sahaja pihak Peguam Negara juga akan mengambil tindakan undang-undang.
positive,"Di samping bertemu dengan rakyat secara terus, kita turut menyampaikan sumbangan kepada golongan yang memerlukan"
positive,"Jika kalah pun, kita kurangkan majoriti,"
positive,"Namun, taktik tersebut tidak berjaya kerana ia akhirnya ditemukan oleh penguatkuasa SFC"
negative,Ada parti sengaja lewat berbuat demikian kerana strategi.
negative,"Semasa dalam PKR, saya memang memperjuangkan nasib golongan muda, ibu tunggal dan warga emas, namun sehingga semasa keluar parti pun, saya tidak nampak sebarang wawasan untuk anak muda dan golongan berkenaan jika terus bersama PKR"
positive,"Sebaik saja habis hutang, tidak perlu lagi wujud 1MDB"
positive,Mereka yang masih belum mendaftar sebagai pemilih masih boleh berbuat demikian berikutan ia dibuka sepanjang tahun
positive,"kita juga perlu menyelami nilai kemanusiaan dan menjadikan dakwah sebagai agenda utama. Maka tidak wajar untuk kita menghukum, mencaci sehingga mampu menjadi fitnah kembali ke atas agama Islam."
positive,Kemudahan ini bertujuan membantu guru berkongsi bahan pembelajaran dan pengajaran berkualiti bagi pencapaian murid
positive,"Selain itu, kita juga berhasrat untuk mewujudkan pembelajaran abad ke-21 apabila sekolah ini siap kelak"
positive,telah berjanji untuk memansuhkan dasar senarai hitam ke atas peminjam
positive,Shahidan juga mengecam Perlis Hope di Facebooknya
positive,"Jadi, itu masalah dihadapi negara, maka kerajaan berpendapat lebih baik kerajaan hulurkan bantuan daripada lihat 50,000 ‘inderect’ dan 10,000 ‘direct’ pekerja hilang pekerjaan,"
negative,hanya untuk menawan semula kuasa dan menyambung semula peranan autoritarian beliau yang terdahulu
negative,pemimpin pembangkang datuk seri anwar ibrahim dalam satu ceramah blackout di kelana jaya ketika itu turut membuat tuduhan yang sama dengan mengatakan sebanyak peratus rakyat malaysia campur rakyat bangladesh campur rakyat filipina campur rakyat indonesia
positive,Keputusan mengejutkan Mahkamah Persekutuan ini sepatutnya menjadi 'wake-up call' kepada pihak kerajaan negeri dan pihak berkuasa agama negeri untuk segera memperkemaskan undang-undang syariah masing-masing
positive,Generasi muda diingatkan bahawa mereka mempunyai kuasa untuk menentukan arah tuju politik negara bagi menjamin masa depan yang lebih baik.
negative,"Jangan hanya bersandiwara dan main-mainkan seolah-olah Bumiputera di Pulau Pinang terus terpinggir, sedangkan agensi bertanggungjawab dipimpin pemimpin Umno."
positive,perlu bijak menilai setiap hujah oleh gabungan pembangkang yang sudah pastinya akan dihiasi dengan maki hamun terhadap pemimpin-pemimpin
positive,Saya galakkan orang sebelah sana yang rasa benci kepada pemimpin mereka tetapi tak berani bersuara (mengenai rasa tak puas hati) tentang kleptokrasi
positive,Saya juga suka melihat bagaimana penduduk di sini bersatu padu melakukan sesuatu perkara.
negative,Tindakan OKS ini seolah-olah tidak menghormati 2 pemimpin negara dan boleh memberi imej buruk kepada mereka
positive,"Dalam hal ini, NUTP akan memberikan bantuan terbaik untuk guru ini"
positive,"Asalkan anak pandai membaca dan mengira, cukup untuk kami yang tiada apa-apa (kerakyatan)"
positive,Kerajaan Persekutuan janji untuk pertimbangkan bantuan RM500 kepada mangsa banjir di negeri ini.
positive,Peluang kita ada.
positive,Dalam kabinet (persekutuan) pun ramai menteri datangnya dari Sarawak
positive,kami akan terus menjalankan tugas kami secara profesional
negative,Kerajaan tidak ada duit
negative,amat terkejut dengan gurauan biadab terhadap calon pakatan pembangkang bagi kerusi Parlimen
positive,Saya harap kerajaan negeri mempercepatkan proses kelulusan dan pewartaan tanah itu sebab proses mengukur sudah pun selesai tahun lalu
negative,"tindakan itu sebenar­nya merupakan tindakan ter­desak pihak parti politik untuk memancing undi, selain sebagai salah satu cara membetulkan ke­silapan-kesilapan yang telah dilakukan mereka."
negative,"Saya sudah jelaskan kepada polis, saya merujuk kepada perdana menteri yang terlalu banyak mengurniakan gelaran Tan Sri"
negative,"Orang Melayu tidak pernah lupa apa yang dinyatakan sebelum ini tentang perlembagaan, Institusi Diraja dan Islam itu sendiri"
positive,"Oleh itu, menjadi tanggungjawab pemimpin KRT juga untuk menangani berita palsu dan bohong dengan menyampaikan maklumat sebenar atas setiap isu yang dibangkitkan"
positive,"Dengan usaha gigih dan bantuan kerajaan, seorang anak peneroka Felda, nelayan atau petani kini mampu berjaya sebagai seorang profesional seperti jurutera, akauntan, doktor atau peguam"
positive,Akta tersebut amat relevan untuk pastikan tiada sangkaan buruk terhadap sumbangan parti politik
positive,Rafizi tidak mengambil satu sen pun wang rakyat sebaliknya hanya melaksanakan amanah
positive,Ini kerana kerajaan yang ada pada hari ini menghargai masyarakat luar bandar
positive,"Selain itu, satu dasar dan piawaian standard perlu diperkenalkan kepada semua agensi kerajaan yang mengendalikan data peribadi bagi memastikan ia diproses selamat dan tidak terdedah kepada penyalahgunaan"
negative,Tindakan menggunakan wanita untuk memerangkap ahli politik boleh dilihat melalui sudut etika.
negative,Golongan yang membantah ini terutamanya daripada pedagang-pedagang kelas tahfiz dan juga kalangan agama yang menjangka kerajaan tidak lagi akan memberikan perhatian kepada perakuan-perakuan untuk pengawalan dan penyeliaan sekolah ini.
positive,"Tetapi zaman  Datuk Seri Najib, beliau telah buktikan kerajaan liberal dari segi kebebasan sebab itu kita hapuskan ISA dan pinda AUKU untuk beri kebebasan kepada pelajar"
positive,Harapan saya supaya kerjasama antara Pejabat Pembangunan Negeri dan Pejabat Daerah serta agensi lain dapat memastikan projek yang dilaksanakan itu benar-benar mencapai matlamat dan bantuan sampai kepada golongan sasaran
negative,tidak akan berjaya mempengaruhi pengundi sehingga berlakunya tsunami Melayu atau Cina
positive,"Pada pandangan PAS ada benda yang tidak betul (pada 1MDB) dan ia perlu disiasat, mesti diperbetulkan dan tubuh suruhanjaya diraja, kawal aset, hadapkan mereka ke muka pengadilan"
positive,Kita sedang mengkaji dari pelbagai sudut Perlembagaan bagaimana kita boleh mengenakan cukai ke atas sumber-sumber kita yang ada bagi menambah hasil pendapatan negeri
positive,"Sekolah tidak lagi perlu mengejar GPS kerana penilaian murid sekarang melibatkan pencapaian akademik, pentaksiran bilik darjah; pentaksiran aktiviti jasmani, sukan dan kokurikulum serta pentaksiran psikometrik"
positive,Kami berpendapat SPR telah mematuhi dan berpegang tepuh pada prinsip yang termaktub dalam Jadual Ke-13 Perlembagaan Persekutuan
positive,Saya sentiasa menyatakan bahawa kita rakyat Sabah tahu membalas budi dan memang penyokong kuat Barisan Nasional
positive,"Kita bersedia, sememangnya PH mahu menumpukan setiap kerusi MCA, tapi kita bersedia"
positive,"Selain itu, Bikum turut memperuntukkan sejumlah RM1.2 juta di Sabah untuk pelbagai bantuan lain termasuk sumbangan kit makanan"
positive,"Di dalam aplikasi ini rakyat boleh mencari lokasi pasar tani di kawasan mereka, waktu operasi, harga semasa barangan serta mereka boleh memberi pandangan atau komen berkenaan pasar tani terlibat,"
negative,ini menyebabkan harga makanan dan ubat-ubatan melambung
negative,Saya juga bimbang tentang pembaikan cerun
negative,"Saya menjangkakan yang saya akan didenda... mungkin saya dan Johari, (didenda) sejumlah RM1 juta, dan jika kami tidak dapat membayar jumlah itu, mungkin kami terpaksa menghabiskan masa dalam penjara."
positive,Itu paling penting walaupun kita bekerja dengan sesiapa pun
positive,"Antara janji yang dinantikan rakyat Kedah adalah maklum balas tawaran peluang pekerjaan oleh BN dalam manifesto mereka apabila projek Bandaraya Getah dilaksana, agihan bantuan skim khairat kepada waris si mati serta pembinaan Lapangan Terbang Antarabangsa Kulim"
positive,apa yang kita tahu sepanjang tahun tamadun manusia adalah perasaan panik terhadap teknologi baharu sentiasa wujud
positive,"Walaupun belum tentu menang, calon terpilih tadi sudah boleh berkempen dan merancang strategi bagi memastikan kemenangan."
positive,"Ini juga akan membantu aspirasi kami untuk mengembangkan jenama itu di dalam dan di luar negara, yang merupakan penggerak utama bagi rancangan perniagaan syarikat pada masa depan"
positive,"Justeru, kita berharap lebih banyak pusat rawatan seperti ini diwujudkan untuk membantu."
positive,Elaun khas ini diluluskan perdana menteri sendiri bagi menghargai anggota bomba dan penyelamat yang selalu saya sebutkan sebagai ‘hero yang tidak didendang’.
negative,pecat anggota langgar perlembagaan parti
negative,Kerajaan India telah membatalkan pasport Zakir setelah beliau banyak kali mengabaikan permintaan agar hadir di Badan Penyiasat Kebangsaan India bagi membantu siasatan.
negative,"Prestasi BN ini tidak tertanding di negeri besar yang lain di Semenanjung seperti Selangor dan Perak, yang ditembusi oleh pembangkang dengan berkesan seawal 1969"
negative,"Ada juga saya cuba mencari kerja, tetapi panggilan temu duga pun tidak dapat"
positive,Kita mahu mulakan episod baru
negative,Pun orang masih kata zaman sekarang susah berbanding dulu
negative,Bukan bercanggah dan menentang arus sehingga pandangan tersebut menimbulkan syak wasangka rakyat kepada pimpinan
positive,Siapa sahaja calon yang membawa bendera BN wajib kita sokong.
positive,"Kalau hari ini kita (BN) menang, esok Stadium Shah Alam diserahkan balik kepada The Red Giants"
positive,Tapi ia bukan harga untuk saya bersubahat dengannya
positive,Ia juga akan memainkan peranan penting dalam mengekalkan daya saing Malaysia dalam sektor penerbangan di peringkat global.
positive,Keduanya saya tidak mahu lari daripada cabaran.
positive,Peningkatan UM dalam ranking juga adalah bukti pelaburan dan inisiatif yang diambil sejak beberapa tahun lalu untuk menambah baik prestasi universiti berada di landasannya
positive,"Pada kali ini kami turut berkongsi maklumat mengenai pelbagai perkhidmatan, pembiayaan dan program yang tersedia untuk usahawan wanita IKS di Sabah melalui perkongsian idea, pengalaman, aspirasi serta paling penting, mempromosi produk ke peringkat yang lebih luas"
negative,Siapa yang menderita? Seluruh negara
positive,Orang yang mengambil ketum mereka tak mengantuk macam orang yang ambil metadon
positive,peperangan siber tidak boleh dianggap remeh dan dibiarkan berlalu begitu sahaja lebih-lebih lagi golongan muda kini menghuni dalam alam maya yang dilihat mampu memberi sokongan kepada pihak kerajaan jika kena pada isunya
negative,"Apabila diteliti, kita dapati, hutang rumah ini sebenarnya lebih banyak melibatkan golongan yang dikenali sebagai pelabur hartanah yang mana membeli rumah dengan jumlah yang banyak"
positive,"Apabila kita nampak hakisan tanah dan rekahan, sudah tentu saya mahu mereka baiki"
positive,"tidak berhasrat untuk membalas dendam kepada kerajaan terdahulu, namun isu tersebut perlu diselesaikan untuk membaiki budaya kerja dan tadbir urus kerajaan bagi membendung gejala rasuah dan salah guna kuasa."
positive,"SPRM telah menahan seorang ‘pendedak’ yang tentunya mewakili Umno atau Pejabat Perdana Menteri (PMO) untuk sogok pemimpin dan ahli kami, antaranya untuk buat aduan kepada ROS termasuk sidang media"
negative,"Sekiranya peruntukan disalurkan terus menerusi kad debit, wang tu habis begitu sahaja"
positive,"Kita akan melihat semula perjanjian di antara majikan dan pekerja berkenaan, mana-mana peraturan yang masih mempunyai kelonggaran maka kita akan adakan kajian semula termasuk SOP keselamatan"
negative,Petugas pilihan raya dan media juga bakal menghabiskan masa berjam-jam di jalan raya semasa kempen serta pada hari penamaan calon dan hari mengundi
positive,mempersoalkan motif di sebalik makan malam anak kepada bekas Perdana Menteri
negative,ketua pegawai eksekutif apple tim cook minggu lalu menyatakan beliau tidak mahu anak saudaranya melayari media sosial sementara pada november lalu bekas eksekutif facebook chamath palihapitiya dipetik berkata hanya tuhan tahu apa yang media sosial lakukan kepada otak anak-anak kita
negative,"Kini projek bernilai RM200,000 dikumpulkan menjadi projek besar dan diberikan kepada pihak konsesi"
positive,"Kalau nak buat anggaran BN akan kalah, bagi saya tunggulah pilihanraya nanti"
positive,"ibu, bapa atau penjaga beragama Islam yang berhasrat melangsungkan perkahwinan anak-anak di bawah had umur juga dinasihat memastikan anak mereka bersedia dari segi fizikal dan mental."
positive,"Jadi, kita perlu mempertahankan kerusi kita dan memberitahu kepada rakyat wajah sebenar DAP"
negative,Risiko besar tukar import
positive,"Insya-Allah pada 2050, kita akan dapat lihat pelaksanaan sepenuhnya program-program yang telah dipersetujukan dalam resolusi tersebut"
positive,"Visi kami adalah untuk lihat kempen kami secara sihat, gerakan kami tidak menjurus kepada menanam kebencian dan perpecahan"
positive,Pilihan raya perlu menjadi medan kepada rakyat untuk menyatakan suara dan keputusan mereka secara bijak berasaskan keunggulan rekod perkhidmatan kerajaan sedia ada
positive,"Berdasarkan pengamatan dan kajian lapangan, kami dapati teori tiga penjuru menguntungkan BN sudah pun mempengaruhi persepsi awal pengundi yang ditemui kerana sudah dimainkan media arus perdana dan alternatif sejak Mei 2016"
positive,Perpindahan pejabat PBB Malaysia dari Damansara ke sini akan meningkatkan rangkaian dan memperkukuhkan kerjasama antara petugas PBB serta kementerian dan agensi di Malaysia
positive,ada perkara yang baik dan buruk mengenainya seperti mana-mana teknologi lain
negative,"Ada janji-janji parti tertentu yang betapa enak kita dengar, betapa seronok kita rasa tapi kalau boleh mengganggu gugat keselamatan negara ia tidak beri apa-apa erti,"
positive,Saya fikir pandangan yang sebegitu tidak menunjukkan kefahaman tentang masalah kehidupan sosial dalam negara.
positive,Sebab itu saya mula turun ke kem di seluruh negara bagi memberi penjelasan sebenar kepada anggota tentera sejak kebelakangan ini.
positive,Masa depan negara tidak boleh digadaikan hanya untuk keuntungan sendiri dan hanya seorang pemimpin yang mempunyai keikhlasan untuk memimpin harus dipilih mentadbir negara
positive,"Bagi pihak kerajaan dan rakyat Malaysia, Saya mengutuk sekeras-kerasnya tindakan  (serangan peluru berpandu oleh puak Houthi Yaman ke atas  bandar-bandar di Arab Saudi)."
negative,Ia menyebabkan pakatan pembangkang menggunakan simbol PKR kali ini. Namun menerima bantahan daripada ahli DAP dan PKR sendiri.
positive,berjaya mengurus ekonomi dan kewangan negara dengan baik
negative,"Buku-buku jarang dibaca kerana tahap pembacaan di Malaysia ini sangat kurang,"
positive,"Jadi, tugas kita semua untuk memaklumkan dan mendidik tentang kepentingan mengambil bahagian dalam sistem demokrasi di Malaysia dengan cara betul, bukannya merosakkan undi."
positive,Secara kebetulan sekarang ini makin dekat dengan PRU tetapi jangan kerana sebab ini semua pihak nilai segala bantuan atau sumbangan kerajaan kini sebagai ‘gula-gula'.
positive,Mereka memuji komitmen dan kesungguhan yang ditunjukkan keempat-empat isterinya kerana sanggup bersengkang mata menyiapkan markas serta memasang bendera parti demi menunjukkan sokongan serta semangat mereka kepada parti.
positive,Projek ini bukti komitmen berterusan kerajaan Barisan Nasional (BN) pada peringkat Persekutuan dan negeri untuk menjaga kebajikan rakyat di Melaka
negative,wakil tetap amerika syarikat di pbb nikki hayley juga mengatakan mereka pbb menentang kejadian ogos terhadap pasukan keselamatan myanmar tetapi pada masa yang sama beliau juga mengutuk keganasan berlebihan terhadap masyarakat minoriti di negeri rakhine
positive,Indonesia perlu yakin negara ini merupakan sebuah negara yang berbeza dengan negara-negara lain
positive,"Elaun khas ini akan diterima oleh seluruh anggota bomba dan penyelamat iaitu seramai 13,342 dengan melibatkan peruntukan sebanyak RM2,668,400 sebulan dan RM32 juta setahun."
positive,Selaku peguam kami dilatih untuk bertindak secara profesional tanpa pilih kasih dan tiada peruntukan dalam Peraturan
positive,"Penoreh getah pun sekarang hidup susah, mungkin apabila dibenarkan (mengkomersialkan) ketum, mereka boleh eksport ketum yang telah dijadikan sabun"
positive,"Kita tiada masalah, kalau Amanah nak lawan di semua kerusi Dun pun kita tak gentar"
negative,hasrat pembangkang mahu membatalkan Projek hanya akan memusnahkan ekonomi negara.
positive,"Sejak  dulu  lagi, politik orang Melayu berlaku dalam keadaan aman"
negative,Kisah serangan dan gangguan yang dikatakan dilakukan oleh 'orang minyak' di Kampung Pengkalan Demit di sini awal bulan ini tidak lagi kedengaran sejak bermula musim pilihan raya.
positive,dalam meletakkan matlamat tahun itu dr mahathir dengan jelas mengatakan bahawa untuk mencapai taraf negara kaya dan maju ekonomi negara hendaklah berkembang secara konsisten pada kadar peratus setahun
negative,Ini adalah suatu bentuk tindakan dayus dan tidak bermaruah
positive,Ia satu langkah proaktif kerajaan dan meliputi juga dasar kabotaj dengan penyelarasan harga dari segi pengurangan kos pengangkutan untuk barangan KR1M 2.0 yang dijual di Sabah dan Sarawak.
positive,Pembahagian kerusi berjalan dengan baik
positive,"Inilah satu formula yang telah bawa kita kepada kejayaan, bukan sahaja PNB tapi kejayaan kita dalam mengagihkan kekayaan dengan lebih adil dan saksama"
positive,Saya akan terus gagahkan diri meneruskan perjuangan murni ini dan janganlah kita mudah termakan dengan berita palsu yang sengaja ingin mempolitikkannya
positive,Calon itu haruslah seseorang yang kuat dan berpengaruh
negative,ada di antara mereka sudah mula tidak bertegur sapa kerana berbeza ideologi politik
positive,"Tetapi kerana kita kuat, sekolah sekarang jauh lebih selesa malah di kebanyakan tempat bilangan sekolah lebih banyak menyebabkan kekurangan pelajar"
negative,"Belum mendapat kuasa, sudah menunjukkan sikap kuku besi"
positive,Kita mahu rakyat faham segala dasar telah dibuat kerajaan
positive,"Kita perlukan lebih ramai rakyat Malaysia untuk berani bangkit bersama dalam perjuangan melawan kezaliman dan menegakkan keadilan buat Rafizi, Johari dan semua yang dizalimi di bumi tercinta ini"
positive,"Kerajaan dan rakan sekerja saya, Menteri Pengangkutan (Datuk Seri Liow Tiong Lai) akan memastikan anda berkembang dan berjaya melampaui imaginasi kami,"
negative,Ini bukan bermakna asas GPS tidak bagus untuk menentukan kualiti tetapi ia tidak membawa impak positif yang dikehendaki
positive,Pengundi dari kawasan-kawasan itu perlu membeli tiket dan memohon cuti supaya boleh pulang dan mengundi
negative,Kalau berlaku banjir pun tak nampak bayang mereka
negative,Para pelabur dan pasaran global hilang keyakinan terhadap kita dan kita mengambil masa yang lama untuk memenangi semula hati mereka
positive,Ini meletakkan ringgit pada kedudukan yang baik menjelang mesyuarat Jawatankuasa Dasar Monetari Bank Negara Malaysia
positive,BN akan kaji cara ini dan akan melaksanakannya jika menang dalam PRU-14 
positive,Kerajaan prihatin dengan keadaan mereka. 
positive,Sepatutnya dalam waktu kritikal di mana Pakatan Harapan dan Gagasan Sejahtera bersaing hebat seperti sekarang lebih ramai tokoh baru ditonjolkan di setiap kerusi.
negative,Semua masalah kita hari ini disebabkan dia
negative,"Waktu Perdana Menteri, Datuk Seri Najib Tun Razak buat keputusan saya masih dalam Umno lagi, sepatutnya semua mesyuarat Umno bahagian dan cawangan selesai dalam bulan April."
positive,kesemua ahli parlimen daripada pakatan itu sedar bahawa kajian semula persempadanan kawasan pilihan raya bukan boleh dilakukan sesuka hati dan ia melalui satu proses telus serta teliti yang mereka juga turut sertai.
positive,"Kami mempunyai moratorium sebelum ini, tetapi ia tidak menghalang mereka daripada datang"
positive,Semua rakyat yang layak mengundi sangat teruja untuk mengundi calon pilihan masing-masing
positive,saya mahu semua program dijalankan mempunyai impak. Impak bermaksud memberi kesan dan manfaat kepada kumpulan sasaran.
positive,"Beliau seorang yang bertanggungjawab dengan kenyataannya, malah beliau seorang yang mempunyai sikap tidak akan melarikan diri."
positive,"Namun akhirnya kami dijatuhkan hukuman penjara, mungkin ada baik dari beberapa segi, dan penangguhan diberikan"
positive,Kejayaan sekolah tahfiz melahirkan huffaz profesional adalah terpencil
negative,Kami lihat Proton telah lari daripada tujuan asal yang membawa kepada penubuhan Proton dulu
positive,telah menghubungi polis Macau untuk menjelaskan lebih lanjut mengenai maklumat khusus yang didapati tidak tepat itu.
positive,"Tunggu, rakyat akan lahirkan di PRU14, InsyaAllah, dalam sejarah MP dari PH Marang yang pertama"
negative,yang melabelnya sebagai zalim kerana hakikatnya beliau yang mewujudkan Akta Keselamatan Dalam Negeri (ISA) dan menahan beratus orang.
positive,ekonomi malaysia tidak boleh hanya digerakkan oleh kerajaan semata-mata tetapi perlu juga melibatkan pihak-pihak lain terutamanya sektor industri dan pakar-pakar tempatan di seluruh universiti di malaysia
positive,Ini membuktikan ahli dan penyokong masih melahirkan sokongan tidak berbelah bahagi buat parti ini dan bersemangat untuk berjuang pada PRU14 nanti
negative,Amaran awal telah dikeluarkan oleh BN jika mereka kalah tak akan ada parti yang akan menang
positive,"Tak kira siapa pun yang sertai Pas, golongan profesional atau tidak mesti akur kepada pimpinan, yang sertai Pas mesti yang betul-betul istiqamah dan akur kepada pimpinan ulama."
negative,"Bila kita minta, mereka akan tar yang mana melalui kawasan kampung Melayu, tapi bila sampai kampung Siam, mereka pusing balik"
positive,Jangan membiarkan rancangan bina sekolah ini dijadikan sebagai isu politik
positive,"Apabila kita lihat teknologi sekarang, ia adalah dunia tanpa sempadan yang memerlukan peruntukan undang-undang baharu untuk menangani pelbagai ancaman di media sosial."
positive,"Contohnya terhadap isu wanita dan keluarga antaranya melalui kewujudan akta jenayah seksual kanak-kanak, mahkamah jenayah seksual khas yang diwujudkan untuk beri fokus isu wanita dan kanak-kanak"
positive,"Justeru, pelaburan dalam perbelanjaan modal bagi mengurangkan impak banjir adalah jauh lebih murah dalam jangka panjang daripada tindakan pemulihan bagi membaiki infrastruktur"
negative,"semakin rendah jumlah pengundi melaksanakan tanggungjawab mereka untuk mengundi, semakin tidak jelas jumlah majoriti"
positive, Sekarang ini tempoh kita bersama mereka dipanjangkan kepada 36 minggu
positive,"Lebih membanggakan lagi, NHRAP yang dibangunkan ini adalah pelan yang komprehensif, dengan mengambil kira aspirasi rakyat dan berdasarkan acuan Malaysia,"
negative,salleh membidas tanggapan itu sambil menyatakan sekali ini ini adalah perbuatan yang tidak matang dan tidak bertanggungjawab oleh pembangkang semata-mata untuk mendapat pujian untuk diri sendiri
positive,Masih ada seribu cara untuk berkhidmat dan berbakti kepada rakyat
negative,Fitnah kini menjadi senjata ampuh para politikus demi meraih kuasa. Namun sebagai manusia yang waras kebenaran perlu dicari dan kita perlu faham siapa fitnah siapa.
positive,Rata-rata rakyat nampak ghairah mahu saya bertanding sebab sejak saya jadi wakil rakyat di sana. 
negative,"Malah jika kita lihat, bukan Umno sahaja yang merasa terancam, malah Ahli Parlimen Langkawi, Datuk Ir Nawawi Ahmad juga sudah mula cemas dan takut dengan kehadiran Tun Mahathir sehingga beliau mengeluarkan dakwaan-dakwaan tak masuk akal"
positive,agak selesa dengan kehidupannya di bandar kedua terbesar Sabah itu.
positive,"Ganti dan sebagainya, Insya Allah perkara itu saya pun tak boleh buat keputusan, tetapi saya akan bangkitkan perkara ini"
negative,usaha mengaburi mata dan perasaan orang Melayu
positive,Potensi maritim dan sumber laut ini adalah amat besar dan seharusnya dimanfaatkan untuk kepentingan kita bersama
positive,Tapi bila dapat sumbangan mesin dengan saiz lebih besar dari Yayasan Sejahtera sekitar lima hingga enam kilogram tepung dapat disediakan untuk menghasilkan 600 biji akok sehari
negative,perdana menteri britain theresa may pernah menyebut tentang kebimbangan dan cabaran tambahan yang didedahkan kepada anak muda oleh media sosial sementara menteri penjagaan kesihatan dan sosial jeremy hunt pernah memberi amaran kepada syarikat-syarikat media sosial bahawa mereka boleh dikenakan sekatan sekiranya tidak meningkatkan usaha mencegah aktiviti mesej lucah pembulian siber dan penindasan pengguna yang masih muda
positive,"Kalau masih ada masalah dengan Bersatu, datang bertemu dengan kita dan bukan gunakan cara berhimpun nak mendesak ROS batalkan kami"
negative,"Bagi saya ini adalah kenyataan yang tidak gentelman,"
positive,"Saya boleh berhenti bila-bila masa sebab jawatan ini dikuasai oleh perdana menteri, namun lima tahun ini saya dah buat kerja saya."
positive,Sekarang saya boleh berkempen untuk calon lain
positive,Jadi kita tidak boleh terlalu bergantung kepada angka pertumbuhan KDNK
negative,"Malah, caj ini tidak termasuk dalam resit pembeli dan ia menimbulkan tanda tanya ke mana perginya duit itu"
positive,Jangan diskriminasikan hak rakyat Pulau Pinang untuk mendapat bantuan tersebut
positive,SPR masih kekal dengan keputusan itu adalah wajib untuk semua pihak termasuk gabungan pembangkang PKR menghormatinya.
positive,"selain berusaha menyelesaikan isu dan kebajikan penduduk setempat, PKR akan turut menumpukan usaha bagi memenangi hati pengundi terutamanya kaum Melayu."
positive,Kita mesti bertindak sekarang untuk pastikan situasi bertambah baik sebelum melarat
positive,najib seronok umpama budak-budak dapat aiskrim apabila ekonomi negara pada suku kedua tahun ini tumbuh peratus dan agensi-agensi penarafan memberi markah yang baik kepada ekonomi malaysia
positive,Ikut prosedur.
positive,Sekarang pihak Risda nak berbincang untuk dikomersialkan
positive,Jumlah itu jelas menunjukkan negara ini mengalami ketidaksamaan yang besar antara kaya dan ‘Malaysia yang lain’
negative,Pelbagai dakwaan pembangkang terhadap pelaburan China di Malaysia yang dikatakan memberi kesan negatif terhadap negara hanya bertujuan mencetuskan kemarahan rakyat terhadap kerajaan
positive,Kami telah menerima permohonan untuk menjadikan flat perumahan sedia ada menjadi bilik darjah tingkatan enam dan kementerian telah meluluskan peruntukan RM15 juta bagi projek tersebut
positive,"Jadi, kami harap Kementerian Wilayah Persekutuan membuat promosi lebih banyak"
positive,aktiviti penyelidikan dan pembangunan rd perlu diberikan penekanan bagi membolehkan lebih banyak penciptaan produk-produk malaysia yang dapat dipasarkan di peringkat antarabangsa
positive,"Air yang nak dirawat ini mesti ada bekalan air mentah, air mentah ini datang dari empangan, empangan kita semua 100 peratus, jadi tiada isu bekalan air mentah tidak mencukupi"
positive,Saya memuji pendirian tegas beliau (Ungern-Stenberg) di atas isu ini selain menghargai usaha lestari Indonesia
positive,Ini juga menjelaskan kepada rakyat bahawa kita serius dalam kepimpinan di peringkat kebangsaan dan negeri.
negative,Keadaan ini menjadikan mereka sangat tidak selesa
negative,menegaskan agar generasi muda sedar bahawa pilihan raya bukan pentas untuk mengejar populariti atau membalas dendam atas isu-isu peribadi.
positive,Memperkasa wanita juga membawa maksud membangunkan kebebasan kewangan dan ekonomi kaum itu sekali gus mengeluarkan mereka daripada situasi hanya bergantung kepada orang lain
positive,"Alhamdullilah, cuaca baik dengan keadaan angin rendah juga memudahkan operasi memindahkan semua pelancong dan kakitangan"
negative,"Berbanding dengan negeri lain, pembangunan infrastruktur luar bandar masih lagi teruk"
positive,Saya perlu berlaku benar pada diri saya dan 11 nyawa yang meninggal dunia
positive,"Jaguh sukan lahir bukan sebab keturunan, ketokohan muncul dengan latihan berterusan. Jadi, ia perlu direncana secara berstruktur, tentu Kementerian Belia dan Sukan akan diberi peruntukan lebih besar kerana sukan bukan hanya untuk suka-suka"
negative,"Pakatan pembangkang jika berpeluang mentadbir negara, pasti akan menjadi kerajaan yang akan membalas dendam"
positive,beri peruntukan lagi bagi membangunkan industri berkenaan
negative,"Kalau dia (penjawat awam) tidak dapat kerja, dia tidak boleh dapat gaji."
positive,Itu satu perkara yang baik dan anda memerlukan pakatan untuk berbuat demikian. 
positive,"Rakyat hendaklah jelas dengan kuasa pengguna yang mereka miliki, bijak dalam membuat keputusan dan mengambil tindakan yang sewajarnya dalam situasi tertentu terutamanya apabila berhadapan dengan kes-kes penipuan dalam talian"
positive,"mengucapkan tahniah kepada semua calon yang terpilih, manakala bagi yang tidak terpilih inilah masanya untuk menunjukkan kesetiaan kepada parti dengan turun padang dan membantu memberi soko­ngan kepada calon di kawasan masing-masing"
positive,"Seperti kebanyakan negara lain, kami menghadapi pelbagai cabaran dan berjaya menguruskan transformasi bandar yang berkembang dengan rancak"
positive,"Kita tidak pernah lupa pada guru-guru KAFA ini dan kalau duit dapat, tak akan kita hendak simpan"
positive,"Menyentuh isu masalah sosial, mereka tidak pernah menimbulkan sebarang masalah kepada negara kita"
positive,menasihati calon untuk bekerja lebih keras dan teruskan usaha sebab dalam pilihan raya ini macam-macam boleh jadi.
negative,Pembangkang bersatu hanya untuk rebut jawatan
positive,"Saya percaya sebarang perbincangan antara 2 pihak ialah langkah yang sihat, kerana ia juga memperakui usaha mufti mendekati masyarakat transgender."
positive,Kita harus sama-sama menentukan agar berita palsu ini dapat kita atasi
positive,"Lama-kelamaan bila kita berikan masa sedikit, mereka akan compete sesama mereka. "
negative,bank dunia yang baru-baru ini memuji malaysia kini memberi amaran bahawa ekonomi malaysia sebenarnya semakin lemah
positive,"Sebelum mana-mana keputusan pelaburan dibuat, proses tadbir urus kami memerlukan semua cadangan yang tertakluk kepada penilaian risiko ketat dan kajian terperinci oleh pengurusan."
positive,"Kerajaan juga bersetuju melantik pihak berkecuali bersesuaian, antaranya dalam kalangan organisasi masyarakat sivil dan ahli akademik, bagi mengumpul serta menganalisis maklum balas awam diterima terhadap pelaksanaan NHRAP"
negative,perdana menteri telah memberitahu komuniti perniagaan amerika syarikat bahawa kempen untuk sengaja mensabotaj mdb dan melemahkan keyakinan pelabur terhadap ekonomi malaysia
positive,Pertama mereka boleh mengambil penumpang dari jalanan.
positive,"Sebagai contoh, kita boleh memerintah Kelantan selama 28 tahun dan dalam keadaan tersekat, peruntukan terhad, kerana tidak ada ketirisan"
positive,semoga ramai orang melayu yang telah mendapat faedah dari deb sedar tentang mustahaknya isu ini terus dihalusi dan dijadikan teras dasar awam di masa depan
positive,Apabila insiden itu berlaku saya lihat komitmen mereka untuk perbetulkan.
positive,Bas percuma pada hari mengundi
positive,Apa yang tersebar di media sosial ini seharusnya disiasat pihak berkaitan seperti Suruhanjaya Komunikasi dan Multimedia (MCMC) supaya ianya tidak menjadi satu perkara yang boleh menyebabkan provokasi kepada rakyat lebih-lebih lagi menjelangnya PRU14
positive,Saya percaya ini berita yang tidak tepat dan rakyat perlu berhati-hati daripada menerima perkara-perkara yang tidak ada kesahihan dan fakta yang tepat.
positive,Kita (Malaysia) juga tidak akan mengenetepikan isu keselamatan kerana kita bercakap mengenai pergerakan keluar masuk orang dan barangan antara Malaysia-Singapura
positive,"Sepatutnya Invoke perlu buat melalui Majlis Presiden, baru nampak selaras dan lebih baik dalam konteks persaingan dalam pimpinan PH."
positive,Ditambah dengan dasar-dasar yang dibuat termasuk dasar pembangunan 30 tahun turut menjadi pendorong kepada seluruh kepimpinan negeri memberi sokongan kepada beliau bagi membolehkan ia menjadi realiti
positive,Kita membuat keputusan itu selepas melakukan pemantauan harga di semua daerah seluruh negara sepanjang tahun lalu dan bulan lalu
positive,Kesedaran dan pelaporan orang awam melalui saluran yang sedia ada boleh mencegah kejadian ini daripada berulang serta keselamatan dan nyawa seorang kanak-kanak yang mempunyai masa depan tidak disia-siakan melalui perbuatan yang tidak bertanggungjawab
negative,Mereka nampaknya tidak tahu mengenainya
negative,"Jika gagal berbuat demikian, Kastam akan ketinggalan dan berada jauh di belakang golongan peniaga yang rakus mengaut keuntungan dan mengelak cukai"
positive,Jadi kali ini kita harap kaum India di situ memberi peluang kepada BN untuk memenangi dua kawasan itu supaya kebajikan mereka terjaga
negative,"Mereka merungut tentang kos sara hidup yang tinggi, GST dan isu-isu harian"
positive,menjadikan daerah itu pusat pengeluaran susu dan daging negara
negative,persoalannya apakah yang asean telah lakukan di bidang keselamatan boleh di lihat secara positif ataupun negatifdi sinilah kelemahan asean tiada negara asean yang ingin memainkan peranan kepimpinan termasuk indonesia
positive,Tentulah kerajaan perlu ambil kira keperluan sebenar dengan ambil kira pandangan dari pihak hospital sendiri
negative,najib dan para pendiayah beliau akan terus membuat tipu-helah tetapi sampai bila rakyat jelata akan terus menderitakalau naratif daripada institusi bebas macam bank negara pun tidak konsisten lagi sukarlah kita mempercayai bahawa perangkaan ekonomi kita adalah benar dan betul
negative,dan mainan persepsi politik ini dilihat bijak dimainkan oleh tun dr
positive,"Saya lihat Datuk Seri Najib, Perdana Menteri yang sangat peka dengan isu wanita"
positive,"Secara  keseluruhan, keputusan SPM 2017 menunjukkan peningkatan pencapaian calon"
positive,"Kita mengambil pengajaran daripada kejadian di Wang Kelian, Perlis pada 2015."
positive,"Ikut dan akurlah undang-undang SPR dan percaya SPR juga ikut dan akur dengan undang-undang. Kalau ada masalah parti, selesaikan masalah parti"
negative,pegangan ini dengan secara langsung telah mengenepikan isu pelanggaran myanmar sebagai negara anggota asean kepada piagam pbb dan undang-undang antarabangsa terhadap penggunaan kekerasan melampau dan genosid terhadap masyarakat rohingya
positive,"Jika mereka yakin dengan agenda yang saya bentangkan ini, saya harap mereka akan bersama kita untuk pastikan ia jadi kenyataan"
negative,Jauh di hati dia cukup cemburu dengan Amanah
positive,Pendaftaran dengan kerajaan penting supaya sekolah sentiasa dapat peraturan tatacara terkini kerajaan dari banyak aspek
negative,Lebih banyak helah menjelang pengundian
negative,Provokasi telah menghasilkan jawapan yang ditunggu oleh masyarakat Islam di negara ini yang semakin ramai memandang serong dan negatif terhadap sekolah tahfiz persendirian
positive,Sebanyak 80 peratus isu Felda yang ditawarkan dalam manifesto Harapan telahpun diselesaikan oleh lembaga terlibat dengan sebahagian lainnya dalam peringkat pelaksanaan.
positive,"Inisiatif Felda 2.0 adalah usaha kita untuk merapatkan jurang pendapatan antara luar bandar dengan bandar selain menjadikan komuniti Felda sebagai komuniti pintar dan lestari,"
positive,Jadi BN akan menang
positive,Jadi saya akan luluskan permintaan berkenaan
positive,"Demokrasi juga membuktikan kemampuannya memberi manfaat kepada banyak negara, termasuk membebaskan negara tertentu daripada penindasan."
positive,"Persefahaman bersama perlu bagi mana-mana organisasi untuk berfungsi, ROS mesti memainkan peranan juga"
positive,Cari kaedah yang terbaik untuk memperbaiki dan apabila kita cari kaedah terbaik maka lagi kurang aduan
negative,Perdana Menteri Najib  Razak sendiri telah mengeluarkan saman fitnah terhadap Ahli Parlimen Petaling Jaya Tony Pua kerana mengeluarkan fitnah terhadap beliau selain Naib Presiden PKR Rafizi Ramli yang disaman oleh Lembaga Tabung Angkatan Tentera (LTAT) atas fitnah yang dikeluarkannya berkaitan 1MDB.
positive,memberi khidmat terbaik kepada seluruh rakyat termasuk di kawasan luar bandar
positive,"Untuk kematian Denggi pula, sebanyak 26 kematian dicatatkan untuk tempoh sama, berbanding 45 kematian dilaporkan pada tahun 2017, penurunan sebanyak 19 kes (42.2 peratus)"
positive,rakan wartawan itu keliru kerana ada ahli ekonomi mendakwa ekonomi malaysia kukuh tetapi apa yang dirasakan oleh pengguna adalah sebaliknya
positive,Nanti saya yakin mereka akan membawa beg plastik sendiri untuk dapat 20 sen dan lama-lama akan jadi satu cara hidup bawa beg sendiri
positive,"terima kasih atas sumbangan yang begitu besar,"
negative,Jangan langgar peraturan SPR ketika mengundi
negative,dipercayai mempunyai hubungan rapat dengan ahli perniagaan Jho Low yang didakwa penyiasat sebagai dalang utama penipuan.
negative,yang membelakangkan pandangan kepimpinan negeri dan di peringkat cabang.
positive,"Klinik menyediakan rawatan asas, membabitkan rawatan penyakit ringan seperti demam, batuk, selesema selain prosedur rawatan cucian luka, ujian makmal ringkas seperti ujian glukos darah kapilari dan ujian air kencing menggunakan 'urine dipstick'"
negative,Saya mencabar tuan empunya suara dalam klip audio itu agar dapat tampil ke depan dan buat tuduhan secara terbuka
negative,hutang luar negarakita sering dimaklumkan oleh bank negara yang rizab antarabangsa kita tinggi sehingga mampu membiayai beberapa bulan import kekal
positive,"Sebenarnya, kita target semua kerusi di bawah Gagasan Sejahtera."
positive,"Semua parti bersedia membenarkan lambang mereka digunakan, kecuali jika JPPM bermurah hati…takut pada kami kerana mereka belum beri kelulusan"
negative,"Kita sedar, pembangunan industri masa kini berlandaskan ekonomi digital dan cabaran untuk menangani ancaman ini semakin sukar"
negative,boleh meminta maaf dengan ahli keluarga yang masih hidup sekiranya benar ada rasa bersalah.
negative,"Malah, dunia Barat mula mengkaji semula kebebasan bersuara dan kini menganggap maklumat dan berita palsu sebagai bukan kebebasan bersuara tetapi ancaman kepada demokrasi"
positive,Kita juga mohon KKM untuk mempertimbangkan bagi menambah pusat dialisis di Chemomoi kerana agak jauh untuk mereka datang ke Hospital Bentong
positive,Ini merupakan satu pengiktirafan kepada rancangan Malaysia dan kerjasama yang kukuh di kalangan agensi kerajaan dan MOSTI sangat komited ke arah persekitaran siber yang selamat bagi individu dan syarikat di Malaysia
negative,"Sebelum ini, kalau saya bawa pelancong di warungwarung, kedai makan atau tepi sungai, pasti penduduk akan jauhkan diri. "
negative,"keadaan bertukar kecoh ketika Tun Dr Mahathihr sedang berucap apabila Mohamed Hanipa yang berdiri paling kanan dalam barisan menteri dan timbalan menteri JPM, tiba-tiba jatuh daripada pentas."
positive,Kebanyakan mereka dari pengamatan dan penilaian saya adalah orang yang bijak pandai rata-ratanya namun mungkin sedikit terkeliru ataupun punyai gagasan pemikiran tersendiri yang jauh dari mana-mana pandangan agama khususnya Islam
positive,"Peluang hanya datang sekali sahaja seumur hidup bagi menyeimbangkan duniawi dan ukhrawi, bagi menjadi insan yang kamil dan aset kepada negara dan bukannya liabiliti"
positive,Rakyat Malaysia inginkan satu penyelesaian konkrit daripada kerajaan untuk mengatasi masalah ini.
positive,"Ia juga amat penting bagi UM untuk terus menambah baik dalam bidang kebolehgajian graduan, jaringan dan kerjasama dengan industri serta perkongsian strategik antarabangsa"
positive,ni bermakna melalui KR1M 2.0 semua peruncit yang menjalankan kerjasama memasarkan produk KR1M 2.0 akan menggunakan jenama asal produk seperti Nestle dan sebagainya dan tidak lagi menggunakan jenama selain jenama asal itu
positive,"Sekali gus, ini memberikan gambaran kepada masyarakat kita memiliki tenaga yang cukup untuk atur pentadbiran negeri ini"
positive,Kita akan mempromosi dan meningkatkan kesedaran masyarakat India mengenai kepentingan melabur dan menggunakan peluang ini sambil berharap semua 1.5 bilion unit amanah itu dapat dilanggan dalam tempoh enam bulan selepas pelancarannya
positive,ijangka ia akan selesaikan sepenuhnya masalah pencemaran yang sering berlaku sebelum ini
positive," Surat untuk tukar hak milik bersama Felda, tinggal nak daftar."
negative,mempertikai kenyataan media oleh polis berhubung permintaannya untuk mendapat bantuan bagi menangkap ahli perniagaan yang dikaitkan dengan skandal
positive,"Setakat ini kita dah luluskan, kita ada empat calon. "
negative,Ringgit jatuh dan dolar Singapura kini 3 kali ganda berbanding ringgit Malaysia
negative,telah menimbulkan pelbagai keraguan dalam kalangan ahli.
negative,"Saya dah penat, saya tak tahu, orang lain habaq pada saya, saya ikut cakap orang saja, orang lain boleh cakap macam tu saya pun ikut saja."
negative,GST tidak diperlukan.
positive,Bantahan kita itu akan dibuat dalam sidang media sebab ramai orang marah
positive,"Pada dasarnya, penting untuk majikan memastikan keseimbangan antara manfaat yang diingini pekerja dan manfaat yang ditawarkan supaya mampu mengekalkan dan menarik bakat"
positive,Kehadiran pemerhati asing pada PRU14 dialu-alukan 
negative,rakyat jelata disuruh beli di luar dengan janji dibayar balik kemudian nanti
positive,Acara ini juga akan diadakan di beberapa lokasi seluruh negara
positive,pasaran dapat terus bergerak bagi membolehkannya berkembang dengan berkesan serta memenuhi kehendak pertumbuhan ekonomi
positive,Ambil sahaja tindakan tarik balik sijil halal di hotel-hotel ini
positive,perubahan iklim politik dunia menyaksikan sistem demokrasi dan politik pilihan raya menjadi medium terbaik untuk memilih pemimpin
positive,Ini kerana perancangan yang telah kerajaan buat bagi mengurangkan impak terhadap rakyat
negative,Semua orang tahu kerjaaan sudah mencuba skim seperti ini dengan orang Melayu dan masih ada orang Melayu miskin
negative,yang ketara sekali negara-negara asean memiliki pendirian berbeza dan berlainan bagi menangani masalah seperti taufan haiyan di filipina ataupun nargis di myanmar
negative,beliau menganggap apa yang dilakukan oleh pihak berkuasa myanmar adalah kejam dan satu kempen berterusan untuk membersihkan kaum minoriti tersebut di rakhine
negative,Minta semua exco temasuk exco kita meluluskan peruntukan tetapi program ini tidak melibatkan exco kita.
negative,nampaknya kita sudah sampai ke peringkat di mana bukan sahaja kerajaan berhutang daripada china tetapi juga daripada rakyat jelata
positive,Inflasi dan pengangguran pada paras rendah
negative,"telah menukarkan tanah yang diwakafkan kepadanya, tanpa surat perjanjian, untuk membuka sekolah tahfiz kepada namanya."
positive,penjawat awam diingatkan supaya menjadi pengundi bertanggungjawab
positive,adalah wajar untuk asean dan masyarakat antarabangsa untuk tidak sahaja berpidato tetapi mengambil tindakan ke atas pihak pasukan keselamatan myanmar yang telah menyalahgunakan kuasa dan menggalakkan kebencian terhadap orang-orang rohingya dan minoriti lain
negative,tangan ghaib itu sangat bahaya kepada rakyat yang boleh memusnahkan masyarakat terutamanya orang Melayu .
positive,Pembentukan kabinet diperuntukkan bawah perlembagaan dan tiada pengasingan (berdasarkan kaum) yang boleh dilaksanakan
positive,Banyak tindakan telah diambil ke atas mereka yang membuat fitnah.
positive,"Keseluruhan peruntukan ini bukan untuk sekolah baharu saja, tapi juga untuk membina bangunan baharu, tambah bilik darjah dan sebagainya"
positive,"Kami dibantu dengan asas ekonomi yang kukuh, Program Transformasi Ekonomi yang kerajaan saya laksanakan pada tahun 2010 mewujudkan 2.26 juta peluang pekerjaan, yang mana satu juta daripada itu adalah pekerjaan berpendapatan tinggi"
positive,"namun kerja kuat dan calon yang menang, tentunya akan dipilih lagi."
negative,beberapa laporan kajian telah memberi amaran mengenai impak negatif media sosial terhadap kesihatan mental kanak-kanak
positive,Jasa dan pengorbanan mereka tidak ternilai kerana sentiasa terdedah dengan kecederaan serta risiko kehilangan nyawa setiap kali keluar ke tempat kecemasan dalam menyelamatkan nyawa dan harta benda orang awam
positive,Walaupun ‘janda’ banyak jugalah yang minat
negative,"Ini bukan masa sesuai, bukan lagi untuk kepentingan diri, lebih beri tumpuan kepada bos yang sepatutnya"
positive,"Mereka bertindak sebagai benteng kedua untuk memastikan kawasan belakang selamat,"
negative,"Setiap kelompok samada yang mempertahankan LGBT atau yang membantah ditambah lagi yang bermotifkan politik dengan sifat 'cuba, test, try' jelas terkelihatan pada hemat saya menduga antara satu sama lain tanpa memikirkan natijah tingkah mereka."
negative,"cuba mewujudkan persepsi dan mengundang simpati orang ramai untuk memberi sokongan kepadanya, terutama pengundi putih kerana beliau kelihatan tidak menghiraukan sangat pengundi atas pagar."
positive,Kita dapat selesaikan dua lagi projek pembangunan masjid di Bemban dan Tehel atas permintaan sejak tahun 2009 yang mana jumlah keseluruhan kedua-duanya menelan RM9.5 juta.
positive,"Tuan-tuan rahsia ini, yang kita mendapat pengundi-pengundi bonus, kita jangan cerita kat siapa pun"
positive,Ternyata penubuhan PNB telah berjaya meningkatkan tahap sosioekonomi terutamanya golongan bumiputera.
positive,Insya-Allah pada TN50  (Transformasi Nasional 2050) sasaran kerajaan sebanyak 60 peratus tenaga kerja kita memiliki diploma atau ijazah pertama
positive,Pencegahan adalah lebih baik daripada merawat bagi penyakit kanser
positive,namun apakah pendekatan asean pada hari ini telah berubah mengikut proses globalisasi dan transformasi yang berlaku dalam lanskap politik antarabangsaapakah kejayaan lepas asean dan pujian usang mampu mengatasi krisis baru dan membolehkan asean menggalas tanggungjawab dari perspektif kemanusiaan sejagat dan lanskap politik antarabangsaumum telah mengetahui kejayaan asean
negative,Bukan sahaja GST tidak diperlukan tetapi hutang juga tidak perlu dipinjam dengan begitu banyak. 
positive,"Kami akan menghantar anggota terbabit pada Mac ini, sekali gus membuat persiapan dengan memulakan latihan di sana"
negative,Ia satu yang tak boleh diterima
positive,"Kalau ramai tak undi, Umno/BN dapat kemenangan"
positive,"Syiah ini, (pemimpin mereka) tidak boleh dilantik selain daripada Ahlul Bait untuk jadi pemerintah, pemimpin"
positive,kerajaan bertanggungjawab dan sentiasa mempertahankan dan menggembangkan Islam serta menjaga kebajikan rakyat secara keseluruhan tanpa mengira latar belakang agama dan bangsa.
positive,"Ada beberapa teori yang muncul, ada pendapat mendakwa BN akan menang sebab pembangkang tidak bersatu"
negative,"Kegiatan gelap menggunakan propaganda menyebarkan sebarang maklumat, dalam bentuk berita palsu melalui media sosial untuk menghasut emosi negatif, membenci, mengelirukan, memecah belah dan menyebabkan ketidakharmonian dalam kalangan rakyat Malaysia adalah kerja perisik untuk memusnahkan negara kita."
positive,"Kita bawa pembangunan, bukan sahaja untuk Sabah tetapi ke seluruh Malaysia"
positive,Saya minta mereka baiki masalah itu sebelum bina apa-apa
negative,Masyarakat Cina tersinggung dakwaan pemimpin
positive,Ada juga anggota Parlimen Eropah yang simpati dan mahu mengekalkan hubungan perdagangan yang baik dengan negara pengeluar minyak sawit
negative,"sudah menjelajah seluruh negara untuk memberi ce­ramah dan penjelasan berhubung perkara 1MDB, selain membuat pelbagai kenyataan media bagi menjelaskan isu berbangkit."
positive,"Saya cabar pihak berkenaan untuk mengemukakan semua butiran terperinci, siapakah nama mereka dan nyatakan lokasi"
negative,"pasukan perlu membayar pampasan tiga bulan gaji kepada pemain yang mereka ingin gugurkan, dengan syarat penamatan kontrak dilakukan atas persetujuan kedua-dua pihak."
positive,"Saya berharap, pihak MAB  dapat memberi pertimbangan segera berhubung perkara ini dan mencari penyelesaian terbaik membantu komuniti nelayan tempatan untuk memasarkan hasil tangkapan mereka sebagai produk untuk dibawa pulang oleh pelancong di Labuan"
negative,"perlu membuang sikap 'bertanding semata-mata untuk bertanding', terutama bagi kerusi yang menjadi kubu kuat DAP"
positive,"Menjawab sindiran yang dilemparkan Lim kepada saya, saya ingin berkata 'Amithabha', saya gembira saya tidak mempunyai pensyarah seperti Lim."
positive,kerajaan mengembalikan wang itu kepada rakyat dengan pelbagai pendekatan
negative,tidak bersedia untuk menyampaikan ucapan 
positive,Oleh itu kami memperkenal skim khas bagi membanti pengedar dalam usaha menaik taraf kepada premis baharu
positive,Kita perlukan kerjasama semua pihak untuk meningkatkan kesedaran umum berhubung isu ini
negative,sanggup berbohong bagi menjayakan muslihat politik.
negative,"Harga barang naik, duit ubat lagi, memang saya rasa susahlah sekarang"
positive,Saya bagi tahu ini sebab saya mahu menanam keyakinan dalam diri
positive,"Sekiranya ejen tempat mengundi mendapati rupa seseorang pengundi itu mencurigakan, mereka boleh membuat bantahan serta-merta"
positive,"Apabila rancangan ini dilaksanakan, ditambah pula dengan rangkaian sistem kereta api yang bakal siap menjelang 2026, kita percaya masalah kesesakan dan kemalangan jalan raya dapat dikurangkan"
negative,Sebab berita palsu hari ini adalah satu virus yang boleh sebabkan semua orang terpengaruh dan terpesong
negative,Kita perlu berfikir dan bertindak secara matang serta tidak mengalah dengan tekanan emosi walaupun kadang-kadang ada perkara yang mungkin tidak dapat diselesaikan
positive,di timur tengah pun harga minyak petrol dinaikkan dan gst cukai barangan dan perkhidmatan dilaksanakan
negative,Bulan ada untuk sokong BN
positive,Jikalau tiada penyelesaian maka perbincangan kerusi ini mungkin akan dibuat di peringkat PH pusat
positive,"Saya mengesahkan 1MDB, berdasarkan rekod kami dan penyiasatan PAC, tidak pernah membayar walau satu sen pun kepada akaun peribadi perdana menteri"
positive,Memang faktor umur memberi kesan tapi umumnya saya sihat walaupun saya ada sakit jantung
negative,Kes belum selesai dan banyak lagi kes penyelewengan dan penyalahgunaan kuasa seumpama ini yang mengambil kesempatan daripada sentimen agama.
negative,Sebaliknya apa yang berlaku adalah gejala tsunami fitnah yang digerakkan oleh gabungan pembangkang.
positive,"Sekiranya seseorang guru mempunyai pengesahan perubatan mengalami masalah mental, JPN tidak boleh membiarkan guru itu bertugas sebaliknya guru itu perlu diberi cuti"
positive,"Warganegara Malaysia yang berdaftar sebagai pemilih dan termasuk dalam kategori Pengundi Pos Dalam Negara, boleh membuat permohonan undi pos mulai hari ini"
negative,"Ia menunjukkan sikap biadab dan tidak hormat, hanya kerana perbezaan politik"
negative,"Ada yang disembunyikan, dan itu yang dipercayai"
negative,tetapi akan berbalah sesama sendiri selepas mendapat jawatan diingini.
positive,Ia juga untuk mengelak pihak yang tidak bertanggungjawab mengambil kesempatan atas isu ini.
negative,Kita tahu Harapan berbohong kepada rakyat.
positive,(biar) yang keluar mengundi penyokong kita saja
positive,memuji tindakan parti politik termasuk pembangkang yang menjaga displin para penyokong sehingga tidak menimbulkan sebarang kekecohan dan kekacauan pada hari penamaan calon semalam.
positive,Saya harap semua pengusaha vape ikut peraturan dan undang-undang bagi mengelak tindakan diambil terhadap mereka
negative,ramai ahli parlimen telah menerima cemuhan dan cacian sementara artis seperti daisy ridley sam smith dan stephen fry adalah sebahagian daripada selebriti yang berhenti terus atau sementara daripada jaringan media sosial akibat cemuhan dalam talian
negative,Banyak anak-anak kita yang akan menjadi korban dan membuang masa di sekolah tahfiz persendirian yang masih di luar kawalan.
positive,begitu ramai penuntut malaysia yang miskin telah dibantu untuk belajar bukan setakat di dalam negara tetapi di luar negara sehingga mereka ini berjawatan tinggi pada masa sekarang
negative,"Bagaimanapun, ada kes di mana buli siber boleh memberi kesan pada mangsa seburuk atau lebih buruk daripada buli berdepan"
positive,ada juga veteran yang hadir dan mereka juga faham kenapa kita perlu pindah
negative,ahli akademik dan penganalisis politik Malaysia Bridget Welsh berkata PRU kali ini masih penuh dengan ketidaktentuan.
positive,"Kalaupun tidak terpilih, mereka menaruh harapan agar anak-anak pula dipilih sebagai calon bagi meneruskan legasi wakil rakyat di kawasan itu"
positive,Ini isu nasional yang memerlukan perhatian serius dan campur tangan daripada kerajaan serta semua pihak
negative,"menggesa orang ramai membuat aduan berkaitan PRU14 jika mereka mendapati wujud amalan seperti politik wang serta pembiayaan, pemberian dan dorongan memberi imbuhan kerana perkara itu tidak sepatutnya berlaku dalam pilihan raya di Malaysia."
positive,Kita akan selesaikannya sebelum pilihan raya umum
positive,"kerajaan BN yang stabil dan sederhana, atau Pakatan Harapan yang menjuarai zaman Mahathirisme!"
positive,Kepentingan pendidikan dan pemberdayaan generasi muda adalah penting
negative,tetapi seperti sang kelembai yang celopar mulutnya puja dan puji najib segera bertukar menjadi mimpi ngeri
negative,asean gagal memainkan peranan untuk mencari penyelesaian secara rantau walaupun piagam asean dan pbb membenarkan ia untuk berbuat demikian
positive,"Penting buat kita kerana pada PKR, kita sentiasa utamakan hak wanita"
negative,"Lebih menyedihkan, kanak-kanak yang kali terakhir bertemu ibunya pada Jun tahun lalu tidak pernah dihantar ke sekolah seperti murid lain termasuk Taman Bimbingan Kanak-kanak (Tabika) pada tahun lalu"
positive,Kita tak nafikan memang ada pembangunan seperti pembinaan hotel baharu sewaktu zaman Najib namun umum perlu tahu di Langkawi sudah jadi kelaziman bagi pembinaan seperti itu
negative,Banyak masa kempen terpaksa dihabiskan untuk menjawab isu sedemikian sehingga isu-isu pokok yang berkaitan dengan kebajikan rakyat tenggelam
negative,Saya benci dia ketika itu
positive,Jadi saya ingat perkara berkaitan dengan 1MDB ini kita tak perlu perhalusi kerana sudah jelas seperti yang saya umumkan tadi.
negative,"Berdasarkan sumber-sumber yang didapati daripada pembacaan dan pemerhatian, saya rasakan adalah tidak adil kepada rakyat yang mengundi apabila mereka dibiarkan tertanya-tanya akan permainan politik pihak pembangkang"
negative,ditubuhkan dengan dipengerusikan oleh bekas timbalan perdana menteri Datuk Seri Ahmad Zahid Hamidi ekoran beberapa tragedi buruk di sekolah tahfiz dan pendedahan kepincangan kelemahannya.
positive,Ini membuktikan Tuanku mengiktiraf peranan dan sumbangan kaum Cina di Johor.
positive,parti itu membuat semakan terhadap semua calon diketengahkan agar benar-benar bersih dari sebarang kes mahupun skandal.
positive,perbaiki sistem penyampaian pedalaman Sabah
positive,"Program ini menolak fahaman perbezaan kaum, bangsa, agama dan umur, malah ia memberi ruang kepada golongan autisme menjadi penyumbang penting dalam hasrat dan misi penubuhannya"
negative," Selain tanaman padi musnah, ada juga yang berdepan dengan keadaan rumah yang rosak atau kehilangan tempat tinggal."
positive,"Daripada menyokong inisiatif itu, mereka sebenarnya mahu memudahkan orang ramai menggunakan plastik"
positive,"Negara perlu dipastikan aman, barulah perancangan kerajaan ke arah pendidikan, kemudahan dan dasar dapat dilaksanakan dengan lancar"
positive,"Namun, Amanah optimis dalam soal ini, sekali gus yakin perubahan akan berlaku dalam PRU14 ini, masyarakat akan lakukan perubahan, dan tidak ketara saya katakan, Amanah bakal lakar kemenangan di parlimen ini"
positive,Kita harap dapat berkongsi maklumat dengan polis dan agensi kerajaan lain bagi memudahkan kita melakukan pelbagai program pendidikan
positive,"Sebagai rakyat Malaysia, perkara sebegini tidak sepatutnya berlaku"
positive,"Jika tiada penyelesaian, saya bersama semua pengadu akan mengadakan demonstrasi aman di hadapan ibu pejabat ROS"
negative,"Tiada tsunami Melayu, tetapi tsunami fitnah pembangkang"
negative,SPR nafi tak telus jalankan pilihan raya
positive,namun modus operandi memperkenalkan pakej rangsangan ekonomi tidak lagi sesuai kerana boleh meningkatkan defisit fiskal kerajaan
negative,"adalah sebagai parti nasionalis walaupun memperjuangkan agama tetapi ini bertukar kepada imej pelampau agama yang taksub, bengis dan ganas bila dipimpin oleh ulama."
positive,yang kerajaan perlu berhenti membantu adalah mereka yang sudah kaya-raya tetapi masih mengharapkan bantuan kerajaan dalam pelbagai bentuk
negative,"Hal ini bermakna pemilihan Umno akan ditangguhkan melebihi tempoh 18 bulan, keputusan penangguhan ini kononnya telah mendapat kelulusan ROS."
positive,Kita akan dapat atasi amalan kronisme dengan amalan ketelusan
positive,"Sehubungan itu, JPN sudah mengemukakan permohonan pengesahan status kewarganegaraan subjek dengan negara berkenaan dan akan menjalankan tindakan selanjutnya mengikut perundangan dan prosedur berkuat kuasa sebaik sahaja bukti diperoleh"
positive,"Jangan kerana dekat nak mengundi, semua bantuan diberikan kerajaan dilihat, dikatakan sebagai umpan sedangkan hakikatnya tidak begitu."
positive,Apa yang kita buat tak pernah melanggar apa yang ada dalam peraturan.
positive,Rakyat Malaysia sentiasa terpilih
positive,Ini bukan soal menghina sesiapa
positive,Mereka tak boleh terus-menerus naikkan harga barang sebab pengguna lebih bijak memilih barangan
positive,Begitu juga BN Jasin yang bekerja keras selepas kemenangan PRU13.
positive,Tahap demokrasi Malaysia tidaklah teruk seperti didakwa sesetengah pihak yang mengatakan demokrasi negara ini mati
positive,"Bukan sahaja perumahan, malah pemimpin tempatan juga banyak membantu saya dalam hal berkaitan pendidikan serta kebajikan anak-anak"
negative,Kami antara ahli ingin meluahkan rasa kurang senang atas beberapa isu terpendam selepas persidangan parti akhir tahun lalu.
negative,peringatan agendadaily tidak bertanggungjawab terhadap komentar yang diutarakan melalui laman sosial ini
negative,"Ada yang nampak boleh menang di peringkat awal sahaja, selepas bergelar wakil rakyat, bertukar menjadi wakil rakyat selalu hilang"
positive,"Tetapi kita percaya, undang -undang akan memastikan mereka yang bersalah di bawa ke muka pengadilan"
positive,"KR1M 2.0, Insya-ALLAH kekal dengan barang-barang yang boleh kita uruskan terus dari pengeluar, akan kita bincangkan agar harga di bawah pasaran dapat diteruskan"
negative,"Anehnya kerajaan ada pula duit untuk membiayai video berita palsu, iklan-iklan akhbar, poster dan propaganda  bagi menjatuhkan kerajaan negeri Pulau Pinang"
positive,kerana mereka ini menerima rawatan selepas mengharungi pengalaman yang getir itu.
negative,Ini adalah tidak benar kerana kebanyakannya tidak fasih berbahasa Melayu (bahasa kebangsaan) dan juga kurang boleh berkomunikasi serta menulis dengan baik
positive,"Pada masa sama, orang ramai berpeluang menyemak nama calon yang bertanding di bahagian pilihan raya masing-masing dan keputusan pilihan raya umum apabila diumumkan kelak."
positive,Sepatutnya kalau hendak bagi kenyataan biarlah senada dan seirama. 
negative,Sedangkan beliau adalah dalang yang menyebabkan kejatuhan ringgit yang memalukan sejak lima tahun lalu
positive,"Sebelum ini wujud pertikaian apabila ada orang tidak faham Islam mempertikaikannya (sumpah baiah talak tiga) sehingga timbul pelbagai masalah lain selain menyebabkan perceraian suami isteri, kita mahu mengelakkan semua ini"
positive,presiden ri joko widodo direncanakan hadir dalam konferensi tingkat tinggi apec yang akan dilaksanakan pada november di da nang vietnam
positive,Stadium Shah Alam pun kita akan serahkan balik kepada pasukan The Red Giants
negative,"Malah Presiden Pas sendiri, Datuk Seri Abdul Hadi Awang pernah kata saya ibarat mayat hidup tunggu nak tanam saja, saya telan semua cemuhan dengan sabar seperti pesanan kedua-dua Allahyarham ibu dan ayah"
positive,"Dalam hal ini, SPR telah mendapat jaminan daripada pihak Pos Malaysia berkaitan aspek keselamatan dan kerahsiaan dengan semua pengendalian penghantaran diklasifikasikan sebagaimana prosedur pos berdaftar menggunakan rangkaian Pos Laju"
positive,Negara kita bukan menggelongsor ke arah muflis dan tidak ada kemampuan
negative,Himpunan ini dibuat oleh tentera upahan yang selama ini berada dalam Bersatu yang selama ini tidak mempunyai keikhlasan menumbangkan Umno.
negative,kesal apabila ada pihak mempertikaikan tindakkanya memuat naik video di laman Instagram (IG) memaparkan dirinya tampil seksi dengan gaun ketat singkat dan tanpa lengan.
positive,Kami berharap dapat mengeksport durian ke Jepun
positive,Saya tetap bersama ahli-ahli Pas  dan cuba memahamkan mereka agar terus memberi sokongan kepada Pakatan Harapan
positive,rangsangan ini terus disuburkan apabila asean mempunyai seorang pemimpin bernama aung san suu kyi dari myanmar yang merperjuangkan hak asasi manusia dan telah mendapat pengiktirafan dunia yang menyebabkan beliau di anugerahkan nobel laureate
positive,"jika RM250 itu diberikan dalam bentuk baucar buku, ia meninggalkan implikasi yang baik terutama kepada industri dan penggiat buku"
positive,"Ini perlu difahami oleh pendokong LGBT dan seluruh warga Malaysia tak kira kaum atau agama, yang sewajarnya mengambil langkah secara beserdehana dan dalam konteks Malaysia sepertimana penulisan saya yang seringkali saya tekankan adalah keperluan memeluk erat asas penubuhan Malaysia iaitu Rukun Negara yang berteraskan Perlembagaan Persekutuan."
positive,Ia bagi mengekalkan perpaduan dalam kalangan masyarakat berbilang kaum dan agama di negara ini
negative,"Pembangkang anggap apabila kerajaan bersetuju, seolah-olah hari ini berjanji, esok telah siap"
positive,Hal ini kerana ada kemungkinan besar penyokong Pas akan mengundi Harapan.
positive,"Untuk fasa kedua yang akan dilaksanakan sepanjang tahun ini, sebanyak 612 pusat Tahfiz berdaftar bakal diselenggara secara keseluruhan termasuk dari segi piawaian pendawaian"
positive,"Jika Felda 1.0, kita menempa jaya, maka dengan Felda 2.0 ini, kita akan bersama melakar masa depan gemilang untuk berjaya dan terus berjaya, sampai ke puncaknya"
positive," Saya sangat berbangga, saya akan buat yang terbaik untuk melaksanakan agenda reformasi."
negative,tidak dapat menggunakan sepenuhnya hak mereka
positive,Walaupun semua itu takdir ALLAH namun usaha pencegahan kesedaran perlulah di tekankan kepada semua pelajar khususnya di pusat tahfiz
positive,"Bagaimanapun, siasatan perkara ini berjalan lancar dan kita akan lihat siapa badut serta sarkas dimaksudkan nanti"
positive,"Sehinggakan saya rasa ‘okay lah, sebab kamu pakar dan kamu kata kamu sedang menanganinya, saya tidak akan menyibuk’ dan saya buat keputusan untuk tumpu pada kerja saya"
positive,"Menurut tinjauan Institut Darul Ehsan (IDE), dalam konteks ini, BN mendapat peratusan yang lebih tinggi"
positive,Rapat raksasa akan diadakan pada sebelah malam di lokasi yang akan ditetapkan
negative,Saya dapati ada benda tak kena dan periuk nasi saya adalah dalam perundangan. 
negative,Amat bodoh sekali jika mereka harap rakyat kini akan mempercayai apa yang mereka katakan
positive,"Malah di Terengganu dalam tempoh satu penggal kita memerintah, mampu untuk mansuhkan tol dan menjana pendapatan negeri kerana tiada ketirisan berlaku"
positive,"Walaupun wujud begitu banyak kebimbangan dalam diri saya, tetapi saya yakin bahawa menyertai Bersatu ini adalah satu perkara yang perlu saya lakukan sekarang."
positive,Geely merupakan sebuah syarikat yang mempunyai kepentingan terbesar dalam Daimler.
negative,idak dibenarkan masuk ke pusat penamaan calon kerana kegagalan menunjukkan dokumen penting itu.
positive,"Kita bukan nak galakkan minum ketum, kita nak tanam untuk bawa daun ketum ke luar negara"
negative,"Sekarang ini harga getah jatuh, barang pun mahal, bila tanya kenapa naik harga, pekedai kata sebab minyak, sebab GST"
negative,Harga minyak dijanjikan BN pada PRU lepas juga telah berubah turun naiknya setiap minggu.
negative,Berita palsu bukan hanya melibatkan kerajaan sahaja
positive,Saya tidak mengketepikan isu ini begitu sahaja
negative,Pilihan raya penting tapi perlembagaan tak penting?
positive,"Rakyat Malaysia yang berfikiran waras akan ingat bagaimana Mahathir memulakan serangan berita palsu terhadap 1MDB, apabila menyatakan dengan salah bahawa 'RM42 bilion telah hilang', hanya untuk dibuktikan berulang kali bahawa kenyataan itu adalah salah"
negative,mahathir mohamad sebagai perdana menteri ketika itu mengecam tindakan penyanggak mata wang george soros yang menyebabkan banyak negara terbabit menjadi bankrap akibat ekonomi mereka runtuh
negative,"Mereka menerima kopi daripada orang yang tidak dikenali dan mempunyai simptom yang sama, nampaknya  semacam ada sindiket"
positive,"Oleh itu, kita tak mau ada orang bawa amalan politik benci sama sendiri, berdendam, bersangka buruk, tiada hala tuju dan celaru dalam masyarakat yang akhirnya berlaku perpecahan sesama kita dan permusuhan"
negative,Berkemungkinan besar seluruh Malaysia akan mempercayai berita palsu tersebut
positive,Ini bermakna bukan Malaysia yang menjemput Israel atau menyediakan platform untuk mereka datang.
positive,"Maka jelas disini, tidak kira apa agama atau anutan, Islam adalah sendi negara dan segala yang bercanggah dengan norma kesyumulan Islam adalah ditegah dan tiada tempat dalam negara tercinta ini."
positive,CRCC juga komited terhadap apa juga projek semasa atau masa depan mengikut jadual dan anggaran yang dipersetujui
positive,Daripada  awal kita memang tidak terlibat langsung dengan pelaksanaannya kerana kebanyakan pihak berkuasa  tempatan (PBT) mempunyai pasukan yang memang pakar.
positive,"Kita melihat ini adalah cadangan baik kerana berdasarkan prosedur kita juga, kanak-kanak itu boleh ditempatkan di setiap institusi kita berdasarkan perintah mahkamah yang diberikan namun ini adalah jalan akhir kepada penyelesaian berkenaan"
positive,"Ketahuilah bahawa asas pendidikan di negara ini adalah pendidikan percuma dan kerajaan tetap meneruskannya sebagai inisiatif mendahulukan rakyat, melainkan sumbangan tertentu mengikut keperluan sekolah"
negative,rakyat jelata berhutang kerana pendapatan kais pagi makan pagi dimakan pula oleh gst kejatuhan nilai ringgit dan inflasi
negative,1MDB ditubuhkan untuk melakukan projek khusus dan asalnya ia menggabungkan semua projek berkait janakuasa tenaga dan kemudian projek itu mengalami beberapa masalah dan memerlukan penstrukturan semula
negative,"Saya rasa, soalan disediakan telah memerangkap beliau."
positive,"Yang gelap menjadi terang dan yang kabur semakin  jelas. Hadirin puas hati dengan penjelasan beliau dan tanyalah apa sahaja soalan, beliau pasti menjawab dengan lancar. "
negative,MRT Corp amat bimbang dengan perkembangan ini kerana ia adalah kes serius membabitkan penyalahgunaan identiti MRT Corp dan nama pegawai kanan MRT Corp
positive,Pelancaran KR1M 2.0 di TMG Temerloh menandakan bahawa usaha untuk mengkaji semula dan melaksanakan penambah baikkan pada konsep KR1M telah berjaya dilaksanakan
positive,"Justeru, tiada sebarang pemindahan bon atau dana seumpamanya kepada mana-mana syarikat, pihak atau individu seperti yang dinyatakan di atas berlaku seperti yang didakwa"
negative,Lihat RM400 juta yang mungkin dirampas kerajaan Switzerland kerana ia adalah wang dikaitkan dengan 1MDB.
positive,Saya baru bincang dengan Suruhanjaya Sekuriti (SC) dan mereka memaklumkan nilai ringgit kita kukuh disebabkan harga minyak naik dan pengaliran dana serta ekuiti asing ke negara ini.
positive,"Kita mengimport banyak daging tetapi dalam kumpulan pelbagai daging lembu, daging Wagyu adalah seperti berlian"
positive,Dalam politik kita mempunyai perbezaan pandangan namun tidak ada langsungkah titik persamaan antara Pas dengan parti pembangkang iaitu menjatuhkan kerajaan BN yang gagal mentadbir negara dengan baik
positive,"Bagaimanapun, kita guna inisiatif dengan mengurus dan meminimumkan impak postif serta negatif untuk mengurangkan kadar ancaman"
positive,"Sepanjang program, Jabatan agama Islam Pahang antara terbaik dan banyak membantu golongan ini kembali ke pangkal jalan"
positive,Kita mahu pastikan negara ini tidak ditinggalkan ke belakang (daripada segi teknologi). Kita juga perlu sedar visi untuk status negara membangun diperkuatkan oleh kaedah inovasi
positive,"Tujuan di sebalik langkah itu adalah untuk mengagihkan dividen kepada pemegang saham, saham AirAsia di bawah nilai dan dengan menjual aset bukan terasnya, ia sebenarnya meningkatkan harga saham kami dan kami melihat ia berpotensi besar untuk meningkatkan pendapatan AirAsia, dan hari ini ia meningkat 22 sen"
positive,"Tetapi bila orang lain memerintah kita kata tak betul, tak benar, tak maju, tak patut"
negative,"Walaupun kita tidak mahu insiden seperti itu berlaku, namun jalan terbaik untuk mengatasinya adalah semua pihak sentiasa berjaga-jaga dan mengambil tahu akan semua risiko agar segalanya berjalan dengan aman sepanjang PRU-14.Semua ini penting bak kata pepatah Melayu 'sediakan payung sebelum hujan'."
positive,membina institusi-institusi Islam yang bertujuan membangunkan imej agama ini bukan saja di kalangan umat Islam tetapi juga bukan Islam di negara ini.
positive,Objektif utama kempen ini adalah menyasarkan agar tahap kesedaran pemilih terhadap kepentingan mengundi meningkat dan mencapai sasaran 85 peratus pengundi akan keluar mengundi pada PRU14
positive,"Kuncinya ialah strategi untuk memenanginya, bukan nisbah yang rigid"
positive,"Pada masa yang sama, kalau mereka berhijrah ke ‘e-hailing’ mereka boleh juga mengikut mana-mana syarikat yang ada di Malaysia ini tak kira Uber, Grab, mereka boleh manfaat dari situ menggunakan aplikasi (e-hailing)."
positive,Betapa besar dan dahsyat sekali ‘kecintaan’ mereka untuk terus berbakti sebagai wakil rakyat.
positive,"Kita hadkan 5,000 (unit) saham setiap individu supaya masyarakat India ini dapat pembelaan sewajarnya"
positive,"Selain daripada memberi nutrisi yang seimbang, susu dan kurma boleh membantu memberi tenaga sepanjang hari semasa Ramadan kepada yang berpuasa"
negative,"Apabila berlaku kenaikan gaji, para peniaga akan mengambil peluang untuk menaikkan harga barangan"
positive,"Kalau sudah takdir dia jadi calon, terimalah dan beri sokongan padu kepada pemimpin Umno dan BN"
positive,Mereka terlatih dalam bidang yang lebih tinggi di mana melayakkan mereka (apabila keluar) menjadi jurutera dan sebagainya
positive,Apa yang dipinjam kita akan dapat balik
positive,Tahun lepas kementerian menerima sebanyak RM3.87 bilion merupakan kedua terbesar
positive,"Pada masa sama, kita perlu mendidik pembeli mengurangkan penggunaan plastik."
negative,walaupun kenaikan peratus bunyinya banyak keadaan sebenar tidaklah sehebat mana
positive,Tidak timbul soal kami dibuli PAS. 
negative,Sentimennya ialah mereka sangat ingin menukar kerajaan sekarang.
negative,"Baki 7,000 lagi yang tidak bersama FELDA dengan menguruskan sendiri tanaman kelapa sawit dan daripada jumlah itu lebih 1,000 yang menyaman FELDA"
negative,media sosial telah dituduh menggalakkan aktiviti membuli memburukkan lagi kebimbangan imej badan punca masalah tidur serta perasaan seperti keresahan kemurungan dan kesunyian
positive,"berjanji untuk menyelesaikan isu royalti minyak, yang mana akan memberi Kelantan dana secukupnya untuk membangunkan infrastruktur."
positive,"Walaupun sesetengah bersyukur dengan bantuan diterima, lebih ramai percaya kerajaan patut buat lebih baik lagi."
positive,"Malah, siapa pun calon yang akan bertanding pada PRU-14 nanti, kita akan pastikan dia memperoleh kemenangan"
negative,Menyalahkan beberapa insiden malang dan mengambil langkah moratorium yang drastik untuk menghalang orang lain daripada mencari pekerjaan di Malaysia nampaknya bukan penyelesaian yang ideal
positive,"Sepatutnya kalau nak larang pekerja pakai tudung, mereka patut halang juga pelanggan pakai tudung makan di hotel itu"
positive,"Pastikan pilihan raya akan datang, semua rakan Felda menggambarkan kekuatan, menterjemahkan impian Tun (Abdul) Razak menjadi kenyataan kita bersama"
negative,satu kenyataan mengecam syarat tambahan SPR mengenai penggunaan bahan kempen sambil menyifatkan langkah melarang gambar sebagai tindakan terdesak
negative,Dong Zong adalah perwakilan puak-puak chauvinis dan oportunis yang cuba mengambil kesempatan dan tuntutan mereka boleh dilihat sebagai menangguk di air keruh memandangkan PRU14 sudah semakin hampir
negative,"Lepas ambil pendirian berhenti jadi ahli Pas saya rasa lapang banyak, rasa terlepas daripada beban untuk dianggap sebagai pengkhianat yang memberi tongkat kepada Umno-BN oleh rakyat."
positive,"Harga daging dan bahagian lain akan dijual lebih murah daripada harga pasaran antaranya hati, limpa dan tulang, akan dijual pada harga RM17 sekilogram berbanding RM20 hingga RM22 di pasaran"
negative,Firma itu berkata barangan kemas yang tidak dipilih akan dipulangkan.
positive,"Dengan STEM dijadikan sebagai keutamaan dalam pelan pendidikan Malaysia, pelan pelaksanaan STEM sedang dimuktamadkan oleh kerajaan bagi memastikan Malaysia bergerak seiring dengan perubahan teknologi semasa"
positive,Kita minta kerjasama kerajaan Selangor agar percepatkan pengambilan tanah seperti negeri lain. 
positive,Ini kerana Malaysia dibangunkan atas asas yang kukuh yang memelihara kemurnian agama Islam khususnya selaku agama persekutuan
negative,AGM yang diadakan tidak mengikut perlembagaan
negative,"Dong Zong mengharapkan sesuatu yang belum tentu, barang yang tersedia hendak dilepaskan"
positive,"sememangnya setiap dari kita punyai hak dari mengkritik atau mengecam sebegitu juga menyokong, dan seharusnya ini tidak menjadi pertikaian, kerana lumrah pemikiran 'canggih'."
positive,Pembinaan pasar tani kekal ini melibatkan kos sebanyak RM3.8 juta dan selepas ini peniaga pasar tani boleh berniaga dengan selesa di bawah bangunan kekal dan bukan lagi di bawah khemah
positive,Bahkan tidak ada sebab untuk kami minta maaf.
negative,matlamatnya bukan sekadar bertumpukan kepentingan ekonomi tetapi perlu merangkumi aspek seperti pendidikan katanya
positive,"Belia memainkan peranan penting membentuk masa depan, yang menyebabkan GMMF memperkenalkan inisiatif yang digerakkan bagi memperkasakan golongan belia melalui program nasional dan serantau"
negative,sewaktu mempertahankan laporan portal itu kerana gagal mengambil pertimbangan yang sewajar­nya menjadi syarat dalam prinsip kewartawanan.
negative,mengingatkan semua pihak agar mengkaji maklumat yang tersebar sebelum membuat rumusan bagi menghindari fitnah.
positive,Kami mahu bekerjasama dengan Asean ke arah rantau yang lebih stabil dan makmur
positive,"Jika kerajaan benar-benar mahu membantu kaum India, mereka patut membantu dari segi perumahan"
positive,Malaysia berada pada landasan terbaik bagi menjadi negara moden dan berjaya di peringkat antarabangsa.
negative,"Bagaimanapun, dalam kes 1MDB, di mana RM42 bilion atau selebihnya tidak diketahui"
positive,"Jika ada akta, kita dapat beri garis panduan mengelakkan masalah itu daripada berlaku termasuk definisi dan prosedur memproses aduan berkaitan gejala itu"
positive,"Saya memperoleh sumber bagi penulisan itu dengan banyak membaca setiap hari selain merujuk kepada akhbar, blog dan laman Facebook."
positive,Saya tidak lari dari Kluang.
negative,Beliau berkata demikian ketika diminta mengulas mengenai ucapan mantan menteri besar Kedah itu yang menuduh beliau seorang pemimpin yang suka lena.
positive,“Saya tinggalkan parti Pas tapi tidak ahli-ahlinya. 
positive,Saya juga telah berhubung dengan pihak Polis Persekutuan Australia (AFP) dan mereka mengesahkan tidak ada unsur jenayah tetapi transaksi kewangan yang dilakukan itu mempunyai had tertentu dan dia menggunakan pihak ketiga dalam urusan transaksi berkenaan
positive,Tapi itu tidak bermakna kita tidak mementingkan kualiti
positive,ramai pemerhati politik akademik dan diplomatik mengatakan bahawa pencapaian ini adalah kerana sikap dan prinsip menghormati kedaulatan tidak campur tangan dalam hal dalaman anggota serta jaminan tidak akan menggunakan kekerasan ketenteraan bagi menyelesaikan pertikaian di antara dan dalam kalangan negara ahli
negative,Mufti Perlis Mohd Asri Zainul Abidin (Maza) juga memberi amaran kepada rakyat supaya berhati-hati mengenai aktiviti Perlis Hope yang berkaitan dengan keganasan
positive,"Kami bersedia untuk berkongsi pengalaman dan pengetahuan dalam pembangunan ekonomi dan sosial dengan negara membangun lain, seperti melalui rangka Program Kerjasama Teknikal Malaysia (MTCP), yang telah menunjukkan kesediaan Malaysia berkongsi pengalaman pembangunannya dengan negara-negara Selatan-Selatan."
positive,Dia kini ditempatkan menerusi program Permata Pintar untuk terus digarap kecerdikannya dan dibimbing menjadi seorang ilmuwan dalam bidang berkenaan
positive,"Oleh itu, mudah-mudahan bantuan yang dihulurkan kerajaan ini dapat mengurangkan bebanan dan kesusahan yang terpaksa ditanggung"
positive,Media dan penganalisis politik melihat bahawa dengan bersandarkan keputusan dua pilihan raya ini jelas menyumbang kepada kelangsungan politik Umno dan BN untuk kekal sebagai parti pemerintah
positive,Bagaimana pun semua ini tidak akan memberikan rasa puas hati kepada saya dan akan terus bertekad untuk merancang pelbagai pembangunan pada masa akan datang demi memastikan masyarakat terus mendapat manfaat daripada apa yang dibangunkan nanti.
positive,Sangat baik.
positive,Tidak benar dakwaan pembangkang kononnya akta menyekat berita palsu bertujuan menekan pembangkang supaya lebih memanfaatkan kerajaan
positive,"Kita tak minta mereka bayar jumlah yang sama seperti kerajaan negeri bayar, cuma bayar RM500 sama seperti yang dibayar kepada mangsa-mangsa banjir yang lain"
positive,Dia berkata itu satu cabaran yang dia kena hadapi namun dia menghormati pilihan anaknya
negative,barometer kepercayaan edelman iaitu tinjauan tahunan ke- mendapati peratus daripada responden british bimbang syarikat-syarikat media sosial tidak dikawal selia secukupnya peratus bersetuju syarikat terbabit tidak berusaha sepenuhnya bagi mencegah pembulian dan peratus merasakan tidak banyak tindakan diambil untuk menghalang aktiviti haram mahupun tidak beretika dalam jaringan media sosial
negative,Ini antara laporan yang disahkan palsu yang disiarkan sejak parlimen dibubar sehingga ke hari penamaan calon.
positive,tiada apa lagi yang perlu ditunggu atau bukti yang diperlukan oleh asean
positive,memang banyak telah tercapai sejak deb dilancarkan seperti dalam pembasmian kemiskinan bagi meningkatkan hak milik bumiputera dan dalam hal meningkatkan tenaga mahir melayu dan bumiputera lain
negative,persoalannya apa lagi pembohongan malah perbuatan lebih ekstrem yang akan dilakukan
positive,menyediakan peruntukan bagi membaik pulih bangunan kuil serta membaik pulih dan menaik taraf Sekolah Jenis Kebangsaan Tamil
negative,"Masuk musim pilihan raya, tiada lagi gangguan 'orang minyak'"
negative,malah gaji dan upahan di sesetengah tempat seperti kuala lumpur dan pulau pinang tidak mencatatkan peningkatan
negative,awas gelombang fitnah
positive,Kita akan berhubung dengan pihak berkuasa Singapura hari ini bagi mengetahui benar atau tidak suspek adalah penguat kuasa di negara itu
positive,Kami sentiasa menyokong usaha memperkasa keusahawanan di kalangan usahawan wanita.
positive,begitu juga dengan masalah rasuah yang ketara dan lain-lainnya yang jauh dari tahap memuaskan
positive,Saya fikir ia kerana saya boleh nampak beliau betul-betul berusaha untuk membetulkan kesilapannya pada usia 92 tahun
positive,Kita hendak menentukan bahawa sebarang perkara berhubung keselamatan negara dan perkara yang boleh menjejaskan hubungan kaum hasil daripada penularan berita palsu ini (tidak berlaku)
positive,"Berdasarkan pemantauan sebelum ini, kebanyakkannya berada dalam keadaan memuaskan memandangkan mereka berdaftar dengan Jabatan Agama Islam Negeri Perlis (JAIPs)"
positive,Ia sudah selesai dan kita pastikan tugas dan tanggungjawab SPRM dijalankan dengan baik dan tidak terjejas
positive,Kita (MADACorp) memandang serius keluhan petani berhubung masalah padi angin ini
positive,Teknologi ketika ini semakin banyak berubah dan senapang patah telah 'dikunci' bagi mengelak kes tertembak berlaku
positive,"Bukan mahu menidakkan kemampuan lawan, tetapi inilah perjuangan kita dalam menentukan kesejahteraan rakyat dan mempertahankannya sehingga generasi akan datang."
positive,"Calon boleh menang dengan syarat tidak ada ‘peteh keting’, tidak ada musuh dalam selimut dan tidak ada gunting dalam lipatan."
positive,"Malah, latihan itu dijadikan sebagai satu penanda aras dalam menyemak dan mengemaskini prosedur operasi standard (SOP) jabatan dan agensi terbabit"
negative,"Haram mengundi, haram menyokong, haram membantu dan banyak-banyak benda haram itu kesimpulannya haram jadah"
positive,"Sama juga dengan isu pengacau, memang kita lawan Umno sejak dulu lagi"
negative,Sangat tidak berbaloi apa yang beliau buat
positive,Sebab itu kita nak ambil balik tanah
negative,"Harga naik, jadi jumlah keseluruhan, jumlah jualan tidak benar-benar naik, ada negatif (pertumbuhan)"
positive,"Apabila undi berpecah antara dua pakatan pembangkang, sudah tentu ia memberi kelebihan kepada BN"
negative,tiupan sumbang trompet beliau itu berlaku pada saat-saat kehidupan rakyat jelata semakin terhimpit dan petanda-petanda harian menunjukkan ekonomi negara semakin meruncing dan kewangan kerajaan semakin longlai
negative,"Zaman saya dulu sekolah beratapkan daun nipah, lantai tanah, dinding buluh atau kayu dan bangku kayu panjang."
negative,"Selepas 1999, sudah jadi tabiat untuk tidak mengundi BN kerana saya masih marah dengan kerajaan"
positive,Ibu bapa juga perlu muhasabah dan memperbaiki diri kerana mungkin ada kesilapan sendiri yang menyebabkan anak-anak bermasalah
negative,Janganlah musnahkan semua itu hanya disebabkan mainan­ politik satu kelompok yang me­nghalalkan segala cara semata-mata mahu berkuasa.
positive,"Kalau benar-benar mahu berpolitik, maka, inilah masanya"
positive,"Ketepikanlah perasaan bengis, kalau kita tegur bukan kita hina. "
negative,pengecut dan tidak datang sewaktu sesi soal jawab yang saya sendiri pergi ke pejabat
positive,"Sekiranya pembiayaan ini mendapat sambutan yang tinggi, Bank Rakyat tidak menolak kemungkinan untuk menambah lagi jumlah peruntukan"
positive,memastikan kepatuhan terhadap tatacara pengendalian pesakit dipatuhi sepenuhnya.
negative,"Habis belajar perlu tampung pinjaman pendidikan, dan ada yang mahu mohon pinjaman untuk beli kereta dan rumah"
positive,Apa yang penting ialah bekerja..semua jentera bekerja tanpa penat dan jemu
positive,Kita perlu realistik
negative,"Polemik terkini yang tular adalah berkaitan kemungkinan pihak tertentu mengetahui siapa yang mengundi parti yang mana, sedangkan undi adalah rahsia dan pengundi mempunyai kebebasan memilih."
negative,sebagai pengecut kerana menghentamnya dan syarikat pelaburan tersebut sekadar menerusi penulisan artikel tanpa mendapatkan penjelasan secara bersemuka.
positive,Mantra 'Malaysia akan bankrap” dicanangkan selama bertahun-tahun tetapi apa yang berlaku sebenarnya adalah pertumbuhan ekonomi bertambah kukuh
negative,"Melalui medium ini, gabungan LGBT ini mula berhubung dan berkembang"
positive,Kita optimis kemajuan pembinaan PIC akan mencapai 98 peratus menjelang akhir tahun ini dengan sumber tenaga kerja yang berada pada kemuncaknya ketika ini
negative,"Hingga ke hari ini, kita tidak diberi penjelasan sebenar bagaimana kecurian ini berlaku"
positive,"Saya percaya mereka hadir bukan kerana jamuan dan sebagainya, sebaliknya mereka hendak bersama kita."
negative,Ia jelas menunjukkan ekonomi negara mewujudkan pekerjaan kemahiran rendah pada kadar lebih cepat daripada pekerjaan kemahiran tinggi dan kita menghadapi kelompongan dalam pekerjaan kemahiran pertengahan
negative,Calon gabungan pembangkang hilang kelayakan
negative,Itu tidak adil
positive,Terdapat pelbagai parti politik komponen  BN yang menyumbang ke arah apa yang perlu dimasukkan ke dalam  manifesto itu.
negative,Kerajaan Selangor tidak mempunyai kredibiliti untuk beri jaminan negeri itu bebas rasuah kerana sistemnya tidak mendapat akreditasi piawaian antarabangsa
negative,"Memang berlaku kegagalan dalam syarikat itu, ada kesilapan kerajaan"
positive,Malah mereka mahu melihat Jho Low diambil tindakan sekiranya benar penglibatan beliau mencuri duit 1MDB mengikut undang-undang negara
positive,"Seperti yang diumumkan dalam Bajet 2018, sebanyak RM3.9 bilion disediakan untuk subsidi barang dan pengangkutan seperti gas memasak, tepung, minyak masak, dan banyak lagi"
negative,"Beliau seolah-olah tidak memahami kuliah saya dengan betul, pastinya beliau akan kandas dalam peperiksaannya"
positive,Kami dapat sahkan kedua-dua pihak sudah perolehi keputusan secara baik dan sulit.
positive,Tujuan kami menyertai parti ini kerana kami merasakan parti ini mempunyai kepimpinan yang jujur serta amanah
negative,"Antara taktik berkenaan ialah dengan bersikap baik terhadap kanak-kanak, sering memujinya, memberi hadiah serta menyakinkan mereka bahawa perlakuan seksual adalah sesuatu yang biasa dalam sesuatu perhubungan"
positive,Jelas pembangkang buat tuduhan untuk mengelirukan rakyat dan pengundi
positive,demokrasi adalah kuasa rakyat di mana pegawai kerajaan dan mahasiswa juga adalah kuasa rakyat.
positive,"Selain dapat menyelesaikan isu beg berat, penggunaan buku teks digital dapat menjadikan pelajar lebih berinteraktif"
positive,Hospital Langkawi buat masa ini hanya dapat menampung 110 katil pesakit manakala kadar penggunaan katil hampir  mencecah 90 peratus
positive,"Jika sebelum ini kita selesa bergerak dalam ‘gear’ satu dan dua, tapi menjelang 60 hari PRU14, saya harap jentera Pas beralih kepada ‘gear’ empat dan ‘lima’."
